,extracted_organism_name,extracted_compound_name,accepted_name,accepted_name_w_author,InChIKey_simp,refDOI,pairs
1,prunus africana,vanillin,Prunus africana,Prunus africana (Hook.f.) Kalkman,MWOOGOJBHIARFG,10.21010/ajtcam.v13i4.15,Prunus africana_MWOOGOJBHIARFG
2,prunus africana,stigmasterol,Prunus africana,Prunus africana (Hook.f.) Kalkman,HCXVJBMSMIARIN,10.21010/ajtcam.v13i4.15,Prunus africana_HCXVJBMSMIARIN
4,prunus africana,α-tocopherol,Prunus africana,Prunus africana (Hook.f.) Kalkman,GVJHHUAWPYXKBD,10.21010/ajtcam.v13i4.15,Prunus africana_GVJHHUAWPYXKBD
5,prunus africana,α-amyrin,Prunus africana,Prunus africana (Hook.f.) Kalkman,FSLPMRQHCOLESF,10.21010/ajtcam.v13i4.15,Prunus africana_FSLPMRQHCOLESF
6,prunus africana,β-amyrin,Prunus africana,Prunus africana (Hook.f.) Kalkman,JFSHUTJDVKUMTJ,10.21010/ajtcam.v13i4.15,Prunus africana_JFSHUTJDVKUMTJ
7,prunus africana,squalene,Prunus africana,Prunus africana (Hook.f.) Kalkman,YYGNTYWPHWGJRM,10.21010/ajtcam.v13i4.15,Prunus africana_YYGNTYWPHWGJRM
8,prunus africana,phytol,Prunus africana,Prunus africana (Hook.f.) Kalkman,BOTWFXYSPFMFNR,10.21010/ajtcam.v13i4.15,Prunus africana_BOTWFXYSPFMFNR
9,prunus africana,nicotinic acid,Prunus africana,Prunus africana (Hook.f.) Kalkman,PVNIIMVLHYAWGP,10.21010/ajtcam.v13i4.15,Prunus africana_PVNIIMVLHYAWGP
10,prunus africana,benzenedicarboxylic acid,Prunus africana,Prunus africana (Hook.f.) Kalkman,XNGIFLGASWRNHJ,10.21010/ajtcam.v13i4.15,Prunus africana_XNGIFLGASWRNHJ
11,centaurium,rutin,Centaurium,Centaurium Hill,IKGXIBQEEMLURG,10.1016/j.phytochem.2017.04.005,Centaurium_IKGXIBQEEMLURG
12,centaurium,quinic acid,Centaurium,Centaurium Hill,AAWZDTNXLSGCEK,10.1016/j.phytochem.2017.04.005,Centaurium_AAWZDTNXLSGCEK
13,centaurium,swertiamarin,Centaurium,Centaurium Hill,HEYZWPRKKUGDCR,10.1016/j.phytochem.2017.04.005,Centaurium_HEYZWPRKKUGDCR
14,centaurium,apigenin,Centaurium,Centaurium Hill,KZNIFHPLKGYRTM,10.1016/j.phytochem.2017.04.005,Centaurium_KZNIFHPLKGYRTM
15,centaurium,sweroside,Centaurium,Centaurium Hill,VSJGJMKGNMDJCI,10.1016/j.phytochem.2017.04.005,Centaurium_VSJGJMKGNMDJCI
16,centaurium,eustomin,Centaurium,Centaurium Hill,SVEPSJMWTARFFE,10.1016/j.phytochem.2017.04.005,Centaurium_SVEPSJMWTARFFE
17,centaurium,naringenin,Centaurium,Centaurium Hill,FTVWIRXFELQLPI,10.1016/j.phytochem.2017.04.005,Centaurium_FTVWIRXFELQLPI
18,centaurium,kaempferol,Centaurium,Centaurium Hill,IYRMWMYZSQPJKC,10.1016/j.phytochem.2017.04.005,Centaurium_IYRMWMYZSQPJKC
19,centaurium,caffeic acid,Centaurium,Centaurium Hill,QAIPRVGONGVQAS,10.1016/j.phytochem.2017.04.005,Centaurium_QAIPRVGONGVQAS
20,centaurium,quercetin,Centaurium,Centaurium Hill,REFJWTPEDVJJIY,10.1016/j.phytochem.2017.04.005,Centaurium_REFJWTPEDVJJIY
21,centaurium,isoquercitrin,Centaurium,Centaurium Hill,OPJZLUXFQFQYAI,10.1016/j.phytochem.2017.04.005,Centaurium_OPJZLUXFQFQYAI
22,centaurium,methylbellidifolin,Centaurium,Centaurium Hill,GNSHHHWDGOHNPC,10.1016/j.phytochem.2017.04.005,Centaurium_GNSHHHWDGOHNPC
23,centaurium,demethyleustomin,Centaurium,Centaurium Hill,PFIUFQOJAPBLTQ,10.1016/j.phytochem.2017.04.005,Centaurium_PFIUFQOJAPBLTQ
24,centaurium,p-coumaric acid,Centaurium,Centaurium Hill,NGSWKAQJJWESNS,10.1016/j.phytochem.2017.04.005,Centaurium_NGSWKAQJJWESNS
25,centaurium,decussatin,Centaurium,Centaurium Hill,VYRIGRQQKUZPEX,10.1016/j.phytochem.2017.04.005,Centaurium_VYRIGRQQKUZPEX
26,centaurium,astragalin,Centaurium,Centaurium Hill,JPUKWEQWGBDDQB,10.1016/j.phytochem.2017.04.005,Centaurium_JPUKWEQWGBDDQB
27,centaurium,gentiopicrin,Centaurium,Centaurium Hill,DUAGQYUORDTXOR,10.1016/j.phytochem.2017.04.005,Centaurium_DUAGQYUORDTXOR
28,centaurium,sinapic acid,Centaurium,Centaurium Hill,PCMORTLOPMLEFB,10.1016/j.phytochem.2017.04.005,Centaurium_PCMORTLOPMLEFB
30,tamarindus indica l,hordenine,Tamarindus indica,Tamarindus indica L.,KUBCEEMXQZUPDQ,10.1021/bk-2009-1021.ch005,Tamarindus indica_KUBCEEMXQZUPDQ
46,cichorium intybus l,"3,4-dicaffeoylquinic acid",Cichorium intybus,Cichorium intybus L.,UFCLZKMFXSILNL,10.1155/2013/579319,Cichorium intybus_UFCLZKMFXSILNL
51,cichorium intybus l,malic acid,Cichorium intybus,Cichorium intybus L.,BJEPYKJPYRNKOW,10.1155/2013/579319,Cichorium intybus_BJEPYKJPYRNKOW
53,cichorium intybus l,oxalic acid,Cichorium intybus,Cichorium intybus L.,MUBZPKHOEPUJKR,10.1155/2013/579319,Cichorium intybus_MUBZPKHOEPUJKR
55,cichorium intybus l,"4,5-dicaffeoylquinic acid",Cichorium intybus,Cichorium intybus L.,UFCLZKMFXSILNL,10.1155/2013/579319,Cichorium intybus_UFCLZKMFXSILNL
59,cichorium intybus l,cyanidin-3-o-glucoside,Cichorium intybus,Cichorium intybus L.,YTMNONATNXDQJF,10.1155/2013/579319,Cichorium intybus_YTMNONATNXDQJF
64,cichorium intybus l,"1,4-dicaffeoylquinic acid",Cichorium intybus,Cichorium intybus L.,IYXQRCXQQWUFQV,10.1155/2013/579319,Cichorium intybus_IYXQRCXQQWUFQV
69,cichorium intybus l,4-caffeoylquinic acid,Cichorium intybus,Cichorium intybus L.,GYFFKZTYYAFCTR,10.1155/2013/579319,Cichorium intybus_GYFFKZTYYAFCTR
72,cichorium intybus l,kaempferol-7-o-glucoside,Cichorium intybus,Cichorium intybus L.,YPWHZCPMOQGCDQ,10.1155/2013/579319,Cichorium intybus_YPWHZCPMOQGCDQ
74,cichorium intybus l,"1,3-dicaffeoylquinic acid",Cichorium intybus,Cichorium intybus L.,YDDUMTOHNYZQPO,10.1155/2013/579319,Cichorium intybus_YDDUMTOHNYZQPO
78,cichorium intybus l,apigenin-7-o-glucoside,Cichorium intybus,Cichorium intybus L.,KMOUJOKENFFTPU,10.1155/2013/579319,Cichorium intybus_KMOUJOKENFFTPU
80,cichorium intybus l,shikimic acid,Cichorium intybus,Cichorium intybus L.,JXOHGGNKMLTUBP,10.1155/2013/579319,Cichorium intybus_JXOHGGNKMLTUBP
86,cichorium intybus l,artesin,Cichorium intybus,Cichorium intybus L.,BLUAFEHZUWYNDE,10.1155/2013/579319,Cichorium intybus_BLUAFEHZUWYNDE
87,cichorium intybus l,quinic acid,Cichorium intybus,Cichorium intybus L.,AAWZDTNXLSGCEK,10.1155/2013/579319,Cichorium intybus_AAWZDTNXLSGCEK
88,cichorium intybus l,kaempferol-3-o-sophoroside,Cichorium intybus,Cichorium intybus L.,LKZDFKLGDGSGEO,10.1155/2013/579319,Cichorium intybus_LKZDFKLGDGSGEO
90,cichorium intybus l,succinic acid,Cichorium intybus,Cichorium intybus L.,KDYFGRWQOYBRFD,10.1155/2013/579319,Cichorium intybus_KDYFGRWQOYBRFD
91,cichorium intybus l,cyanidin,Cichorium intybus,Cichorium intybus L.,VEVZSMAEJFVWIL,10.1155/2013/579319,Cichorium intybus_VEVZSMAEJFVWIL
94,cichorium intybus l,4-o-feruloylquinic acid,Cichorium intybus,Cichorium intybus L.,VTMFDSJJVNQXLT,10.1155/2013/579319,Cichorium intybus_VTMFDSJJVNQXLT
99,cichorium intybus l,cyanidin-3-o-galactoside,Cichorium intybus,Cichorium intybus L.,YTMNONATNXDQJF,10.1155/2013/579319,Cichorium intybus_YTMNONATNXDQJF
100,cichorium intybus l,"delphinidin 3,5-di-o-β-d-glucoside",Cichorium intybus,Cichorium intybus L.,ZQMDJECDLYTUCE,10.1155/2013/579319,Cichorium intybus_ZQMDJECDLYTUCE
109,isatis tinctoria l,isatan a,Isatis tinctoria,Isatis tinctoria L.,HZZHOGRFRUCYQW,10.3390/plants9030298,Isatis tinctoria_HZZHOGRFRUCYQW
119,zanthoxylum chalybeum engl,β-phellandrene,Zanthoxylum chalybeum,Zanthoxylum chalybeum Engl.,LFJQCDVYDGGFCH,10.4102/jomped.v7i1.202,Zanthoxylum chalybeum_LFJQCDVYDGGFCH
121,zanthoxylum chalybeum engl,"6-benzo (1, 3) dioxol-5-yl-hexa-2,5 dienoic acid isobutylamide",Zanthoxylum chalybeum,Zanthoxylum chalybeum Engl.,SCSJJEHGLLDVAG,10.4102/jomped.v7i1.202,Zanthoxylum chalybeum_SCSJJEHGLLDVAG
122,zanthoxylum chalybeum engl,n-methylcorydine,Zanthoxylum chalybeum,Zanthoxylum chalybeum Engl.,CUVLJVFGKZBMSJ,10.4102/jomped.v7i1.202,Zanthoxylum chalybeum_CUVLJVFGKZBMSJ
123,zanthoxylum chalybeum engl,20-hydroxy-3-oxo-28-lupanoic acid,Zanthoxylum chalybeum,Zanthoxylum chalybeum Engl.,OWUOWYKFORUAIE,10.4102/jomped.v7i1.202,Zanthoxylum chalybeum_OWUOWYKFORUAIE
124,zanthoxylum chalybeum engl,fagaramide,Zanthoxylum chalybeum,Zanthoxylum chalybeum Engl.,WKWYNAMJWDRHBP,10.4102/jomped.v7i1.202,Zanthoxylum chalybeum_WKWYNAMJWDRHBP
126,zanthoxylum chalybeum engl,norchelerythrine,Zanthoxylum chalybeum,Zanthoxylum chalybeum Engl.,JGUNQXPMULKFNY,10.4102/jomped.v7i1.202,Zanthoxylum chalybeum_JGUNQXPMULKFNY
129,zanthoxylum chalybeum engl,lupanone,Zanthoxylum chalybeum,Zanthoxylum chalybeum Engl.,NLTVGCSJCAMTNB,10.4102/jomped.v7i1.202,Zanthoxylum chalybeum_NLTVGCSJCAMTNB
130,zanthoxylum chalybeum engl,cis-β-terpineol,Zanthoxylum chalybeum,Zanthoxylum chalybeum Engl.,RUJPNZNXGCHGID,10.4102/jomped.v7i1.202,Zanthoxylum chalybeum_RUJPNZNXGCHGID
138,zanthoxylum chalybeum engl,decanal,Zanthoxylum chalybeum,Zanthoxylum chalybeum Engl.,KSMVZQYAVGTKIV,10.4102/jomped.v7i1.202,Zanthoxylum chalybeum_KSMVZQYAVGTKIV
140,zanthoxylum chalybeum engl,6-acetonyldihydrochelerythrine,Zanthoxylum chalybeum,Zanthoxylum chalybeum Engl.,VGTQLFWIJIABSU,10.4102/jomped.v7i1.202,Zanthoxylum chalybeum_VGTQLFWIJIABSU
141,zanthoxylum chalybeum engl,lupeol,Zanthoxylum chalybeum,Zanthoxylum chalybeum Engl.,MQYXUWHLBZFQQO,10.4102/jomped.v7i1.202,Zanthoxylum chalybeum_MQYXUWHLBZFQQO
147,zanthoxylum chalybeum engl,trans-fagaramide,Zanthoxylum chalybeum,Zanthoxylum chalybeum Engl.,WKWYNAMJWDRHBP,10.4102/jomped.v7i1.202,Zanthoxylum chalybeum_WKWYNAMJWDRHBP
150,zanthoxylum chalybeum engl,berberine,Zanthoxylum chalybeum,Zanthoxylum chalybeum Engl.,YBHILYKTIRIUTE,10.4102/jomped.v7i1.202,Zanthoxylum chalybeum_YBHILYKTIRIUTE
151,zanthoxylum chalybeum engl,candicine,Zanthoxylum chalybeum,Zanthoxylum chalybeum Engl.,PTOJXIKSKSASRB,10.4102/jomped.v7i1.202,Zanthoxylum chalybeum_PTOJXIKSKSASRB
152,zanthoxylum chalybeum engl,trans-p-menth-2-en-1-ol,Zanthoxylum chalybeum,Zanthoxylum chalybeum Engl.,IZXYHAXVIZHGJV,10.4102/jomped.v7i1.202,Zanthoxylum chalybeum_IZXYHAXVIZHGJV
153,zanthoxylum chalybeum engl,cis-β-ocimene,Zanthoxylum chalybeum,Zanthoxylum chalybeum Engl.,IHPKGUQCSIINRJ,10.4102/jomped.v7i1.202,Zanthoxylum chalybeum_IHPKGUQCSIINRJ
158,verbascum songaricum schrenk,songarosaponin c,Verbascum songaricum,Verbascum songaricum Schrenk ex Fisch. & C.A.Mey.,QCTOOMMAXGMSIZ,10.3390/plants9091066,Verbascum songaricum_QCTOOMMAXGMSIZ
160,verbascum songaricum schrenk,verbascoside,Verbascum songaricum,Verbascum songaricum Schrenk ex Fisch. & C.A.Mey.,FBSKJMQYURKNSU,10.3390/plants9091066,Verbascum songaricum_FBSKJMQYURKNSU
163,verbascum songaricum schrenk,poliumoside,Verbascum songaricum,Verbascum songaricum Schrenk ex Fisch. & C.A.Mey.,YMWRMAOPKNYHMZ,10.3390/plants9091066,Verbascum songaricum_YMWRMAOPKNYHMZ
164,verbascum speciosum schrad,"(3β,5α)-stigmasta-7,25-dien-3-ol",Verbascum speciosum,Verbascum speciosum Schrad.,CMQUSRGUOMCHOZ,10.3390/plants9091066,Verbascum speciosum_CMQUSRGUOMCHOZ
165,verbascum speciosum schrad,oleic acid,Verbascum speciosum,Verbascum speciosum Schrad.,ZQPPMHVWECSIRJ,10.3390/plants9091066,Verbascum speciosum_ZQPPMHVWECSIRJ
166,verbascum speciosum schrad,palmitic acid,Verbascum speciosum,Verbascum speciosum Schrad.,IPCSVZSSVZVIGE,10.3390/plants9091066,Verbascum speciosum_IPCSVZSSVZVIGE
167,verbascum thapsus l,samioside,Verbascum thapsus,Verbascum thapsus L.,MYTQIOQLRFFFEC,10.3390/plants9091066,Verbascum thapsus_MYTQIOQLRFFFEC
170,verbascum thapsus l,jioglutolide,Verbascum thapsus,Verbascum thapsus L.,LKZXAOPEOQRJLJ,10.3390/plants9091066,Verbascum thapsus_LKZXAOPEOQRJLJ
171,verbascum thapsus l,picroside iv,Verbascum thapsus,Verbascum thapsus L.,AKYYFSOMEOHPPO,10.3390/plants9091066,Verbascum thapsus_AKYYFSOMEOHPPO
172,verbascum thapsus l,(+)-genipin,Verbascum thapsus,Verbascum thapsus L.,AZKVWQKMDGGDSV,10.3390/plants9091066,Verbascum thapsus_AZKVWQKMDGGDSV
173,verbascum thapsus l,martynoside,Verbascum thapsus,Verbascum thapsus L.,WLWAYPFRKDSFCL,10.3390/plants9091066,Verbascum thapsus_WLWAYPFRKDSFCL
174,verbascum thapsus l,leucosceptoside a,Verbascum thapsus,Verbascum thapsus L.,ZMYQRHSOVRDQDL,10.3390/plants9091066,Verbascum thapsus_ZMYQRHSOVRDQDL
178,verbascum thapsus l,leucosceptoside b,Verbascum thapsus,Verbascum thapsus L.,MVAABGYBPFHMAR,10.3390/plants9091066,Verbascum thapsus_MVAABGYBPFHMAR
180,verbascum thapsus l,isoverbascoside,Verbascum thapsus,Verbascum thapsus L.,FNMHEHXNBNCPCI,10.3390/plants9091066,Verbascum thapsus_FNMHEHXNBNCPCI
182,verbascum thapsus l,amentoflavone,Verbascum thapsus,Verbascum thapsus L.,YUSWMAULDXZHPY,10.3390/plants9091066,Verbascum thapsus_YUSWMAULDXZHPY
184,verbascum calvum boiss. & kotschy,ajugol,Verbascum calvum,Verbascum calvum Boiss. & Kotschy,VELYAQRXBJLJAK,10.3390/plants9091066,Verbascum calvum_VELYAQRXBJLJAK
185,verbascum calvum boiss. & kotschy,aucubin,Verbascum calvum,Verbascum calvum Boiss. & Kotschy,RJWJHRPNHPHBRN,10.3390/plants9091066,Verbascum calvum_RJWJHRPNHPHBRN
194,adenia glauca,rutin,Adenia glauca,Adenia glauca Schinz,IKGXIBQEEMLURG,10.3389/fphar.2025.1581659,Adenia glauca_IKGXIBQEEMLURG
195,adenia glauca,tetraphyllin b,Adenia glauca,Adenia glauca Schinz,JRCWYCAEAZEYNW,10.3389/fphar.2025.1581659,Adenia glauca_JRCWYCAEAZEYNW
197,adenia hondala,n-acetylgalactosamine,Adenia hondala,Adenia hondala (Gaertn.) W.J.de Wilde,OVRNDRQMDRJTHS,10.3389/fphar.2025.1581659,Adenia hondala_OVRNDRQMDRJTHS
198,adenia lobata,stigmasterol,Adenia lobata,Adenia lobata (Jacq.) Engl.,HCXVJBMSMIARIN,10.3389/fphar.2025.1581659,Adenia lobata_HCXVJBMSMIARIN
199,adenia lobata,d-mannitol,Adenia lobata,Adenia lobata (Jacq.) Engl.,FBPFZTCFMRRESA,10.3389/fphar.2025.1581659,Adenia lobata_FBPFZTCFMRRESA
200,adenia lobata,brucine,Adenia lobata,Adenia lobata (Jacq.) Engl.,RRKTZKIUPZVBMF,10.3389/fphar.2025.1581659,Adenia lobata_RRKTZKIUPZVBMF
201,adenia lobata,β-sitosterol,Adenia lobata,Adenia lobata (Jacq.) Engl.,KZJWDPNRJALLNS,10.3389/fphar.2025.1581659,Adenia lobata_KZJWDPNRJALLNS
202,adenia lobata,octacosanoic acid,Adenia lobata,Adenia lobata (Jacq.) Engl.,UTOPWMOLSKOLTQ,10.3389/fphar.2025.1581659,Adenia lobata_UTOPWMOLSKOLTQ
207,adenia lanceolata,lanceolin,Adenia lanceolata,Adenia lanceolata Engl.,NKUZBSSFPNODMD,10.3389/fphar.2025.1581659,Adenia lanceolata_NKUZBSSFPNODMD
208,adenia kirkii,volkensin,Adenia kirkii,Adenia kirkii (Mast.) Engl.,KQNNSYZQMSOOQH,10.3389/fphar.2025.1581659,Adenia kirkii_KQNNSYZQMSOOQH
209,adenia heterophylla,heterophyllin,Adenia heterophylla,Adenia heterophylla (Blume) Koord.,CBYLXVCMCVXUQQ,10.3389/fphar.2025.1581659,Adenia heterophylla_CBYLXVCMCVXUQQ
210,psidium guajava l,maslinic acid,Psidium guajava,Psidium guajava L.,MDZKJHQSJHYOHJ,10.14719/pst.2021.8.4.1334,Psidium guajava_MDZKJHQSJHYOHJ
220,psidium guajava l,alphitolic acid,Psidium guajava,Psidium guajava L.,PFCVZKFJHRCLCC,10.14719/pst.2021.8.4.1334,Psidium guajava_PFCVZKFJHRCLCC
221,psidium guajava l,germacrene-d,Psidium guajava,Psidium guajava L.,GAIBLDCXCZKKJE,10.14719/pst.2021.8.4.1334,Psidium guajava_GAIBLDCXCZKKJE
222,psidium guajava l,linalool,Psidium guajava,Psidium guajava L.,CDOSHBSSFJOMGT,10.14719/pst.2021.8.4.1334,Psidium guajava_CDOSHBSSFJOMGT
224,psidium guajava l,terminolic acid,Psidium guajava,Psidium guajava L.,IDQVFXZQPGAVAM,10.14719/pst.2021.8.4.1334,Psidium guajava_IDQVFXZQPGAVAM
225,psidium guajava l,cis-aconitic acid,Psidium guajava,Psidium guajava L.,GTZCVFVGUGFEME,10.14719/pst.2021.8.4.1334,Psidium guajava_GTZCVFVGUGFEME
226,psidium guajava l,1h-cycloprop[e]azulene,Psidium guajava,Psidium guajava L.,KITKOMRVEUKLLD,10.14719/pst.2021.8.4.1334,Psidium guajava_KITKOMRVEUKLLD
231,psidium guajava l,β-phellandrene,Psidium guajava,Psidium guajava L.,LFJQCDVYDGGFCH,10.14719/pst.2021.8.4.1334,Psidium guajava_LFJQCDVYDGGFCH
241,psidium guajava l,kaempferol,Psidium guajava,Psidium guajava L.,IYRMWMYZSQPJKC,10.14719/pst.2021.8.4.1334,Psidium guajava_IYRMWMYZSQPJKC
244,psidium guajava l,citric acid,Psidium guajava,Psidium guajava L.,KRKNYBCHXYNGOX,10.14719/pst.2021.8.4.1334,Psidium guajava_KRKNYBCHXYNGOX
250,psidium guajava l,germacrene d,Psidium guajava,Psidium guajava L.,GAIBLDCXCZKKJE,10.14719/pst.2021.8.4.1334,Psidium guajava_GAIBLDCXCZKKJE
254,psidium guajava l,α-thujene,Psidium guajava,Psidium guajava L.,KQAZVFVOEIRWHN,10.14719/pst.2021.8.4.1334,Psidium guajava_KQAZVFVOEIRWHN
263,psidium guajava l,α-fenchyl acetate,Psidium guajava,Psidium guajava L.,JUWUWIGZUVEFQB,10.14719/pst.2021.8.4.1334,Psidium guajava_JUWUWIGZUVEFQB
265,psidium guajava l,caryophyllenol,Psidium guajava,Psidium guajava L.,CIIYOYPOMGIECX,10.14719/pst.2021.8.4.1334,Psidium guajava_CIIYOYPOMGIECX
267,psidium guajava l,calarene,Psidium guajava,Psidium guajava L.,MBIPADCEHSKJDQ,10.14719/pst.2021.8.4.1334,Psidium guajava_MBIPADCEHSKJDQ
268,psidium guajava l,α-fenchol,Psidium guajava,Psidium guajava L.,IAIHUHQCLTYTSF,10.14719/pst.2021.8.4.1334,Psidium guajava_IAIHUHQCLTYTSF
270,psidium guajava l,glutamic acid,Psidium guajava,Psidium guajava L.,WHUUTDBJXJRKMK,10.14719/pst.2021.8.4.1334,Psidium guajava_WHUUTDBJXJRKMK
272,psidium guajava l,malonic acid,Psidium guajava,Psidium guajava L.,OFOBLEOULBTSOW,10.14719/pst.2021.8.4.1334,Psidium guajava_OFOBLEOULBTSOW
275,psidium guajava l,guanidoacetic acid,Psidium guajava,Psidium guajava L.,BPMFZUMJYQTVII,10.14719/pst.2021.8.4.1334,Psidium guajava_BPMFZUMJYQTVII
281,psidium guajava l,resorcinol,Psidium guajava,Psidium guajava L.,GHMLBKRAJCXXBS,10.14719/pst.2021.8.4.1334,Psidium guajava_GHMLBKRAJCXXBS
284,psidium guajava l,corilagin,Psidium guajava,Psidium guajava L.,TUSDEZXZIZRFGC,10.14719/pst.2021.8.4.1334,Psidium guajava_TUSDEZXZIZRFGC
295,psidium guajava l,6-methyl-5-hepten-2-one,Psidium guajava,Psidium guajava L.,UHEPJGULSIKKTP,10.14719/pst.2021.8.4.1334,Psidium guajava_UHEPJGULSIKKTP
300,psidium guajava l,valerenol,Psidium guajava,Psidium guajava L.,KIQXKOUFPHTUQS,10.14719/pst.2021.8.4.1334,Psidium guajava_KIQXKOUFPHTUQS
302,psidium guajava l,asparagine,Psidium guajava,Psidium guajava L.,DCXYFEDJOCDNAF,10.14719/pst.2021.8.4.1334,Psidium guajava_DCXYFEDJOCDNAF
306,psidium guajava l,brahmic acid,Psidium guajava,Psidium guajava L.,PRAUVHZJPXOEIF,10.14719/pst.2021.8.4.1334,Psidium guajava_PRAUVHZJPXOEIF
308,psidium guajava l,verbenone,Psidium guajava,Psidium guajava L.,DCSCXTJOXBUFGB,10.14719/pst.2021.8.4.1334,Psidium guajava_DCSCXTJOXBUFGB
309,psidium guajava l,chamigrene,Psidium guajava,Psidium guajava L.,LNWRUOUACRHZTL,10.14719/pst.2021.8.4.1334,Psidium guajava_LNWRUOUACRHZTL
313,psidium guajava l,esculin,Psidium guajava,Psidium guajava L.,XHCADAYNFIFUHF,10.14719/pst.2021.8.4.1334,Psidium guajava_XHCADAYNFIFUHF
315,psidium guajava l,serine,Psidium guajava,Psidium guajava L.,MTCFGRXMJLQNBG,10.14719/pst.2021.8.4.1334,Psidium guajava_MTCFGRXMJLQNBG
316,psidium guajava l,trans-aconitic acid,Psidium guajava,Psidium guajava L.,GTZCVFVGUGFEME,10.14719/pst.2021.8.4.1334,Psidium guajava_GTZCVFVGUGFEME
318,psidium guajava l,guavenoic acid,Psidium guajava,Psidium guajava L.,SFVOHAIMNZSMBM,10.14719/pst.2021.8.4.1334,Psidium guajava_SFVOHAIMNZSMBM
319,psidium guajava l,rutin,Psidium guajava,Psidium guajava L.,IKGXIBQEEMLURG,10.14719/pst.2021.8.4.1334,Psidium guajava_IKGXIBQEEMLURG
320,psidium guajava l,trans-pinocarveol,Psidium guajava,Psidium guajava L.,LCYXQUJDODZYIJ,10.14719/pst.2021.8.4.1334,Psidium guajava_LCYXQUJDODZYIJ
329,psidium guajava l,betulinic acid,Psidium guajava,Psidium guajava L.,QGJZLNKBHJESQX,10.14719/pst.2021.8.4.1334,Psidium guajava_QGJZLNKBHJESQX
330,psidium guajava l,pinocarvone,Psidium guajava,Psidium guajava L.,TZDMGBLPGZXHJI,10.14719/pst.2021.8.4.1334,Psidium guajava_TZDMGBLPGZXHJI
333,psidium guajava l,isoquinoline,Psidium guajava,Psidium guajava L.,AWJUIBRHMBBTKR,10.14719/pst.2021.8.4.1334,Psidium guajava_AWJUIBRHMBBTKR
335,psidium guajava l,3-sinapoylquinic acid,Psidium guajava,Psidium guajava L.,DTJWTKVKHOJHJK,10.14719/pst.2021.8.4.1334,Psidium guajava_DTJWTKVKHOJHJK
341,psidium guajava l,myristicin,Psidium guajava,Psidium guajava L.,BNWJOHGLIBDBOB,10.14719/pst.2021.8.4.1334,Psidium guajava_BNWJOHGLIBDBOB
343,psidium guajava l,hesperetin,Psidium guajava,Psidium guajava L.,AIONOLUJZLIMTK,10.14719/pst.2021.8.4.1334,Psidium guajava_AIONOLUJZLIMTK
344,psidium guajava l,lupeol,Psidium guajava,Psidium guajava L.,MQYXUWHLBZFQQO,10.14719/pst.2021.8.4.1334,Psidium guajava_MQYXUWHLBZFQQO
348,psidium guajava l,xanthine,Psidium guajava,Psidium guajava L.,LRFVTYWOQMYALW,10.14719/pst.2021.8.4.1334,Psidium guajava_LRFVTYWOQMYALW
350,psidium guajava l,syringic acid,Psidium guajava,Psidium guajava L.,JMSVCTWVEWCHDZ,10.14719/pst.2021.8.4.1334,Psidium guajava_JMSVCTWVEWCHDZ
351,psidium guajava l,maleic acid,Psidium guajava,Psidium guajava L.,VZCYOOQTPOCHFL,10.14719/pst.2021.8.4.1334,Psidium guajava_VZCYOOQTPOCHFL
352,psidium guajava l,isoquercitrin,Psidium guajava,Psidium guajava L.,OPJZLUXFQFQYAI,10.14719/pst.2021.8.4.1334,Psidium guajava_OPJZLUXFQFQYAI
357,psidium guajava l,"2,6-dimethoxylcymene",Psidium guajava,Psidium guajava L.,AHQDITQEFNYPIX,10.14719/pst.2021.8.4.1334,Psidium guajava_AHQDITQEFNYPIX
360,psidium guajava l,3-hydroxybutyric acid,Psidium guajava,Psidium guajava L.,WHBMMWSBFZVSSR,10.14719/pst.2021.8.4.1334,Psidium guajava_WHBMMWSBFZVSSR
361,psidium guajava l,acetic acid,Psidium guajava,Psidium guajava L.,QTBSBXVTEAMEQO,10.14719/pst.2021.8.4.1334,Psidium guajava_QTBSBXVTEAMEQO
367,psidium guajava l,muuroladiene,Psidium guajava,Psidium guajava L.,YBEONGKDMARZSS,10.14719/pst.2021.8.4.1334,Psidium guajava_YBEONGKDMARZSS
372,psidium guajava l,3-hexenol,Psidium guajava,Psidium guajava L.,UFLHIIWVXFIJGU,10.14719/pst.2021.8.4.1334,Psidium guajava_UFLHIIWVXFIJGU
374,ophiorrhiza,camptothecin,Ophiorrhiza,Ophiorrhiza L.,VSJKWCGYPAHWDS,10.3390/molecules25112611,Ophiorrhiza_VSJKWCGYPAHWDS
377,hippophae rhamnoides,anthocyanins,Hippophae rhamnoides,Hippophae rhamnoides L.,NWKFECICNXDNOQ,10.24193/subbchem.2019.4.15,Hippophae rhamnoides_NWKFECICNXDNOQ
379,hippophae rhamnoides,carotenoids,Hippophae rhamnoides,Hippophae rhamnoides L.,FLFJZZNKVVNCFQ,10.24193/subbchem.2019.4.15,Hippophae rhamnoides_FLFJZZNKVVNCFQ
381,prunus armeniaca,anthocyanins,Prunus armeniaca,Prunus armeniaca L.,NWKFECICNXDNOQ,10.24193/subbchem.2019.4.15,Prunus armeniaca_NWKFECICNXDNOQ
382,prunus armeniaca,tocopherols,Prunus armeniaca,Prunus armeniaca L.,QUEDXNHFTDJVIY,10.24193/subbchem.2019.4.15,Prunus armeniaca_QUEDXNHFTDJVIY
383,prunus armeniaca,carotenoids,Prunus armeniaca,Prunus armeniaca L.,FLFJZZNKVVNCFQ,10.24193/subbchem.2019.4.15,Prunus armeniaca_FLFJZZNKVVNCFQ
385,spinacia oleracea,anthocyanins,Spinacia oleracea,Spinacia oleracea L.,NWKFECICNXDNOQ,10.24193/subbchem.2019.4.15,Spinacia oleracea_NWKFECICNXDNOQ
387,spinacia oleracea,carotenoids,Spinacia oleracea,Spinacia oleracea L.,FLFJZZNKVVNCFQ,10.24193/subbchem.2019.4.15,Spinacia oleracea_FLFJZZNKVVNCFQ
389,viscum album,anthocyanins,Viscum album,Viscum album L.,NWKFECICNXDNOQ,10.24193/subbchem.2019.4.15,Viscum album_NWKFECICNXDNOQ
390,viscum album,tocopherols,Viscum album,Viscum album L.,QUEDXNHFTDJVIY,10.24193/subbchem.2019.4.15,Viscum album_QUEDXNHFTDJVIY
391,viscum album,carotenoids,Viscum album,Viscum album L.,FLFJZZNKVVNCFQ,10.24193/subbchem.2019.4.15,Viscum album_FLFJZZNKVVNCFQ
393,cornus mas,anthocyanins,Cornus mas,Cornus mas L.,NWKFECICNXDNOQ,10.24193/subbchem.2019.4.15,Cornus mas_NWKFECICNXDNOQ
394,cornus mas,tocopherols,Cornus mas,Cornus mas L.,QUEDXNHFTDJVIY,10.24193/subbchem.2019.4.15,Cornus mas_QUEDXNHFTDJVIY
395,cornus mas,carotenoids,Cornus mas,Cornus mas L.,FLFJZZNKVVNCFQ,10.24193/subbchem.2019.4.15,Cornus mas_FLFJZZNKVVNCFQ
397,crataegus monogyna,anthocyanins,Crataegus monogyna,Crataegus monogyna Jacq.,NWKFECICNXDNOQ,10.24193/subbchem.2019.4.15,Crataegus monogyna_NWKFECICNXDNOQ
399,crataegus monogyna,carotenoids,Crataegus monogyna,Crataegus monogyna Jacq.,FLFJZZNKVVNCFQ,10.24193/subbchem.2019.4.15,Crataegus monogyna_FLFJZZNKVVNCFQ
401,calendula officinalis,anthocyanins,Calendula officinalis,Calendula officinalis L.,NWKFECICNXDNOQ,10.24193/subbchem.2019.4.15,Calendula officinalis_NWKFECICNXDNOQ
403,calendula officinalis,carotenoids,Calendula officinalis,Calendula officinalis L.,FLFJZZNKVVNCFQ,10.24193/subbchem.2019.4.15,Calendula officinalis_FLFJZZNKVVNCFQ
405,physalis alkekengi,anthocyanins,Alkekengi officinarum,Alkekengi officinarum Moench,NWKFECICNXDNOQ,10.24193/subbchem.2019.4.15,Alkekengi officinarum_NWKFECICNXDNOQ
406,physalis alkekengi,tocopherols,Alkekengi officinarum,Alkekengi officinarum Moench,QUEDXNHFTDJVIY,10.24193/subbchem.2019.4.15,Alkekengi officinarum_QUEDXNHFTDJVIY
407,physalis alkekengi,carotenoids,Alkekengi officinarum,Alkekengi officinarum Moench,FLFJZZNKVVNCFQ,10.24193/subbchem.2019.4.15,Alkekengi officinarum_FLFJZZNKVVNCFQ
409,rosa canina,anthocyanins,Rosa canina,Rosa canina L.,NWKFECICNXDNOQ,10.24193/subbchem.2019.4.15,Rosa canina_NWKFECICNXDNOQ
410,rosa canina,tocopherols,Rosa canina,Rosa canina L.,QUEDXNHFTDJVIY,10.24193/subbchem.2019.4.15,Rosa canina_QUEDXNHFTDJVIY
411,rosa canina,carotenoids,Rosa canina,Rosa canina L.,FLFJZZNKVVNCFQ,10.24193/subbchem.2019.4.15,Rosa canina_FLFJZZNKVVNCFQ
413,sambucus nigra,anthocyanins,Sambucus nigra,Sambucus nigra L.,NWKFECICNXDNOQ,10.24193/subbchem.2019.4.15,Sambucus nigra_NWKFECICNXDNOQ
414,sambucus nigra,tocopherols,Sambucus nigra,Sambucus nigra L.,QUEDXNHFTDJVIY,10.24193/subbchem.2019.4.15,Sambucus nigra_QUEDXNHFTDJVIY
415,sambucus nigra,carotenoids,Sambucus nigra,Sambucus nigra L.,FLFJZZNKVVNCFQ,10.24193/subbchem.2019.4.15,Sambucus nigra_FLFJZZNKVVNCFQ
417,sambucus ebulus,anthocyanins,Sambucus ebulus,Sambucus ebulus L.,NWKFECICNXDNOQ,10.24193/subbchem.2019.4.15,Sambucus ebulus_NWKFECICNXDNOQ
418,sambucus ebulus,tocopherols,Sambucus ebulus,Sambucus ebulus L.,QUEDXNHFTDJVIY,10.24193/subbchem.2019.4.15,Sambucus ebulus_QUEDXNHFTDJVIY
419,sambucus ebulus,carotenoids,Sambucus ebulus,Sambucus ebulus L.,FLFJZZNKVVNCFQ,10.24193/subbchem.2019.4.15,Sambucus ebulus_FLFJZZNKVVNCFQ
421,allium sativum,anthocyanins,Allium sativum,Allium sativum L.,NWKFECICNXDNOQ,10.24193/subbchem.2019.4.15,Allium sativum_NWKFECICNXDNOQ
422,allium sativum,tocopherols,Allium sativum,Allium sativum L.,QUEDXNHFTDJVIY,10.24193/subbchem.2019.4.15,Allium sativum_QUEDXNHFTDJVIY
423,allium sativum,carotenoids,Allium sativum,Allium sativum L.,FLFJZZNKVVNCFQ,10.24193/subbchem.2019.4.15,Allium sativum_FLFJZZNKVVNCFQ
425,prunus domestica,anthocyanins,Prunus domestica,Prunus domestica L.,NWKFECICNXDNOQ,10.24193/subbchem.2019.4.15,Prunus domestica_NWKFECICNXDNOQ
426,prunus domestica,tocopherols,Prunus domestica,Prunus domestica L.,QUEDXNHFTDJVIY,10.24193/subbchem.2019.4.15,Prunus domestica_QUEDXNHFTDJVIY
427,prunus domestica,carotenoids,Prunus domestica,Prunus domestica L.,FLFJZZNKVVNCFQ,10.24193/subbchem.2019.4.15,Prunus domestica_FLFJZZNKVVNCFQ
429,aronia melanocarpa,anthocyanins,Aronia melanocarpa,Aronia melanocarpa (Michx.) Elliott,NWKFECICNXDNOQ,10.24193/subbchem.2019.4.15,Aronia melanocarpa_NWKFECICNXDNOQ
431,aronia melanocarpa,carotenoids,Aronia melanocarpa,Aronia melanocarpa (Michx.) Elliott,FLFJZZNKVVNCFQ,10.24193/subbchem.2019.4.15,Aronia melanocarpa_FLFJZZNKVVNCFQ
437,byrsonima crassifolia (l.) kunth,anthraquinones,Byrsonima crassifolia,Byrsonima crassifolia (L.) Kunth,RZVHIXYEVGDQDX,10.1590/1519-6984.166532,Byrsonima crassifolia_RZVHIXYEVGDQDX
438,elegia capensis (burm.f.) schelpe,quercetin 3-galactoside,Elegia capensis,Elegia capensis (Burm.f.) Schelpe,OVSQVDMCBVZWGM,10.3390/scipharm90010004.,Elegia capensis_OVSQVDMCBVZWGM
439,elegia capensis (burm.f.) schelpe,myricetin 3-arabinoside,Elegia capensis,Elegia capensis (Burm.f.) Schelpe,SBEOEJNITMVWLK,10.3390/scipharm90010004.,Elegia capensis_SBEOEJNITMVWLK
441,elegia capensis (burm.f.) schelpe,myricetin 3-galactoside,Elegia capensis,Elegia capensis (Burm.f.) Schelpe,FOHXFLPXBUAOJM,10.3390/scipharm90010004.,Elegia capensis_FOHXFLPXBUAOJM
442,elegia cuspidata mast,syringetin 3-galactoside,Elegia cuspidata,Elegia cuspidata Mast.,DPROLROHQRPDHW,10.3390/scipharm90010004.,Elegia cuspidata_DPROLROHQRPDHW
445,elegia deustum (rottb.) kunth,syringetin 3-galactoside,Elegia deusta,Elegia deusta (Rottb.) Kunth,DPROLROHQRPDHW,10.3390/scipharm90010004.,Elegia deusta_DPROLROHQRPDHW
446,elegia deustum (rottb.) kunth,laricitrin 3-galactoside,Elegia deusta,Elegia deusta (Rottb.) Kunth,ODXINVOINFDDDD,10.3390/scipharm90010004.,Elegia deusta_ODXINVOINFDDDD
448,elegia deustum (rottb.) kunth,laricitrin 3-rhamnoside,Elegia deusta,Elegia deusta (Rottb.) Kunth,UFWGANQPWYXUQI,10.3390/scipharm90010004.,Elegia deusta_UFWGANQPWYXUQI
449,elegia filacea mast,syringetin 3-galactoside,Elegia filacea,Elegia filacea Mast.,DPROLROHQRPDHW,10.3390/scipharm90010004.,Elegia filacea_DPROLROHQRPDHW
450,elegia filacea mast,laricitrin 3-galactoside,Elegia filacea,Elegia filacea Mast.,ODXINVOINFDDDD,10.3390/scipharm90010004.,Elegia filacea_ODXINVOINFDDDD
451,elegia galpinii n.e.br,syringetin 3-galactoside,Elegia galpinii,Elegia galpinii N.E.Br.,DPROLROHQRPDHW,10.3390/scipharm90010004.,Elegia galpinii_DPROLROHQRPDHW
452,elegia galpinii n.e.br,myricetin 3-galactoside,Elegia galpinii,Elegia galpinii N.E.Br.,FOHXFLPXBUAOJM,10.3390/scipharm90010004.,Elegia galpinii_FOHXFLPXBUAOJM
453,elegia galpinii n.e.br,laricitrin 3-galactoside,Elegia galpinii,Elegia galpinii N.E.Br.,ODXINVOINFDDDD,10.3390/scipharm90010004.,Elegia galpinii_ODXINVOINFDDDD
454,elegia hookeriana (mast.) moline and h.p.linder,myricetin 3-rhamnoside,Elegia hookeriana,Elegia hookeriana (Mast.) Moline & H.P.Linder,DCYOADKBABEMIQ,10.3390/scipharm90010004.,Elegia hookeriana_DCYOADKBABEMIQ
455,elegia hookeriana (mast.) moline and h.p.linder,syringetin 3-galactoside,Elegia hookeriana,Elegia hookeriana (Mast.) Moline & H.P.Linder,DPROLROHQRPDHW,10.3390/scipharm90010004.,Elegia hookeriana_DPROLROHQRPDHW
456,elegia hookeriana (mast.) moline and h.p.linder,laricitrin 3-galactoside,Elegia hookeriana,Elegia hookeriana (Mast.) Moline & H.P.Linder,ODXINVOINFDDDD,10.3390/scipharm90010004.,Elegia hookeriana_ODXINVOINFDDDD
457,elegia hookeriana (mast.) moline and h.p.linder,myricetin 3-galactoside,Elegia hookeriana,Elegia hookeriana (Mast.) Moline & H.P.Linder,FOHXFLPXBUAOJM,10.3390/scipharm90010004.,Elegia hookeriana_FOHXFLPXBUAOJM
458,elegia hookeriana (mast.) moline and h.p.linder,laricitrin 3-rhamnoside,Elegia hookeriana,Elegia hookeriana (Mast.) Moline & H.P.Linder,UFWGANQPWYXUQI,10.3390/scipharm90010004.,Elegia hookeriana_UFWGANQPWYXUQI
459,elegia macrocarpa (kunth) moline and h.p.linder,quercetin,Elegia macrocarpa,Elegia macrocarpa (Kunth) Moline & H.P.Linder,REFJWTPEDVJJIY,10.3390/scipharm90010004.,Elegia macrocarpa_REFJWTPEDVJJIY
460,elegia macrocarpa (kunth) moline and h.p.linder,kaempferol,Elegia macrocarpa,Elegia macrocarpa (Kunth) Moline & H.P.Linder,IYRMWMYZSQPJKC,10.3390/scipharm90010004.,Elegia macrocarpa_IYRMWMYZSQPJKC
461,elegia microcarpa (kunth.) moline and h.p.linder,syringetin 3-galactoside,Elegia microcarpa,Elegia microcarpa (Kunth) Moline & H.P.Linder,DPROLROHQRPDHW,10.3390/scipharm90010004.,Elegia microcarpa_DPROLROHQRPDHW
462,elegia microcarpa (kunth.) moline and h.p.linder,laricitrin 3-galactoside,Elegia microcarpa,Elegia microcarpa (Kunth) Moline & H.P.Linder,ODXINVOINFDDDD,10.3390/scipharm90010004.,Elegia microcarpa_ODXINVOINFDDDD
464,elegia microcarpa (kunth.) moline and h.p.linder,laricitrin 3-rhamnoside,Elegia microcarpa,Elegia microcarpa (Kunth) Moline & H.P.Linder,UFWGANQPWYXUQI,10.3390/scipharm90010004.,Elegia microcarpa_UFWGANQPWYXUQI
465,elegia mucronata (nees) kunth,myricetin 3-galactoside,Elegia mucronata,Elegia mucronata (Nees) Rchb. ex Kunth,FOHXFLPXBUAOJM,10.3390/scipharm90010004.,Elegia mucronata_FOHXFLPXBUAOJM
466,elegia nuda (rottb.) kunth,myricetin 3-rhamnoside,Elegia nuda,Elegia nuda (Rottb.) Kunth,DCYOADKBABEMIQ,10.3390/scipharm90010004.,Elegia nuda_DCYOADKBABEMIQ
467,elegia nuda (rottb.) kunth,syringetin 3-galactoside,Elegia nuda,Elegia nuda (Rottb.) Kunth,DPROLROHQRPDHW,10.3390/scipharm90010004.,Elegia nuda_DPROLROHQRPDHW
468,elegia nuda (rottb.) kunth,laricitrin 3-galactoside,Elegia nuda,Elegia nuda (Rottb.) Kunth,ODXINVOINFDDDD,10.3390/scipharm90010004.,Elegia nuda_ODXINVOINFDDDD
469,elegia nuda (rottb.) kunth,myricetin 3-galactoside,Elegia nuda,Elegia nuda (Rottb.) Kunth,FOHXFLPXBUAOJM,10.3390/scipharm90010004.,Elegia nuda_FOHXFLPXBUAOJM
470,elegia nuda (rottb.) kunth,laricitrin 3-rhamnoside,Elegia nuda,Elegia nuda (Rottb.) Kunth,UFWGANQPWYXUQI,10.3390/scipharm90010004.,Elegia nuda_UFWGANQPWYXUQI
471,elegia persistens mast,syringetin 3-galactoside,Elegia persistens,Elegia persistens Mast.,DPROLROHQRPDHW,10.3390/scipharm90010004.,Elegia persistens_DPROLROHQRPDHW
472,elegia persistens mast,myricetin 3-galactoside,Elegia persistens,Elegia persistens Mast.,FOHXFLPXBUAOJM,10.3390/scipharm90010004.,Elegia persistens_FOHXFLPXBUAOJM
474,elegia recta (mast.) moline and h.p.linder,myricetin 3-rhamnoside,Elegia recta,Elegia recta (Mast.) Moline & H.P.Linder,DCYOADKBABEMIQ,10.3390/scipharm90010004.,Elegia recta_DCYOADKBABEMIQ
475,elegia recta (mast.) moline and h.p.linder,syringetin 3-galactoside,Elegia recta,Elegia recta (Mast.) Moline & H.P.Linder,DPROLROHQRPDHW,10.3390/scipharm90010004.,Elegia recta_DPROLROHQRPDHW
476,elegia recta (mast.) moline and h.p.linder,laricitrin 3-galactoside,Elegia recta,Elegia recta (Mast.) Moline & H.P.Linder,ODXINVOINFDDDD,10.3390/scipharm90010004.,Elegia recta_ODXINVOINFDDDD
477,elegia recta (mast.) moline and h.p.linder,myricetin 3-galactoside,Elegia recta,Elegia recta (Mast.) Moline & H.P.Linder,FOHXFLPXBUAOJM,10.3390/scipharm90010004.,Elegia recta_FOHXFLPXBUAOJM
478,elegia recta (mast.) moline and h.p.linder,laricitrin 3-rhamnoside,Elegia recta,Elegia recta (Mast.) Moline & H.P.Linder,UFWGANQPWYXUQI,10.3390/scipharm90010004.,Elegia recta_UFWGANQPWYXUQI
479,elegia spathacea mast,syringetin 3-galactoside,Elegia spathacea,Elegia spathacea Mast.,DPROLROHQRPDHW,10.3390/scipharm90010004.,Elegia spathacea_DPROLROHQRPDHW
480,elegia tectorum (l.f.) moline and h.p.linder,syringetin 3-galactoside,Elegia tectorum,Elegia tectorum (L.f.) Moline & H.P.Linder,DPROLROHQRPDHW,10.3390/scipharm90010004.,Elegia tectorum_DPROLROHQRPDHW
481,elegia tectorum (l.f.) moline and h.p.linder,laricitrin 3-galactoside,Elegia tectorum,Elegia tectorum (L.f.) Moline & H.P.Linder,ODXINVOINFDDDD,10.3390/scipharm90010004.,Elegia tectorum_ODXINVOINFDDDD
482,euphorbia characias l,butyrospermol,Euphorbia characias,Euphorbia characias L.,DICCPNLDOZNSML,10.3390/plants10071468,Euphorbia characias_DICCPNLDOZNSML
483,euphorbia characias l,d-glucose,Euphorbia characias,Euphorbia characias L.,WQZGKKKJIJFFOK,10.3390/plants10071468,Euphorbia characias_WQZGKKKJIJFFOK
484,euphorbia characias l,cycloartanol,Euphorbia characias,Euphorbia characias L.,YABASAWVVRQMEU,10.3390/plants10071468,Euphorbia characias_YABASAWVVRQMEU
486,euphorbia characias l,inositol,Euphorbia characias,Euphorbia characias L.,CDAISMWEOUEBRE,10.3390/plants10071468,Euphorbia characias_CDAISMWEOUEBRE
487,euphorbia characias l,myo-inositol,Euphorbia characias,Euphorbia characias L.,CDAISMWEOUEBRE,10.3390/plants10071468,Euphorbia characias_CDAISMWEOUEBRE
488,euphorbia characias l,hexadecanal,Euphorbia characias,Euphorbia characias L.,NIOYUNMRJMEDGI,10.3390/plants10071468,Euphorbia characias_NIOYUNMRJMEDGI
490,euphorbia characias l,squalene,Euphorbia characias,Euphorbia characias L.,YYGNTYWPHWGJRM,10.3390/plants10071468,Euphorbia characias_YYGNTYWPHWGJRM
491,euphorbia characias l,3-hydroxypropanoic acid,Euphorbia characias,Euphorbia characias L.,ALRHLSYJTWAHJZ,10.3390/plants10071468,Euphorbia characias_ALRHLSYJTWAHJZ
492,euphorbia characias l,jolkinolide e,Euphorbia characias,Euphorbia characias L.,ZXEVPUOHSXARBR,10.3390/plants10071468,Euphorbia characias_ZXEVPUOHSXARBR
493,euphorbia characias l,caffeic acid,Euphorbia characias,Euphorbia characias L.,QAIPRVGONGVQAS,10.3390/plants10071468,Euphorbia characias_QAIPRVGONGVQAS
494,euphorbia characias l,quercetin,Euphorbia characias,Euphorbia characias L.,REFJWTPEDVJJIY,10.3390/plants10071468,Euphorbia characias_REFJWTPEDVJJIY
496,euphorbia characias l,oleic acid,Euphorbia characias,Euphorbia characias L.,ZQPPMHVWECSIRJ,10.3390/plants10071468,Euphorbia characias_ZQPPMHVWECSIRJ
497,euphorbia characias l,phytol,Euphorbia characias,Euphorbia characias L.,BOTWFXYSPFMFNR,10.3390/plants10071468,Euphorbia characias_BOTWFXYSPFMFNR
498,euphorbia characias l,4-hydroxybutanoic acid,Euphorbia characias,Euphorbia characias L.,SJZRECIVHVDYJC,10.3390/plants10071468,Euphorbia characias_SJZRECIVHVDYJC
499,euphorbia characias l,vaccenic acid,Euphorbia characias,Euphorbia characias L.,UWHZIFQPPBDJPM,10.3390/plants10071468,Euphorbia characias_UWHZIFQPPBDJPM
500,euphorbia characias l,myristic acid,Euphorbia characias,Euphorbia characias L.,TUNFSRHWOTWDNC,10.3390/plants10071468,Euphorbia characias_TUNFSRHWOTWDNC
501,euphorbia characias l,palmitic acid,Euphorbia characias,Euphorbia characias L.,IPCSVZSSVZVIGE,10.3390/plants10071468,Euphorbia characias_IPCSVZSSVZVIGE
502,euphorbia characias l,24-methylenecycloartanol,Euphorbia characias,Euphorbia characias L.,BDHQMRXFDYJGII,10.3390/plants10071468,Euphorbia characias_BDHQMRXFDYJGII
503,euphorbia characias l,arachidic acid,Euphorbia characias,Euphorbia characias L.,VKOBVWXKNCXXDE,10.3390/plants10071468,Euphorbia characias_VKOBVWXKNCXXDE
504,euphorbia characias l,ellagic acid,Euphorbia characias,Euphorbia characias L.,AFSDNFLWKVMVRB,10.3390/plants10071468,Euphorbia characias_AFSDNFLWKVMVRB
505,euphorbia characias l,myricetin,Euphorbia characias,Euphorbia characias L.,IKMDFBPHZNJCSN,10.3390/plants10071468,Euphorbia characias_IKMDFBPHZNJCSN
506,euphorbia characias l,quercetin-3-o-xyloside,Euphorbia characias,Euphorbia characias L.,PZZRDJXEMZMZFD,10.3390/plants10071468,Euphorbia characias_PZZRDJXEMZMZFD
507,euphorbia characias l,quercetin-3-o-arabinoside,Euphorbia characias,Euphorbia characias L.,PZZRDJXEMZMZFD,10.3390/plants10071468,Euphorbia characias_PZZRDJXEMZMZFD
508,euphorbia characias l,kaempferol-3-o-rhamnoside,Euphorbia characias,Euphorbia characias L.,SOSLMHZOJATCCP,10.3390/plants10071468,Euphorbia characias_SOSLMHZOJATCCP
509,euphorbia characias l,hexacosanal,Euphorbia characias,Euphorbia characias L.,QAXXQMIHMLTJQI,10.3390/plants10071468,Euphorbia characias_QAXXQMIHMLTJQI
510,euphorbia characias l,cembrene,Euphorbia characias,Euphorbia characias L.,DMHADBQKVWXPPM,10.3390/plants10071468,Euphorbia characias_DMHADBQKVWXPPM
511,euphorbia characias l,3-phenylpropenoic acid,Euphorbia characias,Euphorbia characias L.,WBYWAXJHAXSJNI,10.3390/plants10071468,Euphorbia characias_WBYWAXJHAXSJNI
512,euphorbia characias l,tetracosanol,Euphorbia characias,Euphorbia characias L.,TYWMIZZBOVGFOV,10.3390/plants10071468,Euphorbia characias_TYWMIZZBOVGFOV
514,euphorbia characias l,hexadecanoic acid,Euphorbia characias,Euphorbia characias L.,IPCSVZSSVZVIGE,10.3390/plants10071468,Euphorbia characias_IPCSVZSSVZVIGE
515,euphorbia characias l,nonanal,Euphorbia characias,Euphorbia characias L.,GYHFUZHODSMOHU,10.3390/plants10071468,Euphorbia characias_GYHFUZHODSMOHU
517,euphorbia characias l,tridecanal,Euphorbia characias,Euphorbia characias L.,BGEHHAVMRVXCGR,10.3390/plants10071468,Euphorbia characias_BGEHHAVMRVXCGR
518,euphorbia characias l,sucrose,Euphorbia characias,Euphorbia characias L.,CZMRCDWAGMRECN,10.3390/plants10071468,Euphorbia characias_CZMRCDWAGMRECN
519,euphorbia characias l,junipene,Euphorbia characias,Euphorbia characias L.,PDSNLYSELAIEBU,10.3390/plants10071468,Euphorbia characias_PDSNLYSELAIEBU
521,euphorbia characias l,hexacosanol,Euphorbia characias,Euphorbia characias L.,IRHTZOCLLONTOC,10.3390/plants10071468,Euphorbia characias_IRHTZOCLLONTOC
522,euphorbia characias l,2-hydroxypropanoic acid,Euphorbia characias,Euphorbia characias L.,JVTAAEKCZFNVCJ,10.3390/plants10071468,Euphorbia characias_JVTAAEKCZFNVCJ
524,euphorbia characias l,heptacosane,Euphorbia characias,Euphorbia characias L.,BJQWYEJQWHSSCJ,10.3390/plants10071468,Euphorbia characias_BJQWYEJQWHSSCJ
525,euphorbia characias l,cedrene,Euphorbia characias,Euphorbia characias L.,IRAQOCYXUMOFCW,10.3390/plants10071468,Euphorbia characias_IRAQOCYXUMOFCW
526,euphorbia characias l,cinnamic acid,Euphorbia characias,Euphorbia characias L.,WBYWAXJHAXSJNI,10.3390/plants10071468,Euphorbia characias_WBYWAXJHAXSJNI
527,euphorbia characias l,hentriacontane,Euphorbia characias,Euphorbia characias L.,IUJAMGNYPWYUPM,10.3390/plants10071468,Euphorbia characias_IUJAMGNYPWYUPM
528,euphorbia characias l,tyrosol,Euphorbia characias,Euphorbia characias L.,YCCILVSKPBXVIP,10.3390/plants10071468,Euphorbia characias_YCCILVSKPBXVIP
529,euphorbia characias l,obtusifoliol,Euphorbia characias,Euphorbia characias L.,MMNYKQIDRZNIKT,10.3390/plants10071468,Euphorbia characias_MMNYKQIDRZNIKT
530,euphorbia characias l,"3,5-di-o-caffeoyl quinic acid",Euphorbia characias,Euphorbia characias L.,KRZBCHWVBQOTNZ,10.3390/plants10071468,Euphorbia characias_KRZBCHWVBQOTNZ
531,euphorbia characias l,nonacosane,Euphorbia characias,Euphorbia characias L.,IGGUPRCHHJZPBS,10.3390/plants10071468,Euphorbia characias_IGGUPRCHHJZPBS
532,euphorbia characias l,octacosanal,Euphorbia characias,Euphorbia characias L.,LVXORIXZNUNHGQ,10.3390/plants10071468,Euphorbia characias_LVXORIXZNUNHGQ
534,euphorbia characias l,palmitoleic acid,Euphorbia characias,Euphorbia characias L.,SECPZKHBENQXJG,10.3390/plants10071468,Euphorbia characias_SECPZKHBENQXJG
535,euphorbia characias l,tetradecanal,Euphorbia characias,Euphorbia characias L.,UHUFTBALEZWWIH,10.3390/plants10071468,Euphorbia characias_UHUFTBALEZWWIH
537,euphorbia characias l,p-coumaric acid,Euphorbia characias,Euphorbia characias L.,NGSWKAQJJWESNS,10.3390/plants10071468,Euphorbia characias_NGSWKAQJJWESNS
538,euphorbia characias l,2-hydroxy-3-methylbutanoic acid,Euphorbia characias,Euphorbia characias L.,NGEWQZIDQIYUNV,10.3390/plants10071468,Euphorbia characias_NGEWQZIDQIYUNV
539,euphorbia characias l,germacrene d,Euphorbia characias,Euphorbia characias L.,GAIBLDCXCZKKJE,10.3390/plants10071468,Euphorbia characias_GAIBLDCXCZKKJE
540,euphorbia characias l,δ-cadinene,Euphorbia characias,Euphorbia characias L.,FUCYIEXQVQJBKY,10.3390/plants10071468,Euphorbia characias_FUCYIEXQVQJBKY
541,euphorbia characias l,stearic acid,Euphorbia characias,Euphorbia characias L.,QIQXTHQIDYTFRH,10.3390/plants10071468,Euphorbia characias_QIQXTHQIDYTFRH
542,euphorbia characias l,tricosane,Euphorbia characias,Euphorbia characias L.,FIGVVZUWCLSUEI,10.3390/plants10071468,Euphorbia characias_FIGVVZUWCLSUEI
544,euphorbia characias l,quercetin-3-o-galactoside,Euphorbia characias,Euphorbia characias L.,OVSQVDMCBVZWGM,10.3390/plants10071468,Euphorbia characias_OVSQVDMCBVZWGM
545,euphorbia characias l,octacosanol,Euphorbia characias,Euphorbia characias L.,CNNRPFQICPFDPO,10.3390/plants10071468,Euphorbia characias_CNNRPFQICPFDPO
546,euphorbia characias l,3-hydroxy-3-phenylpropenoic acid,Euphorbia characias,Euphorbia characias L.,GKRWKLQSHRYGHV,10.3390/plants10071468,Euphorbia characias_GKRWKLQSHRYGHV
547,euphorbia characias l,α-tocopherol,Euphorbia characias,Euphorbia characias L.,GVJHHUAWPYXKBD,10.3390/plants10071468,Euphorbia characias_GVJHHUAWPYXKBD
548,euphorbia characias l,sinapic acid,Euphorbia characias,Euphorbia characias L.,PCMORTLOPMLEFB,10.3390/plants10071468,Euphorbia characias_PCMORTLOPMLEFB
549,euphorbia characias l,farnesyl acetone,Euphorbia characias,Euphorbia characias L.,LTUMRKDLVGQMJU,10.3390/plants10071468,Euphorbia characias_LTUMRKDLVGQMJU
550,euphorbia characias l,tritriacontane,Euphorbia characias,Euphorbia characias L.,SUJUOAZFECLBOA,10.3390/plants10071468,Euphorbia characias_SUJUOAZFECLBOA
551,euphorbia characias l,pyroglutamic acid,Euphorbia characias,Euphorbia characias L.,ODHCTXKNWHHXJC,10.3390/plants10071468,Euphorbia characias_ODHCTXKNWHHXJC
552,euphorbia characias l,benzoic acid,Euphorbia characias,Euphorbia characias L.,WPYMKLBDIGXBTP,10.3390/plants10071468,Euphorbia characias_WPYMKLBDIGXBTP
554,euphorbia characias l,docosane,Euphorbia characias,Euphorbia characias L.,HOWGUJZVBDQJKV,10.3390/plants10071468,Euphorbia characias_HOWGUJZVBDQJKV
556,euphorbia characias l,acacetin,Euphorbia characias,Euphorbia characias L.,DANYIYRPLHHOCZ,10.3390/plants10071468,Euphorbia characias_DANYIYRPLHHOCZ
557,euphorbia characias l,ergostadienol,Euphorbia characias,Euphorbia characias L.,QZWBFBIGVJRKSK,10.3390/plants10071468,Euphorbia characias_QZWBFBIGVJRKSK
558,euphorbia characias l,"6,10,14-trimethyl-2-pentadecanone",Euphorbia characias,Euphorbia characias L.,WHWDWIHXSPCOKZ,10.3390/plants10071468,Euphorbia characias_WHWDWIHXSPCOKZ
559,euphorbia characias l,4-hydroxybenzylalcohol,Euphorbia characias,Euphorbia characias L.,BVJSUAQZOZWCKN,10.3390/plants10071468,Euphorbia characias_BVJSUAQZOZWCKN
560,euphorbia characias l,25-hydroperoxycycloart-23-en-3β-ol,Euphorbia characias,Euphorbia characias L.,QVDQRPBOZUHTCX,10.3390/plants10071468,Euphorbia characias_QVDQRPBOZUHTCX
561,euphorbia characias l,chlorogenic acid,Euphorbia characias,Euphorbia characias L.,CWVRJTMFETXNAD,10.3390/plants10071468,Euphorbia characias_CWVRJTMFETXNAD
563,euphorbia characias l,gallic acid,Euphorbia characias,Euphorbia characias L.,LNTHITQWFMADLM,10.3390/plants10071468,Euphorbia characias_LNTHITQWFMADLM
564,euphorbia characias l,kaempferol-3-o-arabinoside,Euphorbia characias,Euphorbia characias L.,RNVUDWOQYYWXBJ,10.3390/plants10071468,Euphorbia characias_RNVUDWOQYYWXBJ
565,euphorbia characias l,"2,3-dihydroxypropanoic acid",Euphorbia characias,Euphorbia characias L.,RBNPOMFGQQGHHO,10.3390/plants10071468,Euphorbia characias_RBNPOMFGQQGHHO
566,euphorbia characias l,quercetin-3-o-glucoside,Euphorbia characias,Euphorbia characias L.,OVSQVDMCBVZWGM,10.3390/plants10071468,Euphorbia characias_OVSQVDMCBVZWGM
567,euphorbia characias l,pentacosane,Euphorbia characias,Euphorbia characias L.,YKNWIILGEFFOPE,10.3390/plants10071468,Euphorbia characias_YKNWIILGEFFOPE
568,euphorbia characias l,acacetin 7-glucuronide,Euphorbia characias,Euphorbia characias L.,ZWVNKIJIVBIMSW,10.3390/plants10071468,Euphorbia characias_ZWVNKIJIVBIMSW
569,euphorbia characias l,triacontane,Euphorbia characias,Euphorbia characias L.,JXTPJDDICSTXJX,10.3390/plants10071468,Euphorbia characias_JXTPJDDICSTXJX
570,euphorbia characias l,heneicosane,Euphorbia characias,Euphorbia characias L.,FNAZRRHPUDJQCJ,10.3390/plants10071468,Euphorbia characias_FNAZRRHPUDJQCJ
571,euphorbia characias l,pentacosene,Euphorbia characias,Euphorbia characias L.,BDWBGSCECOPTTH,10.3390/plants10071468,Euphorbia characias_BDWBGSCECOPTTH
572,euphorbia characias l,quercetin-3-o-rhamnoside,Euphorbia characias,Euphorbia characias L.,OXGUCUVFOIWWQJ,10.3390/plants10071468,Euphorbia characias_OXGUCUVFOIWWQJ
573,euphorbia characias l,vanillic acid,Euphorbia characias,Euphorbia characias L.,WKOLLVMJNQIZCI,10.3390/plants10071468,Euphorbia characias_WKOLLVMJNQIZCI
574,euphorbia characias l,catechin,Euphorbia characias,Euphorbia characias L.,PFTAWBLQPZVEMU,10.3390/plants10071468,Euphorbia characias_PFTAWBLQPZVEMU
575,drypetes aubrévillei leandri,friedelin,Drypetes,Drypetes Vahl,OFMXGFHWLZPCFL,10.1016/j.jep.2016.06.060,Drypetes_OFMXGFHWLZPCFL
576,drypetes aubrévillei leandri,stigmasterol,Drypetes,Drypetes Vahl,HCXVJBMSMIARIN,10.1016/j.jep.2016.06.060,Drypetes_HCXVJBMSMIARIN
577,drypetes aubrévillei leandri,β-sitosterol,Drypetes,Drypetes Vahl,KZJWDPNRJALLNS,10.1016/j.jep.2016.06.060,Drypetes_KZJWDPNRJALLNS
578,drypetes capillipes (pax) pax & k. hoffm,friedelin,Drypetes capillipes,Drypetes capillipes (Pax) Pax & K.Hoffm.,OFMXGFHWLZPCFL,10.1016/j.jep.2016.06.060,Drypetes capillipes_OFMXGFHWLZPCFL
579,drypetes capillipes (pax) pax & k. hoffm,stigmasterol,Drypetes capillipes,Drypetes capillipes (Pax) Pax & K.Hoffm.,HCXVJBMSMIARIN,10.1016/j.jep.2016.06.060,Drypetes capillipes_HCXVJBMSMIARIN
580,drypetes capillipes (pax) pax & k. hoffm,β-sitosterol,Drypetes capillipes,Drypetes capillipes (Pax) Pax & K.Hoffm.,KZJWDPNRJALLNS,10.1016/j.jep.2016.06.060,Drypetes capillipes_KZJWDPNRJALLNS
581,drypetes chevalieri beille ex hutch. & dalziel,β-amyrin,Drypetes chevalieri,Drypetes chevalieri Beille,JFSHUTJDVKUMTJ,10.1016/j.jep.2016.06.060,Drypetes chevalieri_JFSHUTJDVKUMTJ
582,drypetes chevalieri beille ex hutch. & dalziel,drypemolundein b,Drypetes chevalieri,Drypetes chevalieri Beille,KRAXVKNLVSFKDW,10.1016/j.jep.2016.06.060,Drypetes chevalieri_KRAXVKNLVSFKDW
585,drypetes chevalieri beille ex hutch. & dalziel,lupeone,Drypetes chevalieri,Drypetes chevalieri Beille,GRBHNQFQFHLCHO,10.1016/j.jep.2016.06.060,Drypetes chevalieri_GRBHNQFQFHLCHO
586,drypetes chevalieri beille ex hutch. & dalziel,erythrodiol,Drypetes chevalieri,Drypetes chevalieri Beille,PSZDOEIIIJFCFE,10.1016/j.jep.2016.06.060,Drypetes chevalieri_PSZDOEIIIJFCFE
588,drypetes chevalieri beille ex hutch. & dalziel,stigmasterol,Drypetes chevalieri,Drypetes chevalieri Beille,HCXVJBMSMIARIN,10.1016/j.jep.2016.06.060,Drypetes chevalieri_HCXVJBMSMIARIN
589,drypetes chevalieri beille ex hutch. & dalziel,oleanolic acid,Drypetes chevalieri,Drypetes chevalieri Beille,MIJYXULNPSFWEK,10.1016/j.jep.2016.06.060,Drypetes chevalieri_MIJYXULNPSFWEK
590,drypetes gerrardii hutch,amentoflavone,Drypetes gerrardii,Drypetes gerrardii Hutch.,YUSWMAULDXZHPY,10.1016/j.jep.2016.06.060,Drypetes gerrardii_YUSWMAULDXZHPY
591,drypetes gerrardii hutch,epifriedelanol,Drypetes gerrardii,Drypetes gerrardii Hutch.,XCDQFROEGGNAER,10.1016/j.jep.2016.06.060,Drypetes gerrardii_XCDQFROEGGNAER
592,drypetes gerrardii hutch,β-sitosterol,Drypetes gerrardii,Drypetes gerrardii Hutch.,KZJWDPNRJALLNS,10.1016/j.jep.2016.06.060,Drypetes gerrardii_KZJWDPNRJALLNS
593,drypetes gerrardii hutch,friedelin,Drypetes gerrardii,Drypetes gerrardii Hutch.,OFMXGFHWLZPCFL,10.1016/j.jep.2016.06.060,Drypetes gerrardii_OFMXGFHWLZPCFL
594,drypetes gerrardii hutch,stigmasterol,Drypetes gerrardii,Drypetes gerrardii Hutch.,HCXVJBMSMIARIN,10.1016/j.jep.2016.06.060,Drypetes gerrardii_HCXVJBMSMIARIN
595,drypetes gossweileri s. moore,maslinic acid,Drypetes gossweileri,Drypetes gossweileri S.Moore,MDZKJHQSJHYOHJ,10.1016/j.jep.2016.06.060,Drypetes gossweileri_MDZKJHQSJHYOHJ
599,drypetes gossweileri s. moore,stigmasterol stearate,Drypetes gossweileri,Drypetes gossweileri S.Moore,FNWNNXVEMBIDHX,10.1016/j.jep.2016.06.060,Drypetes gossweileri_FNWNNXVEMBIDHX
603,drypetes hainanensis merr,β-amyrin,Drypetes hainanensis,Drypetes hainanensis Merr.,JFSHUTJDVKUMTJ,10.1016/j.jep.2016.06.060,Drypetes hainanensis_JFSHUTJDVKUMTJ
604,drypetes hainanensis merr,α-amyrin,Drypetes hainanensis,Drypetes hainanensis Merr.,FSLPMRQHCOLESF,10.1016/j.jep.2016.06.060,Drypetes hainanensis_FSLPMRQHCOLESF
605,drypetes hainanensis merr,lupeol,Drypetes hainanensis,Drypetes hainanensis Merr.,MQYXUWHLBZFQQO,10.1016/j.jep.2016.06.060,Drypetes hainanensis_MQYXUWHLBZFQQO
606,drypetes hainanensis merr,β-sitosterol,Drypetes hainanensis,Drypetes hainanensis Merr.,KZJWDPNRJALLNS,10.1016/j.jep.2016.06.060,Drypetes hainanensis_KZJWDPNRJALLNS
607,drypetes hainanensis merr,friedelin,Drypetes hainanensis,Drypetes hainanensis Merr.,OFMXGFHWLZPCFL,10.1016/j.jep.2016.06.060,Drypetes hainanensis_OFMXGFHWLZPCFL
608,drypetes hainanensis merr,stigmasterol,Drypetes hainanensis,Drypetes hainanensis Merr.,HCXVJBMSMIARIN,10.1016/j.jep.2016.06.060,Drypetes hainanensis_HCXVJBMSMIARIN
610,drypetes hieranensis hayata,β-sitosterol,Drypetes indica,Drypetes indica (Müll.Arg.) Pax & K.Hoffm.,KZJWDPNRJALLNS,10.1016/j.jep.2016.06.060,Drypetes indica_KZJWDPNRJALLNS
612,drypetes laciniata pax,drypemolundein b,Drypetes laciniata,Drypetes laciniata (Pax) Hutch.,KRAXVKNLVSFKDW,10.1016/j.jep.2016.06.060,Drypetes laciniata_KRAXVKNLVSFKDW
613,drypetes laciniata pax,chikusetsusaponin iva methyl ester,Drypetes laciniata,Drypetes laciniata (Pax) Hutch.,XPORLJWHBRUXGD,10.1016/j.jep.2016.06.060,Drypetes laciniata_XPORLJWHBRUXGD
614,drypetes laciniata pax,β-sitosterol,Drypetes laciniata,Drypetes laciniata (Pax) Hutch.,KZJWDPNRJALLNS,10.1016/j.jep.2016.06.060,Drypetes laciniata_KZJWDPNRJALLNS
616,drypetes laciniata pax,stigmasterol,Drypetes laciniata,Drypetes laciniata (Pax) Hutch.,HCXVJBMSMIARIN,10.1016/j.jep.2016.06.060,Drypetes laciniata_HCXVJBMSMIARIN
619,drypetes littoralis (c. b. rob.) merr,amentoflavone,Drypetes littoralis,Drypetes littoralis (C.B.Rob.) Merr.,YUSWMAULDXZHPY,10.1016/j.jep.2016.06.060,Drypetes littoralis_YUSWMAULDXZHPY
620,drypetes littoralis (c. b. rob.) merr,3-hydroxy-1-(4-hydroxy-3-methoxyphenyl)-1-propanone,Drypetes littoralis,Drypetes littoralis (C.B.Rob.) Merr.,NXCPMSUBVRGTSE,10.1016/j.jep.2016.06.060,Drypetes littoralis_NXCPMSUBVRGTSE
623,drypetes littoralis (c. b. rob.) merr,α-amyrin,Drypetes littoralis,Drypetes littoralis (C.B.Rob.) Merr.,FSLPMRQHCOLESF,10.1016/j.jep.2016.06.060,Drypetes littoralis_FSLPMRQHCOLESF
625,drypetes littoralis (c. b. rob.) merr,β-sitosterol,Drypetes littoralis,Drypetes littoralis (C.B.Rob.) Merr.,KZJWDPNRJALLNS,10.1016/j.jep.2016.06.060,Drypetes littoralis_KZJWDPNRJALLNS
628,drypetes littoralis (c. b. rob.) merr,stigmasterol,Drypetes littoralis,Drypetes littoralis (C.B.Rob.) Merr.,HCXVJBMSMIARIN,10.1016/j.jep.2016.06.060,Drypetes littoralis_HCXVJBMSMIARIN
634,drypetes molunduana pax. & k. hoffm,friedelin,Drypetes stipularis,Drypetes stipularis (Müll.Arg.) Hutch.,OFMXGFHWLZPCFL,10.1016/j.jep.2016.06.060,Drypetes stipularis_OFMXGFHWLZPCFL
636,drypetes parvifolia (müll. arg.) pax. & k. hoffm,drypemolundein b,Drypetes parvifolia,Drypetes parvifolia (Müll.Arg.) Pax & K.Hoffm.,KRAXVKNLVSFKDW,10.1016/j.jep.2016.06.060,Drypetes parvifolia_KRAXVKNLVSFKDW
637,drypetes parvifolia (müll. arg.) pax. & k. hoffm,stigmasterol,Drypetes parvifolia,Drypetes parvifolia (Müll.Arg.) Pax & K.Hoffm.,HCXVJBMSMIARIN,10.1016/j.jep.2016.06.060,Drypetes parvifolia_HCXVJBMSMIARIN
638,drypetes parvifolia (müll. arg.) pax. & k. hoffm,β-sitosterol,Drypetes parvifolia,Drypetes parvifolia (Müll.Arg.) Pax & K.Hoffm.,KZJWDPNRJALLNS,10.1016/j.jep.2016.06.060,Drypetes parvifolia_KZJWDPNRJALLNS
639,drypetes parvifolia (müll. arg.) pax. & k. hoffm,friedelin,Drypetes parvifolia,Drypetes parvifolia (Müll.Arg.) Pax & K.Hoffm.,OFMXGFHWLZPCFL,10.1016/j.jep.2016.06.060,Drypetes parvifolia_OFMXGFHWLZPCFL
641,drypetes paxii hutch,drypemolundein b,Drypetes paxii,Drypetes paxii Hutch.,KRAXVKNLVSFKDW,10.1016/j.jep.2016.06.060,Drypetes paxii_KRAXVKNLVSFKDW
644,drypetes paxii hutch,stigmasterol,Drypetes paxii,Drypetes paxii Hutch.,HCXVJBMSMIARIN,10.1016/j.jep.2016.06.060,Drypetes paxii_HCXVJBMSMIARIN
645,drypetes perreticulata gagnep,betulonic acid,Drypetes perreticulata,Drypetes perreticulata Gagnep.,SLJTWDNVZKIDAU,10.1016/j.jep.2016.06.060,Drypetes perreticulata_SLJTWDNVZKIDAU
646,drypetes perreticulata gagnep,platanic acid,Drypetes perreticulata,Drypetes perreticulata Gagnep.,RVMPLOSJMIQORE,10.1016/j.jep.2016.06.060,Drypetes perreticulata_RVMPLOSJMIQORE
648,drypetes roxburghii (wall.) hurus,β-amyrin,Putranjiva roxburghii,Putranjiva roxburghii Wall.,JFSHUTJDVKUMTJ,10.1016/j.jep.2016.06.060,Putranjiva roxburghii_JFSHUTJDVKUMTJ
650,drypetes roxburghii (wall.) hurus,ellagic acid,Putranjiva roxburghii,Putranjiva roxburghii Wall.,AFSDNFLWKVMVRB,10.1016/j.jep.2016.06.060,Putranjiva roxburghii_AFSDNFLWKVMVRB
651,drypetes roxburghii (wall.) hurus,oleanolic acid,Putranjiva roxburghii,Putranjiva roxburghii Wall.,MIJYXULNPSFWEK,10.1016/j.jep.2016.06.060,Putranjiva roxburghii_MIJYXULNPSFWEK
652,drypetes roxburghii (wall.) hurus,gallocatechin,Putranjiva roxburghii,Putranjiva roxburghii Wall.,XMOCLSLCDHWDHP,10.1016/j.jep.2016.06.060,Putranjiva roxburghii_XMOCLSLCDHWDHP
653,drypetes roxburghii (wall.) hurus,β-amyrin palmitate,Putranjiva roxburghii,Putranjiva roxburghii Wall.,VFSRKCNYYCXRGI,10.1016/j.jep.2016.06.060,Putranjiva roxburghii_VFSRKCNYYCXRGI
654,drypetes roxburghii (wall.) hurus,gallic acid,Putranjiva roxburghii,Putranjiva roxburghii Wall.,LNTHITQWFMADLM,10.1016/j.jep.2016.06.060,Putranjiva roxburghii_LNTHITQWFMADLM
656,drypetes tessmanniana pax,drypemolundein b,Drypetes chevalieri,Drypetes chevalieri Beille,KRAXVKNLVSFKDW,10.1016/j.jep.2016.06.060,Drypetes chevalieri_KRAXVKNLVSFKDW
657,drypetes tessmanniana pax,stigmasterol,Drypetes chevalieri,Drypetes chevalieri Beille,HCXVJBMSMIARIN,10.1016/j.jep.2016.06.060,Drypetes chevalieri_HCXVJBMSMIARIN
661,drypetes congestiflora chuin & t. chen,platanic acid,Drypetes congestiflora,Drypetes congestiflora Chun & T.Chen,RVMPLOSJMIQORE,10.1016/j.jep.2016.06.060,Drypetes congestiflora_RVMPLOSJMIQORE
662,drypetes congestiflora chuin & t. chen,betulinic acid,Drypetes congestiflora,Drypetes congestiflora Chun & T.Chen,QGJZLNKBHJESQX,10.1016/j.jep.2016.06.060,Drypetes congestiflora_QGJZLNKBHJESQX
663,drypetes cumingii baill,squalene,Drypetes cumingii,Drypetes cumingii (Baill.) Pax & K.Hoffm.,YYGNTYWPHWGJRM,10.1016/j.jep.2016.06.060,Drypetes cumingii_YYGNTYWPHWGJRM
664,drypetes cumingii baill,disparlure,Drypetes cumingii,Drypetes cumingii (Baill.) Pax & K.Hoffm.,HFOFYNMWYRXIBP,10.1016/j.jep.2016.06.060,Drypetes cumingii_HFOFYNMWYRXIBP
665,drypetes cumingii baill,ethyl oleate,Drypetes cumingii,Drypetes cumingii (Baill.) Pax & K.Hoffm.,LVGKNOAMLMIIKO,10.1016/j.jep.2016.06.060,Drypetes cumingii_LVGKNOAMLMIIKO
666,drypetes cumingii baill,nerolidol,Drypetes cumingii,Drypetes cumingii (Baill.) Pax & K.Hoffm.,FQTLCLSUCSAZDY,10.1016/j.jep.2016.06.060,Drypetes cumingii_FQTLCLSUCSAZDY
667,drypetes hoanensis gagnep,vanillin,Drypetes,Drypetes Vahl,MWOOGOJBHIARFG,10.1016/j.jep.2016.06.060,Drypetes_MWOOGOJBHIARFG
668,drypetes hoanensis gagnep,coniferaldehyde,Drypetes,Drypetes Vahl,DKZBBWMURDFHNE,10.1016/j.jep.2016.06.060,Drypetes_DKZBBWMURDFHNE
669,drypetes hoanensis gagnep,3-hydroxy-1-(4-hydroxy-3-methoxyphenyl)-1-propanone,Drypetes,Drypetes Vahl,NXCPMSUBVRGTSE,10.1016/j.jep.2016.06.060,Drypetes_NXCPMSUBVRGTSE
670,drypetes hoanensis gagnep,syringaldehyde,Drypetes,Drypetes Vahl,KCDXJAYRVLXPFO,10.1016/j.jep.2016.06.060,Drypetes_KCDXJAYRVLXPFO
671,drypetes hoanensis gagnep,(-)-syringaresinol,Drypetes,Drypetes Vahl,KOWMJRJXZMEZLD,10.1016/j.jep.2016.06.060,Drypetes_KOWMJRJXZMEZLD
672,drypetes hoanensis gagnep,smilaside c,Drypetes,Drypetes Vahl,XPMSXAVTDBNKAT,10.1016/j.jep.2016.06.060,Drypetes_XPMSXAVTDBNKAT
673,drypetes inaequalis hutch,drypemolundein b,Drypetes inaequalis,Drypetes inaequalis Hutch.,KRAXVKNLVSFKDW,10.1016/j.jep.2016.06.060,Drypetes inaequalis_KRAXVKNLVSFKDW
688,scutellaria barbata d.don,6-o-nicotinoylscutebarbatine g,Scutellaria barbata,Scutellaria barbata D.Don,QPWJGKJBKYBIBK,10.1177/1934578x19880645,Scutellaria barbata_QPWJGKJBKYBIBK
689,scutellaria barbata d.don,"3,7,11,15-tetramethyl-2-hexadecen-1-ol",Scutellaria barbata,Scutellaria barbata D.Don,BOTWFXYSPFMFNR,10.1177/1934578x19880645,Scutellaria barbata_BOTWFXYSPFMFNR
694,scutellaria barbata d.don,1-octen-3-ol,Scutellaria barbata,Scutellaria barbata D.Don,VSMOENVRRABVKN,10.1177/1934578x19880645,Scutellaria barbata_VSMOENVRRABVKN
695,scutellaria barbata d.don,menthol,Scutellaria barbata,Scutellaria barbata D.Don,NOOLISFMXDJSKH,10.1177/1934578x19880645,Scutellaria barbata_NOOLISFMXDJSKH
699,phaseolus vulgaris,glycosides,Phaseolus vulgaris,Phaseolus vulgaris L.,LPMXVESGRSUGHW,10.1016/j.jspr.2017.09.003,Phaseolus vulgaris_LPMXVESGRSUGHW
700,vigna unguiculata,dimethyl-disulphide,Vigna unguiculata,Vigna unguiculata (L.) Walp.,WQOXQRCZOLPYPM,10.1016/j.jspr.2017.09.003,Vigna unguiculata_WQOXQRCZOLPYPM
703,vigna unguiculata,glycosides,Vigna unguiculata,Vigna unguiculata (L.) Walp.,LPMXVESGRSUGHW,10.1016/j.jspr.2017.09.003,Vigna unguiculata_LPMXVESGRSUGHW
704,vigna unguiculata,hexanal,Vigna unguiculata,Vigna unguiculata (L.) Walp.,JARKCYVAAOWBJS,10.1016/j.jspr.2017.09.003,Vigna unguiculata_JARKCYVAAOWBJS
708,moringa oleifera lam,o-ethyl-4-(α-l-rhamnosyloxy)benzyl carbamate,Moringa oleifera,Moringa oleifera Lam.,RFFHVLIZWSJUPP,10.22270/jddt.v7i6.1522,Moringa oleifera_RFFHVLIZWSJUPP
710,moringa oleifera lam,pterygospermin,Moringa oleifera,Moringa oleifera Lam.,OGWNPNIRZURLGD,10.22270/jddt.v7i6.1522,Moringa oleifera_OGWNPNIRZURLGD
712,moringa oleifera lam,β-carotene,Moringa oleifera,Moringa oleifera Lam.,OENHQHLEOONYIE,10.22270/jddt.v7i6.1522,Moringa oleifera_OENHQHLEOONYIE
716,moringa oleifera lam,"n,α-l-rhamnopyranosyl vincosamide",Moringa oleifera,Moringa oleifera Lam.,UYZWETYQWXDQOM,10.22270/jddt.v7i6.1522,Moringa oleifera_UYZWETYQWXDQOM
721,suregada adenophora baill,α-homonojirimycin,Suregada adenophora,Suregada adenophora Baill.,CLVUFWXGNIFGNC,10.3390/ph16101390.,Suregada adenophora_CLVUFWXGNIFGNC
724,suregada angustifolia (müll.arg.) airy shaw,baurenol,Suregada lanceolata,Suregada lanceolata (Willd.) Kuntze,TZVDWGXUGGUMCE,10.3390/ph16101390.,Suregada lanceolata_TZVDWGXUGGUMCE
738,suregada multiflora (a. juss.) baill,syringaresinol,Suregada multiflora,Suregada multiflora (A.Juss.) Baill.,KOWMJRJXZMEZLD,10.3390/ph16101390.,Suregada multiflora_KOWMJRJXZMEZLD
743,suregada multiflora (a. juss.) baill,pinoresinol,Suregada multiflora,Suregada multiflora (A.Juss.) Baill.,HGXBRUKMWQGOIE,10.3390/ph16101390.,Suregada multiflora_HGXBRUKMWQGOIE
744,suregada zanzibariensis baill,simiarenol,Suregada zanzibariensis,Suregada zanzibariensis Baill.,XVXPXUMUGATHPD,10.3390/ph16101390.,Suregada zanzibariensis_XVXPXUMUGATHPD
745,suregada zanzibariensis baill,jolkinolide b,Suregada zanzibariensis,Suregada zanzibariensis Baill.,SOVOCMGDFRGRKF,10.3390/ph16101390.,Suregada zanzibariensis_SOVOCMGDFRGRKF
746,suregada zanzibariensis baill,α-amyrin,Suregada zanzibariensis,Suregada zanzibariensis Baill.,FSLPMRQHCOLESF,10.3390/ph16101390.,Suregada zanzibariensis_FSLPMRQHCOLESF
747,suregada glomerulata (blume) baill,isoleucine,Suregada glomerulata,Suregada glomerulata (Blume) Baill.,AGPKZVBTJJNPAG,10.3390/ph16101390.,Suregada glomerulata_AGPKZVBTJJNPAG
748,suregada glomerulata (blume) baill,uridine,Suregada glomerulata,Suregada glomerulata (Blume) Baill.,DRTQHJPVMGBUCF,10.3390/ph16101390.,Suregada glomerulata_DRTQHJPVMGBUCF
749,suregada glomerulata (blume) baill,leucine,Suregada glomerulata,Suregada glomerulata (Blume) Baill.,ROHFNLRQFUQHCH,10.3390/ph16101390.,Suregada glomerulata_ROHFNLRQFUQHCH
750,suregada glomerulata (blume) baill,(r)-carnitine,Suregada glomerulata,Suregada glomerulata (Blume) Baill.,PHIQHXFUZVPYII,10.3390/ph16101390.,Suregada glomerulata_PHIQHXFUZVPYII
751,suregada glomerulata (blume) baill,lysine,Suregada glomerulata,Suregada glomerulata (Blume) Baill.,KDXKERNSBIXSRK,10.3390/ph16101390.,Suregada glomerulata_KDXKERNSBIXSRK
752,suregada glomerulata (blume) baill,uracil,Suregada glomerulata,Suregada glomerulata (Blume) Baill.,ISAKRJDGNUQOIC,10.3390/ph16101390.,Suregada glomerulata_ISAKRJDGNUQOIC
753,suregada glomerulata (blume) baill,guanosine,Suregada glomerulata,Suregada glomerulata (Blume) Baill.,NYHBQMYGNKIUIF,10.3390/ph16101390.,Suregada glomerulata_NYHBQMYGNKIUIF
754,suregada glomerulata (blume) baill,7-deoxy-homodmdp,Suregada glomerulata,Suregada glomerulata (Blume) Baill.,GBQAQDYHLUTAGE,10.3390/ph16101390.,Suregada glomerulata_GBQAQDYHLUTAGE
755,suregada glomerulata (blume) baill,"3h-imidazo [4,5-c]pyridine",Suregada glomerulata,Suregada glomerulata (Blume) Baill.,UBOOKRVGOBKDMM,10.3390/ph16101390.,Suregada glomerulata_UBOOKRVGOBKDMM
756,suregada glomerulata (blume) baill,γ-aminobutyric acid,Suregada glomerulata,Suregada glomerulata (Blume) Baill.,BTCSSZJGUNDROE,10.3390/ph16101390.,Suregada glomerulata_BTCSSZJGUNDROE
757,suregada glomerulata (blume) baill,proline,Suregada glomerulata,Suregada glomerulata (Blume) Baill.,ONIBWKKTOPOVIA,10.3390/ph16101390.,Suregada glomerulata_ONIBWKKTOPOVIA
758,suregada glomerulata (blume) baill,corymbol,Suregada glomerulata,Suregada glomerulata (Blume) Baill.,NRRPVTKXJHEKLP,10.3390/ph16101390.,Suregada glomerulata_NRRPVTKXJHEKLP
759,suregada glomerulata (blume) baill,alanine,Suregada glomerulata,Suregada glomerulata (Blume) Baill.,QNAYBMKLOCPYGJ,10.3390/ph16101390.,Suregada glomerulata_QNAYBMKLOCPYGJ
760,suregada glomerulata (blume) baill,"2,5-imino-2,5,6-trideoxy-d-gulo-heptitol",Suregada glomerulata,Suregada glomerulata (Blume) Baill.,AGFACLQFIYFFOI,10.3390/ph16101390.,Suregada glomerulata_AGFACLQFIYFFOI
761,suregada glomerulata (blume) baill,glutamic acid,Suregada glomerulata,Suregada glomerulata (Blume) Baill.,WHUUTDBJXJRKMK,10.3390/ph16101390.,Suregada glomerulata_WHUUTDBJXJRKMK
762,suregada gaultheriifolia radcl.-sm,α-homonojirimycin,Suregada gaultheriifolia,Suregada gaultheriifolia Radcl.-Sm.,CLVUFWXGNIFGNC,10.3390/ph16101390.,Suregada gaultheriifolia_CLVUFWXGNIFGNC
763,commiphora wightii (arnott) bhandari,3α-acetyloxy-5α-pregnan-16-one,Commiphora wightii,Commiphora wightii (Arn.) Bhandari,WIVPAKVRSDHFJL,10.1155/2015/138039,Commiphora wightii_WIVPAKVRSDHFJL
764,commiphora wightii (arnott) bhandari,glutamic acid,Commiphora wightii,Commiphora wightii (Arn.) Bhandari,WHUUTDBJXJRKMK,10.1155/2015/138039,Commiphora wightii_WHUUTDBJXJRKMK
765,commiphora wightii (arnott) bhandari,4-epiisocembrol,Commiphora wightii,Commiphora wightii (Arn.) Bhandari,YAPXSYXFLHDPCK,10.1155/2015/138039,Commiphora wightii_YAPXSYXFLHDPCK
767,commiphora wightii (arnott) bhandari,cystine,Commiphora wightii,Commiphora wightii (Arn.) Bhandari,LEVWYRKDKASIDU,10.1155/2015/138039,Commiphora wightii_LEVWYRKDKASIDU
768,commiphora wightii (arnott) bhandari,threonine,Commiphora wightii,Commiphora wightii (Arn.) Bhandari,AYFVYJQAPQTCCC,10.1155/2015/138039,Commiphora wightii_AYFVYJQAPQTCCC
770,commiphora wightii (arnott) bhandari,myrcene,Commiphora wightii,Commiphora wightii (Arn.) Bhandari,UAHWPYUMFXYFJY,10.1155/2015/138039,Commiphora wightii_UAHWPYUMFXYFJY
771,commiphora wightii (arnott) bhandari,"4-pregnene-3,16-dione",Commiphora wightii,Commiphora wightii (Arn.) Bhandari,WAZCMUUVLNIUQT,10.1155/2015/138039,Commiphora wightii_WAZCMUUVLNIUQT
774,commiphora wightii (arnott) bhandari,cadinene,Commiphora wightii,Commiphora wightii (Arn.) Bhandari,HNTISMRTGMVWGH,10.1155/2015/138039,Commiphora wightii_HNTISMRTGMVWGH
775,commiphora wightii (arnott) bhandari,arginine,Commiphora wightii,Commiphora wightii (Arn.) Bhandari,ODKSFYDXXFIFQN,10.1155/2015/138039,Commiphora wightii_ODKSFYDXXFIFQN
778,commiphora wightii (arnott) bhandari,dimyrcene,Commiphora wightii,Commiphora wightii (Arn.) Bhandari,GJYJYFHBOBUTBY,10.1155/2015/138039,Commiphora wightii_GJYJYFHBOBUTBY
780,commiphora wightii (arnott) bhandari,isocembrol,Commiphora wightii,Commiphora wightii (Arn.) Bhandari,YAPXSYXFLHDPCK,10.1155/2015/138039,Commiphora wightii_YAPXSYXFLHDPCK
784,commiphora wightii (arnott) bhandari,tryptophan,Commiphora wightii,Commiphora wightii (Arn.) Bhandari,QIVBCDIJIAJPQS,10.1155/2015/138039,Commiphora wightii_QIVBCDIJIAJPQS
786,commiphora wightii (arnott) bhandari,mansumbinoic acid,Commiphora wightii,Commiphora wightii (Arn.) Bhandari,GZLOULXNCLGCGH,10.1155/2015/138039,Commiphora wightii_GZLOULXNCLGCGH
787,commiphora wightii (arnott) bhandari,lysine,Commiphora wightii,Commiphora wightii (Arn.) Bhandari,KDXKERNSBIXSRK,10.1155/2015/138039,Commiphora wightii_KDXKERNSBIXSRK
788,commiphora wightii (arnott) bhandari,isoleucine,Commiphora wightii,Commiphora wightii (Arn.) Bhandari,AGPKZVBTJJNPAG,10.1155/2015/138039,Commiphora wightii_AGPKZVBTJJNPAG
789,commiphora wightii (arnott) bhandari,"5,5'-tetrahydro-1h,3h-furo[3,4-c]furan-1,4-diylbis[7-(methoxy)-1,3-benzodioxole]",Commiphora wightii,Commiphora wightii (Arn.) Bhandari,KDZZYNRHNQOKQW,10.1155/2015/138039,Commiphora wightii_KDZZYNRHNQOKQW
790,commiphora wightii (arnott) bhandari,4-o-methyl-d-glucuronic acid,Commiphora wightii,Commiphora wightii (Arn.) Bhandari,QGGOCWIJGWDKHC,10.1155/2015/138039,Commiphora wightii_QGGOCWIJGWDKHC
795,commiphora wightii (arnott) bhandari,"nonadecan-1,2,3,4-tetrol",Commiphora wightii,Commiphora wightii (Arn.) Bhandari,IHTQWPAYRAHPFX,10.1155/2015/138039,Commiphora wightii_IHTQWPAYRAHPFX
796,commiphora wightii (arnott) bhandari,valine,Commiphora wightii,Commiphora wightii (Arn.) Bhandari,KZSNJWFQEVHDMF,10.1155/2015/138039,Commiphora wightii_KZSNJWFQEVHDMF
797,commiphora wightii (arnott) bhandari,l-fructose,Commiphora wightii,Commiphora wightii (Arn.) Bhandari,BJHIKXHVCXFQLS,10.1155/2015/138039,Commiphora wightii_BJHIKXHVCXFQLS
800,commiphora wightii (arnott) bhandari,leucine,Commiphora wightii,Commiphora wightii (Arn.) Bhandari,ROHFNLRQFUQHCH,10.1155/2015/138039,Commiphora wightii_ROHFNLRQFUQHCH
802,commiphora wightii (arnott) bhandari,aspartic acid,Commiphora wightii,Commiphora wightii (Arn.) Bhandari,CKLJMWTZIZZHCS,10.1155/2015/138039,Commiphora wightii_CKLJMWTZIZZHCS
803,commiphora wightii (arnott) bhandari,alanine,Commiphora wightii,Commiphora wightii (Arn.) Bhandari,QNAYBMKLOCPYGJ,10.1155/2015/138039,Commiphora wightii_QNAYBMKLOCPYGJ
804,commiphora wightii (arnott) bhandari,d-galactose,Commiphora wightii,Commiphora wightii (Arn.) Bhandari,WQZGKKKJIJFFOK,10.1155/2015/138039,Commiphora wightii_WQZGKKKJIJFFOK
805,commiphora wightii (arnott) bhandari,α-camphorene,Commiphora wightii,Commiphora wightii (Arn.) Bhandari,GJYJYFHBOBUTBY,10.1155/2015/138039,Commiphora wightii_GJYJYFHBOBUTBY
808,commiphora wightii (arnott) bhandari,serine,Commiphora wightii,Commiphora wightii (Arn.) Bhandari,MTCFGRXMJLQNBG,10.1155/2015/138039,Commiphora wightii_MTCFGRXMJLQNBG
809,commiphora wightii (arnott) bhandari,l-arabinose,Commiphora wightii,Commiphora wightii (Arn.) Bhandari,SRBFZHDQGSBBOR,10.1155/2015/138039,Commiphora wightii_SRBFZHDQGSBBOR
810,commiphora wightii (arnott) bhandari,proline,Commiphora wightii,Commiphora wightii (Arn.) Bhandari,ONIBWKKTOPOVIA,10.1155/2015/138039,Commiphora wightii_ONIBWKKTOPOVIA
812,commiphora wightii (arnott) bhandari,quercetin-3-o-β-d-glucuronide,Commiphora wightii,Commiphora wightii (Arn.) Bhandari,DUBCCGAQYVUYEU,10.1155/2015/138039,Commiphora wightii_DUBCCGAQYVUYEU
815,commiphora wightii (arnott) bhandari,mansumbinone,Commiphora wightii,Commiphora wightii (Arn.) Bhandari,SCVQXPPZHIKYMJ,10.1155/2015/138039,Commiphora wightii_SCVQXPPZHIKYMJ
816,commiphora wightii (arnott) bhandari,"eicosan-1,2,3,4-tetrol",Commiphora wightii,Commiphora wightii (Arn.) Bhandari,NBIAIONBZKKORG,10.1155/2015/138039,Commiphora wightii_NBIAIONBZKKORG
818,commiphora wightii (arnott) bhandari,(±) geraniol,Commiphora wightii,Commiphora wightii (Arn.) Bhandari,GLZPCOQZEFWAFX,10.1155/2015/138039,Commiphora wightii_GLZPCOQZEFWAFX
822,commiphora wightii (arnott) bhandari,tyrosine,Commiphora wightii,Commiphora wightii (Arn.) Bhandari,OUYCCCASQSFEME,10.1155/2015/138039,Commiphora wightii_OUYCCCASQSFEME
824,commiphora wightii (arnott) bhandari,histidine,Commiphora wightii,Commiphora wightii (Arn.) Bhandari,HNDVDQJCIGZPNO,10.1155/2015/138039,Commiphora wightii_HNDVDQJCIGZPNO
825,commiphora wightii (arnott) bhandari,"(2e,12e)-2,7,13-trimethyl-9-(1-methylethyl)-15-oxabicyclo[12.1.0]pentadeca-2,12-diene-7-ol",Commiphora wightii,Commiphora wightii (Arn.) Bhandari,XSSMDTVJJYPPJB,10.1155/2015/138039,Commiphora wightii_XSSMDTVJJYPPJB
826,commiphora wightii (arnott) bhandari,"octadecan-1,2,3,4-tetrol",Commiphora wightii,Commiphora wightii (Arn.) Bhandari,VTIMCYVWFFHKIG,10.1155/2015/138039,Commiphora wightii_VTIMCYVWFFHKIG
828,desmodium gangeticum (l.) dc,"1,14 tetradecanediol",Pleurolobus gangeticus,Pleurolobus gangeticus (L.) J.St.-Hil. ex H.Ohashi & K.Ohashi,XLKZJJVNBQCVIX,10.14719/pst.1737,Pleurolobus gangeticus_XLKZJJVNBQCVIX
829,desmodium gangeticum (l.) dc,stigmasterol,Pleurolobus gangeticus,Pleurolobus gangeticus (L.) J.St.-Hil. ex H.Ohashi & K.Ohashi,HCXVJBMSMIARIN,10.14719/pst.1737,Pleurolobus gangeticus_HCXVJBMSMIARIN
830,desmodium gangeticum (l.) dc,lupeol,Pleurolobus gangeticus,Pleurolobus gangeticus (L.) J.St.-Hil. ex H.Ohashi & K.Ohashi,MQYXUWHLBZFQQO,10.14719/pst.1737,Pleurolobus gangeticus_MQYXUWHLBZFQQO
832,desmodium gangeticum (l.) dc,caffeic acid,Pleurolobus gangeticus,Pleurolobus gangeticus (L.) J.St.-Hil. ex H.Ohashi & K.Ohashi,QAIPRVGONGVQAS,10.14719/pst.1737,Pleurolobus gangeticus_QAIPRVGONGVQAS
833,desmodium gangeticum (l.) dc,n-hexadecanoic acid,Pleurolobus gangeticus,Pleurolobus gangeticus (L.) J.St.-Hil. ex H.Ohashi & K.Ohashi,IPCSVZSSVZVIGE,10.14719/pst.1737,Pleurolobus gangeticus_IPCSVZSSVZVIGE
834,desmodium gangeticum (l.) dc,4 dodecanol,Pleurolobus gangeticus,Pleurolobus gangeticus (L.) J.St.-Hil. ex H.Ohashi & K.Ohashi,ZGSIAHIBHSEKPB,10.14719/pst.1737,Pleurolobus gangeticus_ZGSIAHIBHSEKPB
837,desmodium gangeticum (l.) dc,gallic acid,Pleurolobus gangeticus,Pleurolobus gangeticus (L.) J.St.-Hil. ex H.Ohashi & K.Ohashi,LNTHITQWFMADLM,10.14719/pst.1737,Pleurolobus gangeticus_LNTHITQWFMADLM
838,desmodium gangeticum (l.) dc,oleic acid,Pleurolobus gangeticus,Pleurolobus gangeticus (L.) J.St.-Hil. ex H.Ohashi & K.Ohashi,ZQPPMHVWECSIRJ,10.14719/pst.1737,Pleurolobus gangeticus_ZQPPMHVWECSIRJ
839,desmodium gangeticum (l.) dc,"1,2 benzenedicarboxylic acid bis (2 methylpropyl) ester",Pleurolobus gangeticus,Pleurolobus gangeticus (L.) J.St.-Hil. ex H.Ohashi & K.Ohashi,MGWAVDBGNNKXQV,10.14719/pst.1737,Pleurolobus gangeticus_MGWAVDBGNNKXQV
840,desmodium gangeticum (l.) dc,chlorogenic acid,Pleurolobus gangeticus,Pleurolobus gangeticus (L.) J.St.-Hil. ex H.Ohashi & K.Ohashi,CWVRJTMFETXNAD,10.14719/pst.1737,Pleurolobus gangeticus_CWVRJTMFETXNAD
841,desmodium gangeticum (l.) dc,10 undecenal,Pleurolobus gangeticus,Pleurolobus gangeticus (L.) J.St.-Hil. ex H.Ohashi & K.Ohashi,OFHHDSQXFXLTKC,10.14719/pst.1737,Pleurolobus gangeticus_OFHHDSQXFXLTKC
842,desmodium gangeticum (l.) dc,octadecanoic acid,Pleurolobus gangeticus,Pleurolobus gangeticus (L.) J.St.-Hil. ex H.Ohashi & K.Ohashi,QIQXTHQIDYTFRH,10.14719/pst.1737,Pleurolobus gangeticus_QIQXTHQIDYTFRH
844,desmodium gangeticum (l.) dc,2 methyl pentanal,Pleurolobus gangeticus,Pleurolobus gangeticus (L.) J.St.-Hil. ex H.Ohashi & K.Ohashi,FTZILAQGHINQQR,10.14719/pst.1737,Pleurolobus gangeticus_FTZILAQGHINQQR
846,desmodium gangeticum (l.) dc,daidzein,Pleurolobus gangeticus,Pleurolobus gangeticus (L.) J.St.-Hil. ex H.Ohashi & K.Ohashi,ZQSIJRDFPHDXIC,10.14719/pst.1737,Pleurolobus gangeticus_ZQSIJRDFPHDXIC
848,desmodium gangeticum (l.) dc,quercetin,Pleurolobus gangeticus,Pleurolobus gangeticus (L.) J.St.-Hil. ex H.Ohashi & K.Ohashi,REFJWTPEDVJJIY,10.14719/pst.1737,Pleurolobus gangeticus_REFJWTPEDVJJIY
851,desmodium gangeticum (l.) dc,"9,12-octadecadienoic acid",Pleurolobus gangeticus,Pleurolobus gangeticus (L.) J.St.-Hil. ex H.Ohashi & K.Ohashi,OYHQOLUKZRVURQ,10.14719/pst.1737,Pleurolobus gangeticus_OYHQOLUKZRVURQ
853,desmodium gangeticum (l.) dc,kaempferol,Pleurolobus gangeticus,Pleurolobus gangeticus (L.) J.St.-Hil. ex H.Ohashi & K.Ohashi,IYRMWMYZSQPJKC,10.14719/pst.1737,Pleurolobus gangeticus_IYRMWMYZSQPJKC
855,desmodium gangeticum (l.) dc,lauric acid,Pleurolobus gangeticus,Pleurolobus gangeticus (L.) J.St.-Hil. ex H.Ohashi & K.Ohashi,POULHZVOKOAJMA,10.14719/pst.1737,Pleurolobus gangeticus_POULHZVOKOAJMA
856,desmodium gangeticum (l.) dc,tortoside a,Pleurolobus gangeticus,Pleurolobus gangeticus (L.) J.St.-Hil. ex H.Ohashi & K.Ohashi,WEKCEGQSIIQPAQ,10.14719/pst.1737,Pleurolobus gangeticus_WEKCEGQSIIQPAQ
858,rosmarinus officinalis,galanthamine,Salvia rosmarinus,Salvia rosmarinus Spenn.,ASUTZQLVASHGKV,10.5772/66605,Salvia rosmarinus_ASUTZQLVASHGKV
860,rosmarinus officinalis,isoaromadendrene epoxide,Salvia rosmarinus,Salvia rosmarinus Spenn.,GLKQAHXBJLGAFT,10.5772/66605,Salvia rosmarinus_GLKQAHXBJLGAFT
861,rosmarinus officinalis,retinoic acid,Salvia rosmarinus,Salvia rosmarinus Spenn.,SHGAZHPCJJPHSC,10.5772/66605,Salvia rosmarinus_SHGAZHPCJJPHSC
864,rosmarinus officinalis,cis-vaccenic acid,Salvia rosmarinus,Salvia rosmarinus Spenn.,UWHZIFQPPBDJPM,10.5772/66605,Salvia rosmarinus_UWHZIFQPPBDJPM
869,rosmarinus officinalis,"7,8,12-tri-o-acetyl-3-desoxy-ingol-3-one",Salvia rosmarinus,Salvia rosmarinus Spenn.,BHTAFTNGDRTCPM,10.5772/66605,Salvia rosmarinus_BHTAFTNGDRTCPM
872,kirganelia reticulata (poir) baill,quercetrin,Phyllanthus reticulatus,Phyllanthus reticulatus Poir.,OXGUCUVFOIWWQJ,10.22270/jddt.v3i6.688,Phyllanthus reticulatus_OXGUCUVFOIWWQJ
874,kirganelia reticulata (poir) baill,octacosanol,Phyllanthus reticulatus,Phyllanthus reticulatus Poir.,CNNRPFQICPFDPO,10.22270/jddt.v3i6.688,Phyllanthus reticulatus_CNNRPFQICPFDPO
876,kirganelia reticulata (poir) baill,isoguanine,Phyllanthus reticulatus,Phyllanthus reticulatus Poir.,DRAVOWXCEBXPTN,10.22270/jddt.v3i6.688,Phyllanthus reticulatus_DRAVOWXCEBXPTN
877,kirganelia reticulata (poir) baill,stigmasterol,Phyllanthus reticulatus,Phyllanthus reticulatus Poir.,HCXVJBMSMIARIN,10.22270/jddt.v3i6.688,Phyllanthus reticulatus_HCXVJBMSMIARIN
879,kirganelia reticulata (poir) baill,ellagic acid,Phyllanthus reticulatus,Phyllanthus reticulatus Poir.,AFSDNFLWKVMVRB,10.22270/jddt.v3i6.688,Phyllanthus reticulatus_AFSDNFLWKVMVRB
880,kirganelia reticulata (poir) baill,lupeol,Phyllanthus reticulatus,Phyllanthus reticulatus Poir.,MQYXUWHLBZFQQO,10.22270/jddt.v3i6.688,Phyllanthus reticulatus_MQYXUWHLBZFQQO
881,kirganelia reticulata (poir) baill,stigmast-22-en-3-ol,Phyllanthus reticulatus,Phyllanthus reticulatus Poir.,CSVWWLUMXNHWSU,10.22270/jddt.v3i6.688,Phyllanthus reticulatus_CSVWWLUMXNHWSU
882,kirganelia reticulata (poir) baill,quercetin 3-o-α-l rhamnopyranoside,Phyllanthus reticulatus,Phyllanthus reticulatus Poir.,OXGUCUVFOIWWQJ,10.22270/jddt.v3i6.688,Phyllanthus reticulatus_OXGUCUVFOIWWQJ
883,kirganelia reticulata (poir) baill,taraxerone,Phyllanthus reticulatus,Phyllanthus reticulatus Poir.,DBCAVZSSFGIHQZ,10.22270/jddt.v3i6.688,Phyllanthus reticulatus_DBCAVZSSFGIHQZ
887,kirganelia reticulata (poir) baill,tricin,Phyllanthus reticulatus,Phyllanthus reticulatus Poir.,HRGUSFBJBOKSML,10.22270/jddt.v3i6.688,Phyllanthus reticulatus_HRGUSFBJBOKSML
888,kirganelia reticulata (poir) baill,methyl gallate,Phyllanthus reticulatus,Phyllanthus reticulatus Poir.,FBSFWRHWHYMIOG,10.22270/jddt.v3i6.688,Phyllanthus reticulatus_FBSFWRHWHYMIOG
889,kirganelia reticulata (poir) baill,"3,4,3'-tri-o-methylellagic acid",Phyllanthus reticulatus,Phyllanthus reticulatus Poir.,LXEQIOGTMDLLEC,10.22270/jddt.v3i6.688,Phyllanthus reticulatus_LXEQIOGTMDLLEC
890,kirganelia reticulata (poir) baill,rutin,Phyllanthus reticulatus,Phyllanthus reticulatus Poir.,IKGXIBQEEMLURG,10.22270/jddt.v3i6.688,Phyllanthus reticulatus_IKGXIBQEEMLURG
891,kirganelia reticulata (poir) baill,gallic acid,Phyllanthus reticulatus,Phyllanthus reticulatus Poir.,LNTHITQWFMADLM,10.22270/jddt.v3i6.688,Phyllanthus reticulatus_LNTHITQWFMADLM
892,kirganelia reticulata (poir) baill,corilagin,Phyllanthus reticulatus,Phyllanthus reticulatus Poir.,TUSDEZXZIZRFGC,10.22270/jddt.v3i6.688,Phyllanthus reticulatus_TUSDEZXZIZRFGC
893,kirganelia reticulata (poir) baill,pentacosane,Phyllanthus reticulatus,Phyllanthus reticulatus Poir.,YKNWIILGEFFOPE,10.22270/jddt.v3i6.688,Phyllanthus reticulatus_YKNWIILGEFFOPE
894,kirganelia reticulata (poir) baill,octacosane,Phyllanthus reticulatus,Phyllanthus reticulatus Poir.,ZYURHZPYMFLWSH,10.22270/jddt.v3i6.688,Phyllanthus reticulatus_ZYURHZPYMFLWSH
895,kirganelia reticulata (poir) baill,sorghumol,Phyllanthus reticulatus,Phyllanthus reticulatus Poir.,VWYANPOOORUCFJ,10.22270/jddt.v3i6.688,Phyllanthus reticulatus_VWYANPOOORUCFJ
896,kirganelia reticulata (poir) baill,lupeol acetate,Phyllanthus reticulatus,Phyllanthus reticulatus Poir.,ODSSDTBFHAYYMD,10.22270/jddt.v3i6.688,Phyllanthus reticulatus_ODSSDTBFHAYYMD
897,kirganelia reticulata (poir) baill,methyl brevifolincarboxylate,Phyllanthus reticulatus,Phyllanthus reticulatus Poir.,JNWDNAASYHRXMG,10.22270/jddt.v3i6.688,Phyllanthus reticulatus_JNWDNAASYHRXMG
899,kirganelia reticulata (poir) baill,"(5r*, 6r*)-4,6-dimethoxycarbonyl-5-[2',3',4'-trihydroxy-6'-(methoxycarbonyl)-phenyl]-5,6-dihydro-2h-pyran-2-one",Phyllanthus reticulatus,Phyllanthus reticulatus Poir.,UXMVULANWQFFRB,10.22270/jddt.v3i6.688,Phyllanthus reticulatus_UXMVULANWQFFRB
902,kirganelia reticulata (poir) baill,quercetin 3-o-β-d-glucopyranoside,Phyllanthus reticulatus,Phyllanthus reticulatus Poir.,OVSQVDMCBVZWGM,10.22270/jddt.v3i6.688,Phyllanthus reticulatus_OVSQVDMCBVZWGM
905,kirganelia reticulata (poir) baill,quercetin,Phyllanthus reticulatus,Phyllanthus reticulatus Poir.,REFJWTPEDVJJIY,10.22270/jddt.v3i6.688,Phyllanthus reticulatus_REFJWTPEDVJJIY
906,kirganelia reticulata (poir) baill,hovetrichoside a,Phyllanthus reticulatus,Phyllanthus reticulatus Poir.,COCNEZCGILVYSK,10.22270/jddt.v3i6.688,Phyllanthus reticulatus_COCNEZCGILVYSK
907,kirganelia reticulata (poir) baill,kaempferol,Phyllanthus reticulatus,Phyllanthus reticulatus Poir.,IYRMWMYZSQPJKC,10.22270/jddt.v3i6.688,Phyllanthus reticulatus_IYRMWMYZSQPJKC
908,kirganelia reticulata (poir) baill,betulin,Phyllanthus reticulatus,Phyllanthus reticulatus Poir.,FVWJYYTZTCVBKE,10.22270/jddt.v3i6.688,Phyllanthus reticulatus_FVWJYYTZTCVBKE
909,kirganelia reticulata (poir) baill,astragalin,Phyllanthus reticulatus,Phyllanthus reticulatus Poir.,JPUKWEQWGBDDQB,10.22270/jddt.v3i6.688,Phyllanthus reticulatus_JPUKWEQWGBDDQB
911,kirganelia reticulata (poir) baill,sorghumol acetate,Phyllanthus reticulatus,Phyllanthus reticulatus Poir.,WQWTUUFHPFYTRZ,10.22270/jddt.v3i6.688,Phyllanthus reticulatus_WQWTUUFHPFYTRZ
912,dehaasia triandra merr,daphnoline,Dehaasia incrassata,Dehaasia incrassata (Jack) Nees,AKGWXHYTRBFUAD,10.7324/japs.2017.70333,Dehaasia incrassata_AKGWXHYTRBFUAD
923,dehaasia triandra merr,colorflammine,Dehaasia incrassata,Dehaasia incrassata (Jack) Nees,FQLSJTUCUXCUAQ,10.7324/japs.2017.70333,Dehaasia incrassata_FQLSJTUCUXCUAQ
927,dehaasia longipedicellata (ridl.) kosterm,(-)-reticuline,Dehaasia longipedicellata,Dehaasia longipedicellata (Ridl.) Kosterm.,BHLYRWXGMIUIHG,10.7324/japs.2017.70333,Dehaasia longipedicellata_BHLYRWXGMIUIHG
928,dehaasia longipedicellata (ridl.) kosterm,"2,7-dihydroxy-3,6-dimethoxyphenanthrene",Dehaasia longipedicellata,Dehaasia longipedicellata (Ridl.) Kosterm.,CUXRVDHWASAMBP,10.7324/japs.2017.70333,Dehaasia longipedicellata_CUXRVDHWASAMBP
935,dehaasia candolleana (meisn.) kosterm,grisabine,Dehaasia candolleana,Dehaasia candolleana (Meisn.) Kosterm.,ZKGBUDJODLZAHS,10.7324/japs.2017.70333,Dehaasia candolleana_ZKGBUDJODLZAHS
938,dehaasia kurzii king ex hook. f,boldine,Dehaasia kurzii,Dehaasia kurzii King ex Hook.f.,LZJRNLRASBVRRX,10.7324/japs.2017.70333,Dehaasia kurzii_LZJRNLRASBVRRX
939,alchornea floribunda (müll. arg,quercetin-3-o-α-l-rhamnopyranoside,Alchornea floribunda,Alchornea floribunda Müll.Arg.,OXGUCUVFOIWWQJ,10.4314/tjpr.v19i5.30,Alchornea floribunda_OXGUCUVFOIWWQJ
941,alchornea floribunda (müll. arg,3β-hydroxy-5α-stigmastane-24-ene,Alchornea floribunda,Alchornea floribunda Müll.Arg.,CJSJAHSQZQIOPX,10.4314/tjpr.v19i5.30,Alchornea floribunda_CJSJAHSQZQIOPX
942,alchornea floribunda (müll. arg,"5α-stigmastane-3,6-dione",Alchornea floribunda,Alchornea floribunda Müll.Arg.,HMMVBUVVQLUGQA,10.4314/tjpr.v19i5.30,Alchornea floribunda_HMMVBUVVQLUGQA
943,alchornea floribunda (müll. arg,"5α-stigmastane-23-ene-3,6-dione",Alchornea floribunda,Alchornea floribunda Müll.Arg.,IAZPSHZQJXOLCB,10.4314/tjpr.v19i5.30,Alchornea floribunda_IAZPSHZQJXOLCB
944,alchornea floribunda (müll. arg,yohimbine,Alchornea floribunda,Alchornea floribunda Müll.Arg.,BLGXFZZNTVWLAY,10.4314/tjpr.v19i5.30,Alchornea floribunda_BLGXFZZNTVWLAY
945,alchornea floribunda (müll. arg,kaempferol-3-o-α-l-rhamnopyranoside,Alchornea floribunda,Alchornea floribunda Müll.Arg.,SOSLMHZOJATCCP,10.4314/tjpr.v19i5.30,Alchornea floribunda_SOSLMHZOJATCCP
948,luffa acutangula (l.) roxb,"2-methyl-6-methylene-1,7-octadien-3-one",Luffa acutangula,Luffa acutangula (L.) Roxb.,YZWOKWMEQQCMRN,10.3389/fphar.2018.01177,Luffa acutangula_YZWOKWMEQQCMRN
949,luffa acutangula (l.) roxb,β-pinene,Luffa acutangula,Luffa acutangula (L.) Roxb.,WTARULDDTDQWMU,10.3389/fphar.2018.01177,Luffa acutangula_WTARULDDTDQWMU
950,luffa acutangula (l.) roxb,trans-linalool oxide,Luffa acutangula,Luffa acutangula (L.) Roxb.,BRHDDEIRQPDPMG,10.3389/fphar.2018.01177,Luffa acutangula_BRHDDEIRQPDPMG
951,luffa acutangula (l.) roxb,citronellyl tiglate,Luffa acutangula,Luffa acutangula (L.) Roxb.,UCFQYMKLDPWFHZ,10.3389/fphar.2018.01177,Luffa acutangula_UCFQYMKLDPWFHZ
952,luffa acutangula (l.) roxb,α-thujone,Luffa acutangula,Luffa acutangula (L.) Roxb.,USMNOWBWPHYOEA,10.3389/fphar.2018.01177,Luffa acutangula_USMNOWBWPHYOEA
953,luffa acutangula (l.) roxb,"d,l-limonene",Luffa acutangula,Luffa acutangula (L.) Roxb.,XMGQYMWWDOXHJM,10.3389/fphar.2018.01177,Luffa acutangula_XMGQYMWWDOXHJM
955,luffa acutangula (l.) roxb,trans-dihydrocarvone,Luffa acutangula,Luffa acutangula (L.) Roxb.,GCRTVIUGJCJVDD,10.3389/fphar.2018.01177,Luffa acutangula_GCRTVIUGJCJVDD
956,luffa acutangula (l.) roxb,"4,5-dimethyl-1-hexene",Luffa acutangula,Luffa acutangula (L.) Roxb.,UFWIBUBEFUNVNI,10.3389/fphar.2018.01177,Luffa acutangula_UFWIBUBEFUNVNI
957,luffa acutangula (l.) roxb,ascorbic acid,Luffa acutangula,Luffa acutangula (L.) Roxb.,CIWBSHSKHKDKBQ,10.3389/fphar.2018.01177,Luffa acutangula_CIWBSHSKHKDKBQ
958,luffa acutangula (l.) roxb,carotene,Luffa acutangula,Luffa acutangula (L.) Roxb.,ANVAOWXLWRTKGA,10.3389/fphar.2018.01177,Luffa acutangula_ANVAOWXLWRTKGA
959,luffa acutangula (l.) roxb,sabinene,Luffa acutangula,Luffa acutangula (L.) Roxb.,NDVASEGYNIMXJL,10.3389/fphar.2018.01177,Luffa acutangula_NDVASEGYNIMXJL
960,luffa acutangula (l.) roxb,1h-indole,Luffa acutangula,Luffa acutangula (L.) Roxb.,SIKJAQJRHWYJAI,10.3389/fphar.2018.01177,Luffa acutangula_SIKJAQJRHWYJAI
961,luffa acutangula (l.) roxb,"3,7,11,15-tetramethyl-2-hexadecen-1-ol",Luffa acutangula,Luffa acutangula (L.) Roxb.,BOTWFXYSPFMFNR,10.3389/fphar.2018.01177,Luffa acutangula_BOTWFXYSPFMFNR
962,luffa acutangula (l.) roxb,"1,8-dihydroxy-4-methylanthracene-9,10-dione",Luffa acutangula,Luffa acutangula (L.) Roxb.,SRVOZHBUHVINKL,10.3389/fphar.2018.01177,Luffa acutangula_SRVOZHBUHVINKL
963,luffa acutangula (l.) roxb,3-methyl-1-butanol,Luffa acutangula,Luffa acutangula (L.) Roxb.,PHTQWCKDNZKARW,10.3389/fphar.2018.01177,Luffa acutangula_PHTQWCKDNZKARW
964,luffa acutangula (l.) roxb,myristic acid,Luffa acutangula,Luffa acutangula (L.) Roxb.,TUNFSRHWOTWDNC,10.3389/fphar.2018.01177,Luffa acutangula_TUNFSRHWOTWDNC
965,luffa acutangula (l.) roxb,neryl acetate,Luffa acutangula,Luffa acutangula (L.) Roxb.,HIGQPQRQIQDZMP,10.3389/fphar.2018.01177,Luffa acutangula_HIGQPQRQIQDZMP
967,luffa acutangula (l.) roxb,cis-sabinene hydrate,Luffa acutangula,Luffa acutangula (L.) Roxb.,KXSDPILWMGFJMM,10.3389/fphar.2018.01177,Luffa acutangula_KXSDPILWMGFJMM
968,luffa acutangula (l.) roxb,α-pinene,Luffa acutangula,Luffa acutangula (L.) Roxb.,GRWFGVWFFZKLTI,10.3389/fphar.2018.01177,Luffa acutangula_GRWFGVWFFZKLTI
969,luffa acutangula (l.) roxb,α-thujene,Luffa acutangula,Luffa acutangula (L.) Roxb.,KQAZVFVOEIRWHN,10.3389/fphar.2018.01177,Luffa acutangula_KQAZVFVOEIRWHN
971,luffa acutangula (l.) roxb,β-terpinene,Luffa acutangula,Luffa acutangula (L.) Roxb.,SCWPFSIZUZUCCE,10.3389/fphar.2018.01177,Luffa acutangula_SCWPFSIZUZUCCE
972,luffa acutangula (l.) roxb,α-terpineol,Luffa acutangula,Luffa acutangula (L.) Roxb.,WUOACPNHFRMFPN,10.3389/fphar.2018.01177,Luffa acutangula_WUOACPNHFRMFPN
973,luffa acutangula (l.) roxb,γ-terpinene,Luffa acutangula,Luffa acutangula (L.) Roxb.,YKFLAYDHMOASIY,10.3389/fphar.2018.01177,Luffa acutangula_YKFLAYDHMOASIY
974,luffa acutangula (l.) roxb,"9,12,15-octadecatrienoic acid methyl ester",Luffa acutangula,Luffa acutangula (L.) Roxb.,DVWSXZIHSUZZKJ,10.3389/fphar.2018.01177,Luffa acutangula_DVWSXZIHSUZZKJ
975,luffa acutangula (l.) roxb,"3,4-dimethyl-2,4,6-octatriene",Luffa acutangula,Luffa acutangula (L.) Roxb.,WGAUMWNVHAMGJF,10.3389/fphar.2018.01177,Luffa acutangula_WGAUMWNVHAMGJF
977,luffa acutangula (l.) roxb,β-myrcene,Luffa acutangula,Luffa acutangula (L.) Roxb.,UAHWPYUMFXYFJY,10.3389/fphar.2018.01177,Luffa acutangula_UAHWPYUMFXYFJY
978,luffa acutangula (l.) roxb,linalool,Luffa acutangula,Luffa acutangula (L.) Roxb.,CDOSHBSSFJOMGT,10.3389/fphar.2018.01177,Luffa acutangula_CDOSHBSSFJOMGT
979,luffa acutangula (l.) roxb,"1,8-cineole",Luffa acutangula,Luffa acutangula (L.) Roxb.,WEEGYLXZBRQIMU,10.3389/fphar.2018.01177,Luffa acutangula_WEEGYLXZBRQIMU
980,luffa acutangula (l.) roxb,apigenin-7-glucoside,Luffa acutangula,Luffa acutangula (L.) Roxb.,KMOUJOKENFFTPU,10.3389/fphar.2018.01177,Luffa acutangula_KMOUJOKENFFTPU
981,luffa acutangula (l.) roxb,"(3β, 20r)-cholest-5-en-3-ol",Luffa acutangula,Luffa acutangula (L.) Roxb.,HVYWMOMLDIMFJA,10.3389/fphar.2018.01177,Luffa acutangula_HVYWMOMLDIMFJA
982,luffa acutangula (l.) roxb,luteolin-7-glucoside,Luffa acutangula,Luffa acutangula (L.) Roxb.,PEFNSGRTCBGNAN,10.3389/fphar.2018.01177,Luffa acutangula_PEFNSGRTCBGNAN
983,zingiber montanum,furanodienone,Zingiber montanum,Zingiber montanum (J.Koenig) Link ex A.Dietr.,XVOHELPNOXGRBQ,10.15123/uel.86z82,Zingiber montanum_XVOHELPNOXGRBQ
986,zingiber montanum,camphor,Zingiber montanum,Zingiber montanum (J.Koenig) Link ex A.Dietr.,DSSYKIVIOFKYAU,10.15123/uel.86z82,Zingiber montanum_DSSYKIVIOFKYAU
987,zingiber montanum,zerumbol,Zingiber montanum,Zingiber montanum (J.Koenig) Link ex A.Dietr.,NLCQRJBYGGWZRQ,10.15123/uel.86z82,Zingiber montanum_NLCQRJBYGGWZRQ
988,zingiber montanum,germacrone,Zingiber montanum,Zingiber montanum (J.Koenig) Link ex A.Dietr.,CAULGCQHVOVVRN,10.15123/uel.86z82,Zingiber montanum_CAULGCQHVOVVRN
989,uraria picta,eugenol,Uraria picta,Uraria picta (Jacq.) Desv. ex DC.,RRAFCDWBNXTKKO,10.15123/uel.86z82,Uraria picta_RRAFCDWBNXTKKO
990,diospyros malabarica,messagenin,Diospyros malabarica,Diospyros malabarica (Desr.) Kostel.,BSALBDFYJLSIOZ,10.15123/uel.86z82,Diospyros malabarica_BSALBDFYJLSIOZ
991,diospyros malabarica,betulone,Diospyros malabarica,Diospyros malabarica (Desr.) Kostel.,JYDNKGUBLIKNAM,10.15123/uel.86z82,Diospyros malabarica_JYDNKGUBLIKNAM
992,diospyros malabarica,betulinaldehyde,Diospyros malabarica,Diospyros malabarica (Desr.) Kostel.,FELCJAPFJOPHSD,10.15123/uel.86z82,Diospyros malabarica_FELCJAPFJOPHSD
995,cynometra ramiflora,glutinone,Cynometra ramiflora,Cynometra ramiflora L.,XUPCBKGIPJPDGW,10.15123/uel.86z82,Cynometra ramiflora_XUPCBKGIPJPDGW
996,cynometra ramiflora,glutinol,Cynometra ramiflora,Cynometra ramiflora L.,HFSACQSILLSUII,10.15123/uel.86z82,Cynometra ramiflora_HFSACQSILLSUII
997,cynometra ramiflora,ethyl 4-ethoxybenzoate,Cynometra ramiflora,Cynometra ramiflora L.,HRAQMGWTPNOILP,10.15123/uel.86z82,Cynometra ramiflora_HRAQMGWTPNOILP
1001,berberis asiatica,"2,2-dimethyl-3-pentanol",Berberis asiatica,Berberis asiatica Roxb. ex DC.,HMSVXZJWPVIVIV,10.3126/bibechana.v20i3.57711,Berberis asiatica_HMSVXZJWPVIVIV
1002,berberis asiatica,columbamine,Berberis asiatica,Berberis asiatica Roxb. ex DC.,YYFOFDHQVIODOQ,10.3126/bibechana.v20i3.57711,Berberis asiatica_YYFOFDHQVIODOQ
1003,berberis asiatica,4-methyl-2-pentanol,Berberis asiatica,Berberis asiatica Roxb. ex DC.,WVYWICLMDOOCFB,10.3126/bibechana.v20i3.57711,Berberis asiatica_WVYWICLMDOOCFB
1004,berberis asiatica,berberine,Berberis asiatica,Berberis asiatica Roxb. ex DC.,YBHILYKTIRIUTE,10.3126/bibechana.v20i3.57711,Berberis asiatica_YBHILYKTIRIUTE
1005,berberis asiatica,3-hexanol,Berberis asiatica,Berberis asiatica Roxb. ex DC.,ZOCHHNOQQHDWHG,10.3126/bibechana.v20i3.57711,Berberis asiatica_ZOCHHNOQQHDWHG
1006,berberis asiatica,"2,5-dimethyl-4-hydroxy-3-hexanone",Berberis asiatica,Berberis asiatica Roxb. ex DC.,SMYRRYXXNJLYLY,10.3126/bibechana.v20i3.57711,Berberis asiatica_SMYRRYXXNJLYLY
1007,berberis asiatica,2-methyl-2-pentanol,Berberis asiatica,Berberis asiatica Roxb. ex DC.,WFRBDWRZVBPBDO,10.3126/bibechana.v20i3.57711,Berberis asiatica_WFRBDWRZVBPBDO
1008,berberis asiatica,oxyacanthine,Berberis asiatica,Berberis asiatica Roxb. ex DC.,HGNHIFJNOKGSKI,10.3126/bibechana.v20i3.57711,Berberis asiatica_HGNHIFJNOKGSKI
1010,berberis asiatica,oxyberberine,Berberis asiatica,Berberis asiatica Roxb. ex DC.,ZHYQCBCBTQWPLC,10.3126/bibechana.v20i3.57711,Berberis asiatica_ZHYQCBCBTQWPLC
1011,berberis asiatica,jatrorrhizine,Berberis asiatica,Berberis asiatica Roxb. ex DC.,MXTLAHSTUOXGQF,10.3126/bibechana.v20i3.57711,Berberis asiatica_MXTLAHSTUOXGQF
1012,aesculus hippocastanum l,isoscopolin,Aesculus hippocastanum,Aesculus hippocastanum L.,WBAVLTNIRYDCPM,10.2174/2210290601001010024,Aesculus hippocastanum_WBAVLTNIRYDCPM
1018,aesculus hippocastanum l,arachic acid,Aesculus hippocastanum,Aesculus hippocastanum L.,VKOBVWXKNCXXDE,10.2174/2210290601001010024,Aesculus hippocastanum_VKOBVWXKNCXXDE
1027,aesculus hippocastanum l,aescigenin,Aesculus hippocastanum,Aesculus hippocastanum L.,LNFFTNDQZFXWHS,10.2174/2210290601001010024,Aesculus hippocastanum_LNFFTNDQZFXWHS
1035,aesculus hippocastanum l,oleic acid,Aesculus hippocastanum,Aesculus hippocastanum L.,ZQPPMHVWECSIRJ,10.2174/2210290601001010024,Aesculus hippocastanum_ZQPPMHVWECSIRJ
1039,aesculus turbinata blume,proanthocyanidins,Aesculus turbinata,Aesculus turbinata Blume,HGVVOUNEGQIPMS,10.2174/2210290601001010024,Aesculus turbinata_HGVVOUNEGQIPMS
1041,aesculus turbinata blume,linoleic acid,Aesculus turbinata,Aesculus turbinata Blume,OYHQOLUKZRVURQ,10.2174/2210290601001010024,Aesculus turbinata_OYHQOLUKZRVURQ
1042,aesculus turbinata blume,(-)-epicatechin,Aesculus turbinata,Aesculus turbinata Blume,PFTAWBLQPZVEMU,10.2174/2210290601001010024,Aesculus turbinata_PFTAWBLQPZVEMU
1043,aesculus turbinata blume,isoescin ib,Aesculus turbinata,Aesculus turbinata Blume,YOSIWGSGLDDTHJ,10.2174/2210290601001010024,Aesculus turbinata_YOSIWGSGLDDTHJ
1047,aesculus turbinata blume,isoescin ia,Aesculus turbinata,Aesculus turbinata Blume,YOSIWGSGLDDTHJ,10.2174/2210290601001010024,Aesculus turbinata_YOSIWGSGLDDTHJ
1048,aesculus turbinata blume,deacetylescin ia,Aesculus turbinata,Aesculus turbinata Blume,VCTRQTABKHTJAO,10.2174/2210290601001010024,Aesculus turbinata_VCTRQTABKHTJAO
1049,aesculus turbinata blume,aesculin,Aesculus turbinata,Aesculus turbinata Blume,XHCADAYNFIFUHF,10.2174/2210290601001010024,Aesculus turbinata_XHCADAYNFIFUHF
1051,aesculus turbinata blume,desacylescin i,Aesculus turbinata,Aesculus turbinata Blume,TWYGNCHWUKMUKE,10.2174/2210290601001010024,Aesculus turbinata_TWYGNCHWUKMUKE
1052,aesculus turbinata blume,oleic acid,Aesculus turbinata,Aesculus turbinata Blume,ZQPPMHVWECSIRJ,10.2174/2210290601001010024,Aesculus turbinata_ZQPPMHVWECSIRJ
1054,aesculus turbinata blume,escin ivc,Aesculus turbinata,Aesculus turbinata Blume,OBXUDMQHAYRBBM,10.2174/2210290601001010024,Aesculus turbinata_OBXUDMQHAYRBBM
1056,aesculus turbinata blume,linolenic acid,Aesculus turbinata,Aesculus turbinata Blume,DTOSIQBPPRVQHS,10.2174/2210290601001010024,Aesculus turbinata_DTOSIQBPPRVQHS
1058,aesculus assamica griffith,isoescin ib,Aesculus assamica,Aesculus assamica Griff.,YOSIWGSGLDDTHJ,10.2174/2210290601001010024,Aesculus assamica_YOSIWGSGLDDTHJ
1059,aesculus assamica griffith,protoaescigenin,Aesculus assamica,Aesculus assamica Griff.,VKJLHZZPVLQJKG,10.2174/2210290601001010024,Aesculus assamica_VKJLHZZPVLQJKG
1060,aesculus assamica griffith,quercetin,Aesculus assamica,Aesculus assamica Griff.,REFJWTPEDVJJIY,10.2174/2210290601001010024,Aesculus assamica_REFJWTPEDVJJIY
1080,aesculus chinensis bunge var. wilsonii,aescigenin,Aesculus chinensis,Aesculus chinensis Bunge,LNFFTNDQZFXWHS,10.2174/2210290601001010024,Aesculus chinensis_LNFFTNDQZFXWHS
1082,aesculus chinensis bunge var. wilsonii,n-acetyl glutamic acid,Aesculus chinensis,Aesculus chinensis Bunge,RFMMMVDNIPUKGG,10.2174/2210290601001010024,Aesculus chinensis_RFMMMVDNIPUKGG
1084,aesculus chinensis bunge var. wilsonii,protoaescigenin,Aesculus chinensis,Aesculus chinensis Bunge,VKJLHZZPVLQJKG,10.2174/2210290601001010024,Aesculus chinensis_VKJLHZZPVLQJKG
1086,aesculus chinensis bunge var. wilsonii,fumaric acid,Aesculus chinensis,Aesculus chinensis Bunge,VZCYOOQTPOCHFL,10.2174/2210290601001010024,Aesculus chinensis_VZCYOOQTPOCHFL
1091,aesculus indica (camb.) hook,heptadecanoic acid,Aesculus indica,Aesculus indica (Wall. ex Cambess.) Hook.,KEMQGTRYUADPNZ,10.2174/2210290601001010024,Aesculus indica_KEMQGTRYUADPNZ
1092,aesculus indica (camb.) hook,palmitone,Aesculus indica,Aesculus indica (Wall. ex Cambess.) Hook.,UNRFDARCMOHDBJ,10.2174/2210290601001010024,Aesculus indica_UNRFDARCMOHDBJ
1093,aesculus indica (camb.) hook,arachic acid,Aesculus indica,Aesculus indica (Wall. ex Cambess.) Hook.,VKOBVWXKNCXXDE,10.2174/2210290601001010024,Aesculus indica_VKOBVWXKNCXXDE
1094,aesculus indica (camb.) hook,palmitic acid,Aesculus indica,Aesculus indica (Wall. ex Cambess.) Hook.,IPCSVZSSVZVIGE,10.2174/2210290601001010024,Aesculus indica_IPCSVZSSVZVIGE
1095,aesculus indica (camb.) hook,lauric acid,Aesculus indica,Aesculus indica (Wall. ex Cambess.) Hook.,POULHZVOKOAJMA,10.2174/2210290601001010024,Aesculus indica_POULHZVOKOAJMA
1096,aesculus indica (camb.) hook,n-hentriacontanol,Aesculus indica,Aesculus indica (Wall. ex Cambess.) Hook.,ROOBHHSRWJOKSH,10.2174/2210290601001010024,Aesculus indica_ROOBHHSRWJOKSH
1097,aesculus indica (camb.) hook,stearic acid,Aesculus indica,Aesculus indica (Wall. ex Cambess.) Hook.,QIQXTHQIDYTFRH,10.2174/2210290601001010024,Aesculus indica_QIQXTHQIDYTFRH
1100,aesculus indica (camb.) hook,astragalin,Aesculus indica,Aesculus indica (Wall. ex Cambess.) Hook.,JPUKWEQWGBDDQB,10.2174/2210290601001010024,Aesculus indica_JPUKWEQWGBDDQB
1102,aesculus indica (camb.) hook,n-hentriacontane,Aesculus indica,Aesculus indica (Wall. ex Cambess.) Hook.,IUJAMGNYPWYUPM,10.2174/2210290601001010024,Aesculus indica_IUJAMGNYPWYUPM
1104,aesculus indica (camb.) hook,oleic acid,Aesculus indica,Aesculus indica (Wall. ex Cambess.) Hook.,ZQPPMHVWECSIRJ,10.2174/2210290601001010024,Aesculus indica_ZQPPMHVWECSIRJ
1105,aesculus indica (camb.) hook,myristic acid,Aesculus indica,Aesculus indica (Wall. ex Cambess.) Hook.,TUNFSRHWOTWDNC,10.2174/2210290601001010024,Aesculus indica_TUNFSRHWOTWDNC
1106,aesculus indica (camb.) hook,quercitrin,Aesculus indica,Aesculus indica (Wall. ex Cambess.) Hook.,OXGUCUVFOIWWQJ,10.2174/2210290601001010024,Aesculus indica_OXGUCUVFOIWWQJ
1111,aesculus pavia l,aesculioside ivb,Aesculus pavia,Aesculus pavia L.,CODLSAUAUYVHDY,10.2174/2210290601001010024,Aesculus pavia_CODLSAUAUYVHDY
1129,aesculus pavia l,quercetin 3-o-α-l-arabinopyranoside,Aesculus pavia,Aesculus pavia L.,BDCDNTVZSILEOY,10.2174/2210290601001010024,Aesculus pavia_BDCDNTVZSILEOY
1132,aesculus pavia l,scopolin,Aesculus pavia,Aesculus pavia L.,SGTCGCCQZOUMJJ,10.2174/2210290601001010024,Aesculus pavia_SGTCGCCQZOUMJJ
1136,aesculus pavia l,quercitrin,Aesculus pavia,Aesculus pavia L.,OXGUCUVFOIWWQJ,10.2174/2210290601001010024,Aesculus pavia_OXGUCUVFOIWWQJ
1139,hedyosmum angustifolium (ruiz & pav.) solms,chloranthalactone a,Hedyosmum angustifolium,Hedyosmum angustifolium (Ruiz & Pav.) Solms,OVEQSZKTJIUNHZ,10.1016/j.jep.2019.111932,Hedyosmum angustifolium_OVEQSZKTJIUNHZ
1146,hedyosmum brasiliense,isorinic acid,Hedyosmum brasiliense,Hedyosmum brasiliense Mart.,ZIUGAQNCXNLSFT,10.1016/j.jep.2019.111932,Hedyosmum brasiliense_ZIUGAQNCXNLSFT
1147,hedyosmum brasiliense,"(7s,8r)-urolignoside",Hedyosmum brasiliense,Hedyosmum brasiliense Mart.,NYAPVWGUAUDHRY,10.1016/j.jep.2019.111932,Hedyosmum brasiliense_NYAPVWGUAUDHRY
1148,hedyosmum brasiliense,ethyl caffeate,Hedyosmum brasiliense,Hedyosmum brasiliense Mart.,WDKYDMULARNCIS,10.1016/j.jep.2019.111932,Hedyosmum brasiliense_WDKYDMULARNCIS
1150,hedyosmum brasiliense,"aromadendrane-4β,10α-diol",Hedyosmum brasiliense,Hedyosmum brasiliense Mart.,DWNPMJOWAWGIMM,10.1016/j.jep.2019.111932,Hedyosmum brasiliense_DWNPMJOWAWGIMM
1151,hedyosmum brasiliense,vanillin,Hedyosmum brasiliense,Hedyosmum brasiliense Mart.,MWOOGOJBHIARFG,10.1016/j.jep.2019.111932,Hedyosmum brasiliense_MWOOGOJBHIARFG
1152,hedyosmum brasiliense,kaempferol 3-o-β-d-glucuronide,Hedyosmum brasiliense,Hedyosmum brasiliense Mart.,FNTJVYCFNVUBOL,10.1016/j.jep.2019.111932,Hedyosmum brasiliense_FNTJVYCFNVUBOL
1153,hedyosmum brasiliense,scopoletin,Hedyosmum brasiliense,Hedyosmum brasiliense Mart.,RODXRVNMMDRFIK,10.1016/j.jep.2019.111932,Hedyosmum brasiliense_RODXRVNMMDRFIK
1154,hedyosmum brasiliense,rosmarinic acid,Hedyosmum brasiliense,Hedyosmum brasiliense Mart.,DOUMFZQKYFQNTF,10.1016/j.jep.2019.111932,Hedyosmum brasiliense_DOUMFZQKYFQNTF
1155,hedyosmum brasiliense,vanillic acid,Hedyosmum brasiliense,Hedyosmum brasiliense Mart.,WKOLLVMJNQIZCI,10.1016/j.jep.2019.111932,Hedyosmum brasiliense_WKOLLVMJNQIZCI
1156,hedyosmum brasiliense,podoandin,Hedyosmum brasiliense,Hedyosmum brasiliense Mart.,KQBRXXMGSZOJLH,10.1016/j.jep.2019.111932,Hedyosmum brasiliense_KQBRXXMGSZOJLH
1157,amburana cearensis,quercetin,Amburana cearensis,Amburana cearensis (Allemão) A.C.Sm.,REFJWTPEDVJJIY,10.5772/27695,Amburana cearensis_REFJWTPEDVJJIY
1158,amburana cearensis,ayapin,Amburana cearensis,Amburana cearensis (Allemão) A.C.Sm.,MLQTZXHZYMNZJE,10.5772/27695,Amburana cearensis_MLQTZXHZYMNZJE
1160,amburana cearensis,β-sitosterol,Amburana cearensis,Amburana cearensis (Allemão) A.C.Sm.,KZJWDPNRJALLNS,10.5772/27695,Amburana cearensis_KZJWDPNRJALLNS
1164,amburana cearensis,sucrose,Amburana cearensis,Amburana cearensis (Allemão) A.C.Sm.,CZMRCDWAGMRECN,10.5772/27695,Amburana cearensis_CZMRCDWAGMRECN
1166,amburana cearensis,kaempferol,Amburana cearensis,Amburana cearensis (Allemão) A.C.Sm.,IYRMWMYZSQPJKC,10.5772/27695,Amburana cearensis_IYRMWMYZSQPJKC
1167,amburana cearensis,"methyl 3,4-dimethoxy-cinnamate",Amburana cearensis,Amburana cearensis (Allemão) A.C.Sm.,JXRYDOZRPYFBKO,10.5772/27695,Amburana cearensis_JXRYDOZRPYFBKO
1170,amburana cearensis,afrormosin,Amburana cearensis,Amburana cearensis (Allemão) A.C.Sm.,KJGPBYUQZLUKLL,10.5772/27695,Amburana cearensis_KJGPBYUQZLUKLL
1171,amburana cearensis,24-methylenecycloartanol,Amburana cearensis,Amburana cearensis (Allemão) A.C.Sm.,BDHQMRXFDYJGII,10.5772/27695,Amburana cearensis_BDHQMRXFDYJGII
1176,rotula aquatica lour,allantoin,Rotula aquatica,Rotula aquatica Lour.,POJWUDADGALRAB,10.30750/ijpbr.5.4.2,Rotula aquatica_POJWUDADGALRAB
1177,rotula aquatica lour,kaempferol,Rotula aquatica,Rotula aquatica Lour.,IYRMWMYZSQPJKC,10.30750/ijpbr.5.4.2,Rotula aquatica_IYRMWMYZSQPJKC
1178,rotula aquatica lour,3-o-acetyl-11-keto-β-boswellic acid,Rotula aquatica,Rotula aquatica Lour.,HMMGKOVEOFBCAU,10.30750/ijpbr.5.4.2,Rotula aquatica_HMMGKOVEOFBCAU
1179,rotula aquatica lour,vanillic acid,Rotula aquatica,Rotula aquatica Lour.,WKOLLVMJNQIZCI,10.30750/ijpbr.5.4.2,Rotula aquatica_WKOLLVMJNQIZCI
1180,rotula aquatica lour,gallic acid,Rotula aquatica,Rotula aquatica Lour.,LNTHITQWFMADLM,10.30750/ijpbr.5.4.2,Rotula aquatica_LNTHITQWFMADLM
1181,rotula aquatica lour,baurenol,Rotula aquatica,Rotula aquatica Lour.,TZVDWGXUGGUMCE,10.30750/ijpbr.5.4.2,Rotula aquatica_TZVDWGXUGGUMCE
1182,rotula aquatica lour,p-coumaric acid,Rotula aquatica,Rotula aquatica Lour.,NGSWKAQJJWESNS,10.30750/ijpbr.5.4.2,Rotula aquatica_NGSWKAQJJWESNS
1184,stevia rebaudiana bertoni,glucose,Stevia rebaudiana,Stevia rebaudiana (Bertoni) Bertoni,WQZGKKKJIJFFOK,10.52783/jchr.v14.i4.5453,Stevia rebaudiana_WQZGKKKJIJFFOK
1187,stevia rebaudiana bertoni,lutein,Stevia rebaudiana,Stevia rebaudiana (Bertoni) Bertoni,KBPHJBAIARWVSC,10.52783/jchr.v14.i4.5453,Stevia rebaudiana_KBPHJBAIARWVSC
1192,stevia rebaudiana bertoni,quinic acid,Stevia rebaudiana,Stevia rebaudiana (Bertoni) Bertoni,AAWZDTNXLSGCEK,10.52783/jchr.v14.i4.5453,Stevia rebaudiana_AAWZDTNXLSGCEK
1194,stevia rebaudiana bertoni,protocatechuic acid,Stevia rebaudiana,Stevia rebaudiana (Bertoni) Bertoni,YQUVCSBJEUQKSH,10.52783/jchr.v14.i4.5453,Stevia rebaudiana_YQUVCSBJEUQKSH
1197,stevia rebaudiana bertoni,gallic acid,Stevia rebaudiana,Stevia rebaudiana (Bertoni) Bertoni,LNTHITQWFMADLM,10.52783/jchr.v14.i4.5453,Stevia rebaudiana_LNTHITQWFMADLM
1198,stevia rebaudiana bertoni,caffeineic acid,Stevia rebaudiana,Stevia rebaudiana (Bertoni) Bertoni,YCTSCXLOPJCPDH,10.52783/jchr.v14.i4.5453,Stevia rebaudiana_YCTSCXLOPJCPDH
1200,stevia rebaudiana bertoni,chlorogenic acid,Stevia rebaudiana,Stevia rebaudiana (Bertoni) Bertoni,CWVRJTMFETXNAD,10.52783/jchr.v14.i4.5453,Stevia rebaudiana_CWVRJTMFETXNAD
1203,stevia rebaudiana bertoni,starch,Stevia rebaudiana,Stevia rebaudiana (Bertoni) Bertoni,GUBGYTABKSRVRQ,10.52783/jchr.v14.i4.5453,Stevia rebaudiana_GUBGYTABKSRVRQ
1204,stevia rebaudiana bertoni,epicatechin,Stevia rebaudiana,Stevia rebaudiana (Bertoni) Bertoni,PFTAWBLQPZVEMU,10.52783/jchr.v14.i4.5453,Stevia rebaudiana_PFTAWBLQPZVEMU
1205,stevia rebaudiana bertoni,hydroxycinnamic acid,Stevia rebaudiana,Stevia rebaudiana (Bertoni) Bertoni,NGSWKAQJJWESNS,10.52783/jchr.v14.i4.5453,Stevia rebaudiana_NGSWKAQJJWESNS
1206,stevia rebaudiana bertoni,steroid saponins,Stevia rebaudiana,Stevia rebaudiana (Bertoni) Bertoni,MAEBCGDGGATMSC,10.52783/jchr.v14.i4.5453,Stevia rebaudiana_MAEBCGDGGATMSC
1207,stevia rebaudiana bertoni,tannic acid,Stevia rebaudiana,Stevia rebaudiana (Bertoni) Bertoni,LRBQNJMCXXYXIU,10.52783/jchr.v14.i4.5453,Stevia rebaudiana_LRBQNJMCXXYXIU
1208,vernonia amygdalina,phytol,Gymnanthemum amygdalinum,Gymnanthemum amygdalinum (Delile) Sch.Bip.,BOTWFXYSPFMFNR,10.55544/jrasb.3.3.22,Gymnanthemum amygdalinum_BOTWFXYSPFMFNR
1210,vernonia amygdalina,glucuronolactone,Gymnanthemum amygdalinum,Gymnanthemum amygdalinum (Delile) Sch.Bip.,UYUXSRADSPPKRZ,10.55544/jrasb.3.3.22,Gymnanthemum amygdalinum_UYUXSRADSPPKRZ
1211,vernonia amygdalina,hexadecanoic acid ethyl ester,Gymnanthemum amygdalinum,Gymnanthemum amygdalinum (Delile) Sch.Bip.,XIRNKXNNONJFQO,10.55544/jrasb.3.3.22,Gymnanthemum amygdalinum_XIRNKXNNONJFQO
1212,vernonia amygdalina,tricosane,Gymnanthemum amygdalinum,Gymnanthemum amygdalinum (Delile) Sch.Bip.,FIGVVZUWCLSUEI,10.55544/jrasb.3.3.22,Gymnanthemum amygdalinum_FIGVVZUWCLSUEI
1215,vernonia amygdalina,squalene,Gymnanthemum amygdalinum,Gymnanthemum amygdalinum (Delile) Sch.Bip.,YYGNTYWPHWGJRM,10.55544/jrasb.3.3.22,Gymnanthemum amygdalinum_YYGNTYWPHWGJRM
1216,vernonia amygdalina,isorhamnetin,Gymnanthemum amygdalinum,Gymnanthemum amygdalinum (Delile) Sch.Bip.,IZQSVPBOUDKVDZ,10.55544/jrasb.3.3.22,Gymnanthemum amygdalinum_IZQSVPBOUDKVDZ
1217,ficus carica l,5-hepten-2-one,Ficus carica,Ficus carica L.,RTYRONIMTRDBLT,10.46243/jst.2023.v8.i05.pp57-71,Ficus carica_RTYRONIMTRDBLT
1218,ficus carica l,luteolin-7-o-glucoside,Ficus carica,Ficus carica L.,PEFNSGRTCBGNAN,10.46243/jst.2023.v8.i05.pp57-71,Ficus carica_PEFNSGRTCBGNAN
1219,ficus carica l,β-bourbonene,Ficus carica,Ficus carica L.,YIRAHEODBQONHI,10.46243/jst.2023.v8.i05.pp57-71,Ficus carica_YIRAHEODBQONHI
1220,ficus carica l,caffeic acid,Ficus carica,Ficus carica L.,QAIPRVGONGVQAS,10.46243/jst.2023.v8.i05.pp57-71,Ficus carica_QAIPRVGONGVQAS
1223,ficus carica l,oleic acid,Ficus carica,Ficus carica L.,ZQPPMHVWECSIRJ,10.46243/jst.2023.v8.i05.pp57-71,Ficus carica_ZQPPMHVWECSIRJ
1224,ficus carica l,taraxasterol,Ficus carica,Ficus carica L.,XWMMEBCFHUKHEX,10.46243/jst.2023.v8.i05.pp57-71,Ficus carica_XWMMEBCFHUKHEX
1225,ficus carica l,pyrogallic,Ficus carica,Ficus carica L.,WQGWDDDVZFFDIG,10.46243/jst.2023.v8.i05.pp57-71,Ficus carica_WQGWDDDVZFFDIG
1226,ficus carica l,(e)-2-nonen-1-ol,Ficus carica,Ficus carica L.,NSSALFVIQPAIQK,10.46243/jst.2023.v8.i05.pp57-71,Ficus carica_NSSALFVIQPAIQK
1227,ficus carica l,5-o-caffeoylquinic acid,Ficus carica,Ficus carica L.,CWVRJTMFETXNAD,10.46243/jst.2023.v8.i05.pp57-71,Ficus carica_CWVRJTMFETXNAD
1228,ficus carica l,biochanin-a,Ficus carica,Ficus carica L.,WUADCCWRTIWANL,10.46243/jst.2023.v8.i05.pp57-71,Ficus carica_WUADCCWRTIWANL
1229,ficus carica l,myristic acid,Ficus carica,Ficus carica L.,TUNFSRHWOTWDNC,10.46243/jst.2023.v8.i05.pp57-71,Ficus carica_TUNFSRHWOTWDNC
1230,ficus carica l,palmitic acid,Ficus carica,Ficus carica L.,IPCSVZSSVZVIGE,10.46243/jst.2023.v8.i05.pp57-71,Ficus carica_IPCSVZSSVZVIGE
1231,ficus carica l,cyanidin 3-rutinoside,Ficus carica,Ficus carica L.,ADZHXBNWNZIHIX,10.46243/jst.2023.v8.i05.pp57-71,Ficus carica_ADZHXBNWNZIHIX
1235,ficus carica l,3-hydroxy-2-butanone,Ficus carica,Ficus carica L.,ROWKJAVDOGWPAT,10.46243/jst.2023.v8.i05.pp57-71,Ficus carica_ROWKJAVDOGWPAT
1236,ficus carica l,ellagic acid,Ficus carica,Ficus carica L.,AFSDNFLWKVMVRB,10.46243/jst.2023.v8.i05.pp57-71,Ficus carica_AFSDNFLWKVMVRB
1237,ficus carica l,β-cubebene,Ficus carica,Ficus carica L.,FSRZGYRCMPZNJF,10.46243/jst.2023.v8.i05.pp57-71,Ficus carica_FSRZGYRCMPZNJF
1239,ficus carica l,dihydroxycoumarin,Ficus carica,Ficus carica L.,ZFCWURBGTORKKO,10.46243/jst.2023.v8.i05.pp57-71,Ficus carica_ZFCWURBGTORKKO
1241,ficus carica l,cyanidin 3-malonylglucoside,Ficus carica,Ficus carica L.,ROQLTZUOXIQBDO,10.46243/jst.2023.v8.i05.pp57-71,Ficus carica_ROQLTZUOXIQBDO
1242,ficus carica l,galangin,Ficus carica,Ficus carica L.,VCCRNZQBSJXYJD,10.46243/jst.2023.v8.i05.pp57-71,Ficus carica_VCCRNZQBSJXYJD
1243,ficus carica l,ellagic,Ficus carica,Ficus carica L.,AFSDNFLWKVMVRB,10.46243/jst.2023.v8.i05.pp57-71,Ficus carica_AFSDNFLWKVMVRB
1244,ficus carica l,α-muurolene,Ficus carica,Ficus carica L.,QMAYBMKBYCGXDH,10.46243/jst.2023.v8.i05.pp57-71,Ficus carica_QMAYBMKBYCGXDH
1246,ficus carica l,prenyl-7-hydroxycoumarin,Ficus carica,Ficus carica L.,BOTVZVKUYCAWMF,10.46243/jst.2023.v8.i05.pp57-71,Ficus carica_BOTVZVKUYCAWMF
1247,ficus carica l,calotropenyl acetate,Ficus carica,Ficus carica L.,OEKBQFGXHADTCO,10.46243/jst.2023.v8.i05.pp57-71,Ficus carica_OEKBQFGXHADTCO
1249,ficus carica l,p-hydroxybenzoic acid,Ficus carica,Ficus carica L.,FJKROLUGYXJWQN,10.46243/jst.2023.v8.i05.pp57-71,Ficus carica_FJKROLUGYXJWQN
1250,ficus carica l,heptanol,Ficus carica,Ficus carica L.,BBMCTIGTTCKYKF,10.46243/jst.2023.v8.i05.pp57-71,Ficus carica_BBMCTIGTTCKYKF
1251,ficus carica l,copaene,Ficus carica,Ficus carica L.,VLXDPFLIRFYIME,10.46243/jst.2023.v8.i05.pp57-71,Ficus carica_VLXDPFLIRFYIME
1252,ficus carica l,rosmarinic acid,Ficus carica,Ficus carica L.,DOUMFZQKYFQNTF,10.46243/jst.2023.v8.i05.pp57-71,Ficus carica_DOUMFZQKYFQNTF
1253,ficus carica l,aromadendrene,Ficus carica,Ficus carica L.,ITYNGVSTWVVPIC,10.46243/jst.2023.v8.i05.pp57-71,Ficus carica_ITYNGVSTWVVPIC
1254,ficus carica l,pinocembrine,Ficus carica,Ficus carica L.,URFCJEUYXNAHFI,10.46243/jst.2023.v8.i05.pp57-71,Ficus carica_URFCJEUYXNAHFI
1255,ficus carica l,linoleic acid,Ficus carica,Ficus carica L.,OYHQOLUKZRVURQ,10.46243/jst.2023.v8.i05.pp57-71,Ficus carica_OYHQOLUKZRVURQ
1256,ficus carica l,3-methyl-1-butanol,Ficus carica,Ficus carica L.,PHTQWCKDNZKARW,10.46243/jst.2023.v8.i05.pp57-71,Ficus carica_PHTQWCKDNZKARW
1257,ficus carica l,scopolamine,Ficus carica,Ficus carica L.,STECJAGHUSJQJN,10.46243/jst.2023.v8.i05.pp57-71,Ficus carica_STECJAGHUSJQJN
1258,ficus carica l,hydroxycaffeic acid,Ficus carica,Ficus carica L.,LEVWXDHUVBDUSV,10.46243/jst.2023.v8.i05.pp57-71,Ficus carica_LEVWXDHUVBDUSV
1261,ficus carica l,oxalic acid,Ficus carica,Ficus carica L.,MUBZPKHOEPUJKR,10.46243/jst.2023.v8.i05.pp57-71,Ficus carica_MUBZPKHOEPUJKR
1262,ficus carica l,α-ylangene,Ficus carica,Ficus carica L.,VLXDPFLIRFYIME,10.46243/jst.2023.v8.i05.pp57-71,Ficus carica_VLXDPFLIRFYIME
1263,ficus carica l,ligstroside,Ficus carica,Ficus carica L.,GMQXOLRKJQWPNB,10.46243/jst.2023.v8.i05.pp57-71,Ficus carica_GMQXOLRKJQWPNB
1264,ficus carica l,epoxylinalool,Ficus carica,Ficus carica L.,BRHDDEIRQPDPMG,10.46243/jst.2023.v8.i05.pp57-71,Ficus carica_BRHDDEIRQPDPMG
1266,ficus carica l,(+)-ledene,Ficus carica,Ficus carica L.,WGTRJVCFDUCKCM,10.46243/jst.2023.v8.i05.pp57-71,Ficus carica_WGTRJVCFDUCKCM
1268,ficus carica l,pyrogallol,Ficus carica,Ficus carica L.,WQGWDDDVZFFDIG,10.46243/jst.2023.v8.i05.pp57-71,Ficus carica_WQGWDDDVZFFDIG
1269,ficus carica l,stearic acid,Ficus carica,Ficus carica L.,QIQXTHQIDYTFRH,10.46243/jst.2023.v8.i05.pp57-71,Ficus carica_QIQXTHQIDYTFRH
1270,ficus carica l,citric acid,Ficus carica,Ficus carica L.,KRKNYBCHXYNGOX,10.46243/jst.2023.v8.i05.pp57-71,Ficus carica_KRKNYBCHXYNGOX
1276,ficus carica l,2-methylbutanol,Ficus carica,Ficus carica L.,QPRQEDXDYOZYLA,10.46243/jst.2023.v8.i05.pp57-71,Ficus carica_QPRQEDXDYOZYLA
1277,ficus carica l,β-elemene,Ficus carica,Ficus carica L.,OPFTUNCRGUEPRZ,10.46243/jst.2023.v8.i05.pp57-71,Ficus carica_OPFTUNCRGUEPRZ
1279,ficus carica l,linolenic acid,Ficus carica,Ficus carica L.,DTOSIQBPPRVQHS,10.46243/jst.2023.v8.i05.pp57-71,Ficus carica_DTOSIQBPPRVQHS
1281,ficus carica l,pinostrobin,Ficus carica,Ficus carica L.,ORJDDOBAOGKRJV,10.46243/jst.2023.v8.i05.pp57-71,Ficus carica_ORJDDOBAOGKRJV
1282,ficus carica l,oxypeucedanin,Ficus carica,Ficus carica L.,QTAGQHZOLRFCBU,10.46243/jst.2023.v8.i05.pp57-71,Ficus carica_QTAGQHZOLRFCBU
1283,ficus carica l,gallic acid,Ficus carica,Ficus carica L.,LNTHITQWFMADLM,10.46243/jst.2023.v8.i05.pp57-71,Ficus carica_LNTHITQWFMADLM
1286,ficus carica l,α-caryophyllene,Ficus carica,Ficus carica L.,FAMPSKZZVDUYOS,10.46243/jst.2023.v8.i05.pp57-71,Ficus carica_FAMPSKZZVDUYOS
1288,ficus carica l,malic acid,Ficus carica,Ficus carica L.,BJEPYKJPYRNKOW,10.46243/jst.2023.v8.i05.pp57-71,Ficus carica_BJEPYKJPYRNKOW
1289,ficus carica l,quinol,Ficus carica,Ficus carica L.,QIGBRXMKCJKVMJ,10.46243/jst.2023.v8.i05.pp57-71,Ficus carica_QIGBRXMKCJKVMJ
1290,ficus carica l,murrayacarpin b,Ficus carica,Ficus carica L.,FAMKZZUKJPKMBR,10.46243/jst.2023.v8.i05.pp57-71,Ficus carica_FAMKZZUKJPKMBR
1291,ficus carica l,α-cubenene,Ficus carica,Ficus carica L.,XUEHVOLRMXNRKQ,10.46243/jst.2023.v8.i05.pp57-71,Ficus carica_XUEHVOLRMXNRKQ
1292,ficus carica l,α-guaiene,Ficus carica,Ficus carica L.,ADIDQIZBYUABQK,10.46243/jst.2023.v8.i05.pp57-71,Ficus carica_ADIDQIZBYUABQK
1293,ficus carica l,α-gurjunene,Ficus carica,Ficus carica L.,SPCXZDDGSGTVAW,10.46243/jst.2023.v8.i05.pp57-71,Ficus carica_SPCXZDDGSGTVAW
1294,ficus carica l,3-feruloylquinic acid,Ficus carica,Ficus carica L.,RAGZUCNPTLULOL,10.46243/jst.2023.v8.i05.pp57-71,Ficus carica_RAGZUCNPTLULOL
1296,ficus carica l,3-o-caffeoylquinic acid,Ficus carica,Ficus carica L.,CWVRJTMFETXNAD,10.46243/jst.2023.v8.i05.pp57-71,Ficus carica_CWVRJTMFETXNAD
1297,ficus carica l,phenylethyl alcohol,Ficus carica,Ficus carica L.,WRMNZCZEMHIOCP,10.46243/jst.2023.v8.i05.pp57-71,Ficus carica_WRMNZCZEMHIOCP
1301,ficus carica l,vanillic acid,Ficus carica,Ficus carica L.,WKOLLVMJNQIZCI,10.46243/jst.2023.v8.i05.pp57-71,Ficus carica_WKOLLVMJNQIZCI
1303,ficus carica l,1-penten-3-ol,Ficus carica,Ficus carica L.,VHVMXWZXFBOANQ,10.46243/jst.2023.v8.i05.pp57-71,Ficus carica_VHVMXWZXFBOANQ
1309,polygonum multiflorum thunb,rutin,Reynoutria multiflora,Reynoutria multiflora (Thunb.) Moldenke,IKGXIBQEEMLURG,10.3389/fphar.2024.1427019,Reynoutria multiflora_IKGXIBQEEMLURG
1311,polygonum multiflorum thunb,"2,5-dimethyl-7-hydroxychromone",Reynoutria multiflora,Reynoutria multiflora (Thunb.) Moldenke,CRNGFKXWIYTEPH,10.3389/fphar.2024.1427019,Reynoutria multiflora_CRNGFKXWIYTEPH
1312,polygonum multiflorum thunb,aloe emodin,Reynoutria multiflora,Reynoutria multiflora (Thunb.) Moldenke,YDQWDHRMZQUTBA,10.3389/fphar.2024.1427019,Reynoutria multiflora_YDQWDHRMZQUTBA
1313,polygonum multiflorum thunb,torachrysone-8-o-β-d-glucopyranoside,Reynoutria multiflora,Reynoutria multiflora (Thunb.) Moldenke,GHKWPHRULCFTBB,10.3389/fphar.2024.1427019,Reynoutria multiflora_GHKWPHRULCFTBB
1316,polygonum multiflorum thunb,hypericin,Reynoutria multiflora,Reynoutria multiflora (Thunb.) Moldenke,YDOIFHVUBCIUHF,10.3389/fphar.2024.1427019,Reynoutria multiflora_YDOIFHVUBCIUHF
1320,euclea divinorum,anthraquinones,Euclea divinorum,Euclea divinorum Hiern,RZVHIXYEVGDQDX,10.1201/9781003221968,Euclea divinorum_RZVHIXYEVGDQDX
1321,cissus quadrangularis,glycosides,Cissus quadrangularis,Cissus quadrangularis L.,LPMXVESGRSUGHW,10.1201/9781003221968,Cissus quadrangularis_LPMXVESGRSUGHW
1324,prosopis juliflora,quercetin,Neltuma juliflora,Neltuma juliflora (Sw.) Raf.,REFJWTPEDVJJIY,10.1201/9781003221968,Neltuma juliflora_REFJWTPEDVJJIY
1325,prosopis juliflora,juliprosopine,Neltuma juliflora,Neltuma juliflora (Sw.) Raf.,WJNGOLJEAOQNFW,10.1201/9781003221968,Neltuma juliflora_WJNGOLJEAOQNFW
1326,prosopis juliflora,kaempferol,Neltuma juliflora,Neltuma juliflora (Sw.) Raf.,IYRMWMYZSQPJKC,10.1201/9781003221968,Neltuma juliflora_IYRMWMYZSQPJKC
1327,prosopis juliflora,taxifolin,Neltuma juliflora,Neltuma juliflora (Sw.) Raf.,CXQWRCVTCMQVQX,10.1201/9781003221968,Neltuma juliflora_CXQWRCVTCMQVQX
1328,prosopis juliflora,juliprosine,Neltuma juliflora,Neltuma juliflora (Sw.) Raf.,ZSATVXRUAGIIJL,10.1201/9781003221968,Neltuma juliflora_ZSATVXRUAGIIJL
1330,prosopis juliflora,juliflorine,Neltuma juliflora,Neltuma juliflora (Sw.) Raf.,WJNGOLJEAOQNFW,10.1201/9781003221968,Neltuma juliflora_WJNGOLJEAOQNFW
1331,prosopis juliflora,isorhamnetin,Neltuma juliflora,Neltuma juliflora (Sw.) Raf.,IZQSVPBOUDKVDZ,10.1201/9781003221968,Neltuma juliflora_IZQSVPBOUDKVDZ
1332,prosopis juliflora,apigenin,Neltuma juliflora,Neltuma juliflora (Sw.) Raf.,KZNIFHPLKGYRTM,10.1201/9781003221968,Neltuma juliflora_KZNIFHPLKGYRTM
1334,prosopis juliflora,vicenin 2,Neltuma juliflora,Neltuma juliflora (Sw.) Raf.,FIAAVMJLAGNUKW,10.1201/9781003221968,Neltuma juliflora_FIAAVMJLAGNUKW
1335,prosopis juliflora,isorhamnetin-3-rutinoside,Neltuma juliflora,Neltuma juliflora (Sw.) Raf.,UIDGLYUNOUKLBM,10.1201/9781003221968,Neltuma juliflora_UIDGLYUNOUKLBM
1336,prosopis juliflora,gallocatechin,Neltuma juliflora,Neltuma juliflora (Sw.) Raf.,XMOCLSLCDHWDHP,10.1201/9781003221968,Neltuma juliflora_XMOCLSLCDHWDHP
1337,prosopis juliflora,4'-o-methylgallocatechin,Neltuma juliflora,Neltuma juliflora (Sw.) Raf.,ITDYPNOEEHONAH,10.1201/9781003221968,Neltuma juliflora_ITDYPNOEEHONAH
1339,senna didymobotrya,anthraquinones,Senna didymobotrya,Senna didymobotrya (Fresen.) H.S.Irwin & Barneby,RZVHIXYEVGDQDX,10.1201/9781003221968,Senna didymobotrya_RZVHIXYEVGDQDX
1343,pinus caribaea,borneol,Pinus caribaea,Pinus caribaea Morelet,DTGKSKDOIYIVQL,10.1201/9781003221968,Pinus caribaea_DTGKSKDOIYIVQL
1347,adonis vernalis l,homoorientin,Adonis vernalis,Adonis vernalis L.,ODBRNZZJSYPIDI,10.3389/fphar.2019.00025,Adonis vernalis_ODBRNZZJSYPIDI
1348,adonis vernalis l,adonilide,Adonis vernalis,Adonis vernalis L.,NASKFPKLPIQGLM,10.3389/fphar.2019.00025,Adonis vernalis_NASKFPKLPIQGLM
1350,adonis vernalis l,fukujusone,Adonis vernalis,Adonis vernalis L.,ZQBLOEFPHMRSSU,10.3389/fphar.2019.00025,Adonis vernalis_ZQBLOEFPHMRSSU
1352,adonis vernalis l,isoorientin,Adonis vernalis,Adonis vernalis L.,ODBRNZZJSYPIDI,10.3389/fphar.2019.00025,Adonis vernalis_ODBRNZZJSYPIDI
1354,adonis vernalis l,vitexin,Adonis vernalis,Adonis vernalis L.,SGEWCQFRYRRZDC,10.3389/fphar.2019.00025,Adonis vernalis_SGEWCQFRYRRZDC
1355,adonis vernalis l,digitoxigenin,Adonis vernalis,Adonis vernalis L.,XZTUSOXSLKTKJQ,10.3389/fphar.2019.00025,Adonis vernalis_XZTUSOXSLKTKJQ
1356,adonis vernalis l,isoramanone,Adonis vernalis,Adonis vernalis L.,NWFNMRFBJUONKD,10.3389/fphar.2019.00025,Adonis vernalis_NWFNMRFBJUONKD
1357,adonis vernalis l,orientin,Adonis vernalis,Adonis vernalis L.,PLAPMLGJVGLZOV,10.3389/fphar.2019.00025,Adonis vernalis_PLAPMLGJVGLZOV
1360,adonis vernalis l,nicotinoylisoramanone,Adonis vernalis,Adonis vernalis L.,GOTRIVVPSAQOKA,10.3389/fphar.2019.00025,Adonis vernalis_GOTRIVVPSAQOKA
1361,adonis amurensis regel & radde,corchoroside a,Adonis amurensis,Adonis amurensis Regel & Radde,QBILRDAMJUPXCX,10.3389/fphar.2019.00025,Adonis amurensis_QBILRDAMJUPXCX
1363,adonis amurensis regel & radde,adonilide,Adonis amurensis,Adonis amurensis Regel & Radde,NASKFPKLPIQGLM,10.3389/fphar.2019.00025,Adonis amurensis_NASKFPKLPIQGLM
1365,adonis amurensis regel & radde,apigenin-7-o-β-d-glucuronide,Adonis amurensis,Adonis amurensis Regel & Radde,JBFOLLJCGUCDQP,10.3389/fphar.2019.00025,Adonis amurensis_JBFOLLJCGUCDQP
1368,adonis amurensis regel & radde,nicotinoylisoramanone,Adonis amurensis,Adonis amurensis Regel & Radde,GOTRIVVPSAQOKA,10.3389/fphar.2019.00025,Adonis amurensis_GOTRIVVPSAQOKA
1369,adonis amurensis regel & radde,cymarol,Adonis amurensis,Adonis amurensis Regel & Radde,FCBBZANVPISMIM,10.3389/fphar.2019.00025,Adonis amurensis_FCBBZANVPISMIM
1370,adonis amurensis regel & radde,strophanthidol,Adonis amurensis,Adonis amurensis Regel & Radde,ZNDMLUUNNNHNKC,10.3389/fphar.2019.00025,Adonis amurensis_ZNDMLUUNNNHNKC
1372,adonis amurensis regel & radde,convallatoxin,Adonis amurensis,Adonis amurensis Regel & Radde,HULMNSIAKWANQO,10.3389/fphar.2019.00025,Adonis amurensis_HULMNSIAKWANQO
1373,adonis amurensis regel & radde,apigenin,Adonis amurensis,Adonis amurensis Regel & Radde,KZNIFHPLKGYRTM,10.3389/fphar.2019.00025,Adonis amurensis_KZNIFHPLKGYRTM
1374,adonis amurensis regel & radde,isoquercitrin,Adonis amurensis,Adonis amurensis Regel & Radde,OPJZLUXFQFQYAI,10.3389/fphar.2019.00025,Adonis amurensis_OPJZLUXFQFQYAI
1375,adonis amurensis regel & radde,pinoresinol,Adonis amurensis,Adonis amurensis Regel & Radde,HGXBRUKMWQGOIE,10.3389/fphar.2019.00025,Adonis amurensis_HGXBRUKMWQGOIE
1376,adonis amurensis regel & radde,astaxanthin,Adonis amurensis,Adonis amurensis Regel & Radde,MQZIGYBFDRPAKN,10.3389/fphar.2019.00025,Adonis amurensis_MQZIGYBFDRPAKN
1377,adonis amurensis regel & radde,digitoxigenin,Adonis amurensis,Adonis amurensis Regel & Radde,XZTUSOXSLKTKJQ,10.3389/fphar.2019.00025,Adonis amurensis_XZTUSOXSLKTKJQ
1379,adonis amurensis regel & radde,convalloside,Adonis amurensis,Adonis amurensis Regel & Radde,CAYUJEAJKPLCAV,10.3389/fphar.2019.00025,Adonis amurensis_CAYUJEAJKPLCAV
1381,adonis amurensis regel & radde,orientin,Adonis amurensis,Adonis amurensis Regel & Radde,PLAPMLGJVGLZOV,10.3389/fphar.2019.00025,Adonis amurensis_PLAPMLGJVGLZOV
1383,adonis amurensis regel & radde,somalin,Adonis amurensis,Adonis amurensis Regel & Radde,YBZZSZQZDODUAA,10.3389/fphar.2019.00025,Adonis amurensis_YBZZSZQZDODUAA
1384,adonis amurensis regel & radde,k-strophanthin-β,Adonis amurensis,Adonis amurensis Regel & Radde,FHIREUBIEIPPMC,10.3389/fphar.2019.00025,Adonis amurensis_FHIREUBIEIPPMC
1385,adonis wolgensis,linolenic acid,Adonis,Adonis L.,DTOSIQBPPRVQHS,10.3389/fphar.2019.00025,Adonis_DTOSIQBPPRVQHS
1386,adonis wolgensis,umbelliferone,Adonis,Adonis L.,ORHBXUUXSCNDEV,10.3389/fphar.2019.00025,Adonis_ORHBXUUXSCNDEV
1388,adonis wolgensis,orientin,Adonis,Adonis L.,PLAPMLGJVGLZOV,10.3389/fphar.2019.00025,Adonis_PLAPMLGJVGLZOV
1389,adonis wolgensis,strophanthidin,Adonis,Adonis L.,ODJLBQGVINUMMR,10.3389/fphar.2019.00025,Adonis_ODJLBQGVINUMMR
1390,adonis wolgensis,scopoletin,Adonis,Adonis L.,RODXRVNMMDRFIK,10.3389/fphar.2019.00025,Adonis_RODXRVNMMDRFIK
1391,adonis wolgensis,cymarin,Adonis,Adonis L.,XQCGNURMLWFQJR,10.3389/fphar.2019.00025,Adonis_XQCGNURMLWFQJR
1392,adonis wolgensis,k-strophanthin-β,Adonis,Adonis L.,FHIREUBIEIPPMC,10.3389/fphar.2019.00025,Adonis_FHIREUBIEIPPMC
1393,adonis wolgensis,oleic acid,Adonis,Adonis L.,ZQPPMHVWECSIRJ,10.3389/fphar.2019.00025,Adonis_ZQPPMHVWECSIRJ
1394,adonis chrysocyathus,adonitoxin,Adonis chrysocyathus,Adonis chrysocyathus Hook.f. & Thomson,ARANEVHRNOGYRH,10.3389/fphar.2019.00025,Adonis chrysocyathus_ARANEVHRNOGYRH
1395,adonis chrysocyathus,k-strophanthoside,Adonis chrysocyathus,Adonis chrysocyathus Hook.f. & Thomson,GILGYKHFZXQALF,10.3389/fphar.2019.00025,Adonis chrysocyathus_GILGYKHFZXQALF
1396,adonis chrysocyathus,strophanthidin,Adonis chrysocyathus,Adonis chrysocyathus Hook.f. & Thomson,ODJLBQGVINUMMR,10.3389/fphar.2019.00025,Adonis chrysocyathus_ODJLBQGVINUMMR
1397,adonis chrysocyathus,cymarin,Adonis chrysocyathus,Adonis chrysocyathus Hook.f. & Thomson,XQCGNURMLWFQJR,10.3389/fphar.2019.00025,Adonis chrysocyathus_XQCGNURMLWFQJR
1398,adonis chrysocyathus,k-strophanthin-β,Adonis chrysocyathus,Adonis chrysocyathus Hook.f. & Thomson,FHIREUBIEIPPMC,10.3389/fphar.2019.00025,Adonis chrysocyathus_FHIREUBIEIPPMC
1401,adonis tianschanica,adonivernith,Adonis tianschanica,Adonis tianschanica (Adolf) Lipsch.,RQLWDYSEFWBFBP,10.3389/fphar.2019.00025,Adonis tianschanica_RQLWDYSEFWBFBP
1404,adonis turkestanica,orientin,Adonis turkestanica,Adonis turkestanica (Korsh.) Adolf,PLAPMLGJVGLZOV,10.3389/fphar.2019.00025,Adonis turkestanica_PLAPMLGJVGLZOV
1405,adonis turkestanica,strophanthidin,Adonis turkestanica,Adonis turkestanica (Korsh.) Adolf,ODJLBQGVINUMMR,10.3389/fphar.2019.00025,Adonis turkestanica_ODJLBQGVINUMMR
1406,adonis turkestanica,adonivernith,Adonis turkestanica,Adonis turkestanica (Korsh.) Adolf,RQLWDYSEFWBFBP,10.3389/fphar.2019.00025,Adonis turkestanica_RQLWDYSEFWBFBP
1407,adonis turkestanica,cymarin,Adonis turkestanica,Adonis turkestanica (Korsh.) Adolf,XQCGNURMLWFQJR,10.3389/fphar.2019.00025,Adonis turkestanica_XQCGNURMLWFQJR
1408,adonis turkestanica,k-strophanthin-β,Adonis turkestanica,Adonis turkestanica (Korsh.) Adolf,FHIREUBIEIPPMC,10.3389/fphar.2019.00025,Adonis turkestanica_FHIREUBIEIPPMC
1410,adonis leiosepala,umbelliferone,Adonis leiosepala,Adonis leiosepala Butkov,ORHBXUUXSCNDEV,10.3389/fphar.2019.00025,Adonis leiosepala_ORHBXUUXSCNDEV
1411,adonis leiosepala,scopoletin,Adonis leiosepala,Adonis leiosepala Butkov,RODXRVNMMDRFIK,10.3389/fphar.2019.00025,Adonis leiosepala_RODXRVNMMDRFIK
1412,adonis leiosepala,adonivernith,Adonis leiosepala,Adonis leiosepala Butkov,RQLWDYSEFWBFBP,10.3389/fphar.2019.00025,Adonis leiosepala_RQLWDYSEFWBFBP
1413,adonis leiosepala,cymarin,Adonis leiosepala,Adonis leiosepala Butkov,XQCGNURMLWFQJR,10.3389/fphar.2019.00025,Adonis leiosepala_XQCGNURMLWFQJR
1414,adonis leiosepala,k-strophanthin-β,Adonis leiosepala,Adonis leiosepala Butkov,FHIREUBIEIPPMC,10.3389/fphar.2019.00025,Adonis leiosepala_FHIREUBIEIPPMC
1426,adonis pseudoamurensis,convallatoxin,Adonis pseudoamurensis,Adonis pseudoamurensis W.T.Wang,HULMNSIAKWANQO,10.3389/fphar.2019.00025,Adonis pseudoamurensis_HULMNSIAKWANQO
1427,adonis pseudoamurensis,cymarin,Adonis pseudoamurensis,Adonis pseudoamurensis W.T.Wang,XQCGNURMLWFQJR,10.3389/fphar.2019.00025,Adonis pseudoamurensis_XQCGNURMLWFQJR
1428,adonis pseudoamurensis,somalin,Adonis pseudoamurensis,Adonis pseudoamurensis W.T.Wang,YBZZSZQZDODUAA,10.3389/fphar.2019.00025,Adonis pseudoamurensis_YBZZSZQZDODUAA
1429,adonis aleppica,periplorhamnoside,Adonis aleppica,Adonis aleppica Boiss.,RAWRNCRYFFPACC,10.3389/fphar.2019.00025,Adonis aleppica_RAWRNCRYFFPACC
1432,adonis aleppica,3-epi-periplogenin,Adonis aleppica,Adonis aleppica Boiss.,QJPCKAJTLHDNCS,10.3389/fphar.2019.00025,Adonis aleppica_QJPCKAJTLHDNCS
1433,adonis aleppica,sarmentocymarin,Adonis aleppica,Adonis aleppica Boiss.,LEORFFVSVUWAEY,10.3389/fphar.2019.00025,Adonis aleppica_LEORFFVSVUWAEY
1438,adonis aestivalis l,k-strophanthin-β,Adonis aestivalis,Adonis aestivalis L.,FHIREUBIEIPPMC,10.3389/fphar.2019.00025,Adonis aestivalis_FHIREUBIEIPPMC
1440,adonis annua l,astaxanthin,Adonis annua,Adonis annua L.,MQZIGYBFDRPAKN,10.3389/fphar.2019.00025,Adonis annua_MQZIGYBFDRPAKN
1441,adonis annua l,adonixanthin,Adonis annua,Adonis annua L.,YECXHLPYMXGEBI,10.3389/fphar.2019.00025,Adonis annua_YECXHLPYMXGEBI
1443,adonis coerulea maxim,isoorientin,Adonis coerulea,Adonis coerulea Maxim.,ODBRNZZJSYPIDI,10.3389/fphar.2019.00025,Adonis coerulea_ODBRNZZJSYPIDI
1444,adonis coerulea maxim,luteolin 7-glucoside,Adonis coerulea,Adonis coerulea Maxim.,PEFNSGRTCBGNAN,10.3389/fphar.2019.00025,Adonis coerulea_PEFNSGRTCBGNAN
1445,adonis coerulea maxim,adonitol,Adonis coerulea,Adonis coerulea Maxim.,HEBKCHPVOIAQTA,10.3389/fphar.2019.00025,Adonis coerulea_HEBKCHPVOIAQTA
1446,adonis coerulea maxim,apigenin,Adonis coerulea,Adonis coerulea Maxim.,KZNIFHPLKGYRTM,10.3389/fphar.2019.00025,Adonis coerulea_KZNIFHPLKGYRTM
1447,adonis coerulea maxim,orientin,Adonis coerulea,Adonis coerulea Maxim.,PLAPMLGJVGLZOV,10.3389/fphar.2019.00025,Adonis coerulea_PLAPMLGJVGLZOV
1448,adonis coerulea maxim,"stigmast-4-ene-3,6-dione",Adonis coerulea,Adonis coerulea Maxim.,UVFOCYGYACXLAY,10.3389/fphar.2019.00025,Adonis coerulea_UVFOCYGYACXLAY
1449,adonis coerulea maxim,β-sitosterol,Adonis coerulea,Adonis coerulea Maxim.,KZJWDPNRJALLNS,10.3389/fphar.2019.00025,Adonis coerulea_KZJWDPNRJALLNS
1450,adonis coerulea maxim,palmitic acid,Adonis coerulea,Adonis coerulea Maxim.,IPCSVZSSVZVIGE,10.3389/fphar.2019.00025,Adonis coerulea_IPCSVZSSVZVIGE
1451,adonis coerulea maxim,p-formylcinnamic acid,Adonis coerulea,Adonis coerulea Maxim.,LBOUHDMYVURTMA,10.3389/fphar.2019.00025,Adonis coerulea_LBOUHDMYVURTMA
1452,adonis coerulea maxim,1-hentriacontanol,Adonis coerulea,Adonis coerulea Maxim.,ROOBHHSRWJOKSH,10.3389/fphar.2019.00025,Adonis coerulea_ROOBHHSRWJOKSH
1453,adonis sibirica,calendula,Adonis apennina,Adonis apennina L.,AJBZENLMTKDAEK,10.3389/fphar.2019.00025,Adonis apennina_AJBZENLMTKDAEK
1454,adonis sibirica,convallatoxin,Adonis apennina,Adonis apennina L.,HULMNSIAKWANQO,10.3389/fphar.2019.00025,Adonis apennina_HULMNSIAKWANQO
1455,adonis sibirica,orientin,Adonis apennina,Adonis apennina L.,PLAPMLGJVGLZOV,10.3389/fphar.2019.00025,Adonis apennina_PLAPMLGJVGLZOV
1456,adonis sibirica,strophanthidin,Adonis apennina,Adonis apennina L.,ODJLBQGVINUMMR,10.3389/fphar.2019.00025,Adonis apennina_ODJLBQGVINUMMR
1457,adonis sibirica,k-strophanthin-β,Adonis apennina,Adonis apennina L.,FHIREUBIEIPPMC,10.3389/fphar.2019.00025,Adonis apennina_FHIREUBIEIPPMC
1458,rosmarinus officinalis l,officinoterpenoside b,Salvia rosmarinus,Salvia rosmarinus Spenn.,LAAQDTGBDMDDMK,10.22270/jddt.v9i1.2218,Salvia rosmarinus_LAAQDTGBDMDDMK
1469,rosmarinus officinalis l,officinoterpenoside a1,Salvia rosmarinus,Salvia rosmarinus Spenn.,NCVFPCPIHCRRII,10.22270/jddt.v9i1.2218,Salvia rosmarinus_NCVFPCPIHCRRII
1473,rosmarinus officinalis l,officinoterpenoside a2,Salvia rosmarinus,Salvia rosmarinus Spenn.,SDFTUBMKOBALJG,10.22270/jddt.v9i1.2218,Salvia rosmarinus_SDFTUBMKOBALJG
1480,rosmarinus officinalis l,officinoterpenoside c,Salvia rosmarinus,Salvia rosmarinus Spenn.,CYKADGBCIQYFTJ,10.22270/jddt.v9i1.2218,Salvia rosmarinus_CYKADGBCIQYFTJ
1515,emblica officinalis,benzaldehyde,Phyllanthus emblica,Phyllanthus emblica L.,HUMNYLRZRPPJDN,10.52783/jchr.v14.i3.4789,Phyllanthus emblica_HUMNYLRZRPPJDN
1518,emblica officinalis,punigluconin,Phyllanthus emblica,Phyllanthus emblica L.,KZEYIYXACMUTRM,10.52783/jchr.v14.i3.4789,Phyllanthus emblica_KZEYIYXACMUTRM
1520,emblica officinalis,phyllantidine,Phyllanthus emblica,Phyllanthus emblica L.,CTFXYMMZXWWOFY,10.52783/jchr.v14.i3.4789,Phyllanthus emblica_CTFXYMMZXWWOFY
1524,emblica officinalis,methyl salicylate,Phyllanthus emblica,Phyllanthus emblica L.,OSWPMRLSEDHDFF,10.52783/jchr.v14.i3.4789,Phyllanthus emblica_OSWPMRLSEDHDFF
1528,emblica officinalis,pedunculagin,Phyllanthus emblica,Phyllanthus emblica L.,IYMHVUYNBVWXKH,10.52783/jchr.v14.i3.4789,Phyllanthus emblica_IYMHVUYNBVWXKH
1530,rhoicissus tridentata,procyanidin b4,Rhoicissus tridentata,Rhoicissus tridentata (L.f.) Wild & R.B.Drumm.,XFZJEEAOWLFHDH,10.3390/molecules26082306,Rhoicissus tridentata_XFZJEEAOWLFHDH
1531,rhoicissus tridentata,malic acid,Rhoicissus tridentata,Rhoicissus tridentata (L.f.) Wild & R.B.Drumm.,BJEPYKJPYRNKOW,10.3390/molecules26082306,Rhoicissus tridentata_BJEPYKJPYRNKOW
1532,rhoicissus tridentata,fumaric acid,Rhoicissus tridentata,Rhoicissus tridentata (L.f.) Wild & R.B.Drumm.,VZCYOOQTPOCHFL,10.3390/molecules26082306,Rhoicissus tridentata_VZCYOOQTPOCHFL
1533,rhoicissus tridentata,catechin,Rhoicissus tridentata,Rhoicissus tridentata (L.f.) Wild & R.B.Drumm.,PFTAWBLQPZVEMU,10.3390/molecules26082306,Rhoicissus tridentata_PFTAWBLQPZVEMU
1534,rhoicissus tridentata,oleanolic acid,Rhoicissus tridentata,Rhoicissus tridentata (L.f.) Wild & R.B.Drumm.,MIJYXULNPSFWEK,10.3390/molecules26082306,Rhoicissus tridentata_MIJYXULNPSFWEK
1535,rhoicissus tridentata,procyanidin b3,Rhoicissus tridentata,Rhoicissus tridentata (L.f.) Wild & R.B.Drumm.,XFZJEEAOWLFHDH,10.3390/molecules26082306,Rhoicissus tridentata_XFZJEEAOWLFHDH
1536,rhoicissus tridentata,homovanillyl alcohol,Rhoicissus tridentata,Rhoicissus tridentata (L.f.) Wild & R.B.Drumm.,XHUBSJRBOQIZNI,10.3390/molecules26082306,Rhoicissus tridentata_XHUBSJRBOQIZNI
1537,rhoicissus tridentata,vanillic acid,Rhoicissus tridentata,Rhoicissus tridentata (L.f.) Wild & R.B.Drumm.,WKOLLVMJNQIZCI,10.3390/molecules26082306,Rhoicissus tridentata_WKOLLVMJNQIZCI
1538,rhoicissus tridentata,epigallocatechin,Rhoicissus tridentata,Rhoicissus tridentata (L.f.) Wild & R.B.Drumm.,XMOCLSLCDHWDHP,10.3390/molecules26082306,Rhoicissus tridentata_XMOCLSLCDHWDHP
1539,rhoicissus tridentata,succinic acid,Rhoicissus tridentata,Rhoicissus tridentata (L.f.) Wild & R.B.Drumm.,KDYFGRWQOYBRFD,10.3390/molecules26082306,Rhoicissus tridentata_KDYFGRWQOYBRFD
1540,rhoicissus tridentata,β-sitosterol,Rhoicissus tridentata,Rhoicissus tridentata (L.f.) Wild & R.B.Drumm.,KZJWDPNRJALLNS,10.3390/molecules26082306,Rhoicissus tridentata_KZJWDPNRJALLNS
1541,rhoicissus tridentata,lupenone,Rhoicissus tridentata,Rhoicissus tridentata (L.f.) Wild & R.B.Drumm.,GRBHNQFQFHLCHO,10.3390/molecules26082306,Rhoicissus tridentata_GRBHNQFQFHLCHO
1542,rhoicissus tridentata,gallic acid,Rhoicissus tridentata,Rhoicissus tridentata (L.f.) Wild & R.B.Drumm.,LNTHITQWFMADLM,10.3390/molecules26082306,Rhoicissus tridentata_LNTHITQWFMADLM
1543,rhoicissus tridentata,triacontanol,Rhoicissus tridentata,Rhoicissus tridentata (L.f.) Wild & R.B.Drumm.,REZQBEBOWJAQKS,10.3390/molecules26082306,Rhoicissus tridentata_REZQBEBOWJAQKS
1544,rhoicissus tridentata,mollisacacidin,Rhoicissus tridentata,Rhoicissus tridentata (L.f.) Wild & R.B.Drumm.,OFZBQQUVMQGHDJ,10.3390/molecules26082306,Rhoicissus tridentata_OFZBQQUVMQGHDJ
1545,rhoicissus tridentata,γ-sitosterol,Rhoicissus tridentata,Rhoicissus tridentata (L.f.) Wild & R.B.Drumm.,KZJWDPNRJALLNS,10.3390/molecules26082306,Rhoicissus tridentata_KZJWDPNRJALLNS
1546,rhoicissus tridentata,epicatechin,Rhoicissus tridentata,Rhoicissus tridentata (L.f.) Wild & R.B.Drumm.,PFTAWBLQPZVEMU,10.3390/molecules26082306,Rhoicissus tridentata_PFTAWBLQPZVEMU
1547,rhoicissus tridentata,epicatechin-3-o-gallate,Rhoicissus tridentata,Rhoicissus tridentata (L.f.) Wild & R.B.Drumm.,LSHVYAFMTMFKBA,10.3390/molecules26082306,Rhoicissus tridentata_LSHVYAFMTMFKBA
1548,rhoicissus tridentata,fisetinidol,Rhoicissus tridentata,Rhoicissus tridentata (L.f.) Wild & R.B.Drumm.,VFZYLYJWCROVLO,10.3390/molecules26082306,Rhoicissus tridentata_VFZYLYJWCROVLO
1549,rhoicissus tridentata,gallocatechin,Rhoicissus tridentata,Rhoicissus tridentata (L.f.) Wild & R.B.Drumm.,XMOCLSLCDHWDHP,10.3390/molecules26082306,Rhoicissus tridentata_XMOCLSLCDHWDHP
1550,rhoicissus digitata,quercetin,Rhoicissus digitata,Rhoicissus digitata (L.f.) Gilg & M.Brandt,REFJWTPEDVJJIY,10.3390/molecules26082306,Rhoicissus digitata_REFJWTPEDVJJIY
1551,rhoicissus digitata,(+)-catechin,Rhoicissus digitata,Rhoicissus digitata (L.f.) Gilg & M.Brandt,PFTAWBLQPZVEMU,10.3390/molecules26082306,Rhoicissus digitata_PFTAWBLQPZVEMU
1552,rhoicissus digitata,β-sitosterol,Rhoicissus digitata,Rhoicissus digitata (L.f.) Gilg & M.Brandt,KZJWDPNRJALLNS,10.3390/molecules26082306,Rhoicissus digitata_KZJWDPNRJALLNS
1553,rhoicissus digitata,oleanolic acid,Rhoicissus digitata,Rhoicissus digitata (L.f.) Gilg & M.Brandt,MIJYXULNPSFWEK,10.3390/molecules26082306,Rhoicissus digitata_MIJYXULNPSFWEK
1554,rhoicissus tomentosa,hexadecanoic acid methyl ester,Rhoicissus tomentosa,Rhoicissus tomentosa (Lam.) Wild & R.B.Drumm.,FLIACVVOZYBSBS,10.3390/molecules26082306,Rhoicissus tomentosa_FLIACVVOZYBSBS
1555,rhoicissus tomentosa,octadecanoic acid,Rhoicissus tomentosa,Rhoicissus tomentosa (Lam.) Wild & R.B.Drumm.,QIQXTHQIDYTFRH,10.3390/molecules26082306,Rhoicissus tomentosa_QIQXTHQIDYTFRH
1556,rhoicissus tomentosa,uridine,Rhoicissus tomentosa,Rhoicissus tomentosa (Lam.) Wild & R.B.Drumm.,DRTQHJPVMGBUCF,10.3390/molecules26082306,Rhoicissus tomentosa_DRTQHJPVMGBUCF
1557,rhoicissus tomentosa,oleanolic acid,Rhoicissus tomentosa,Rhoicissus tomentosa (Lam.) Wild & R.B.Drumm.,MIJYXULNPSFWEK,10.3390/molecules26082306,Rhoicissus tomentosa_MIJYXULNPSFWEK
1558,rhoicissus tomentosa,lutein,Rhoicissus tomentosa,Rhoicissus tomentosa (Lam.) Wild & R.B.Drumm.,KBPHJBAIARWVSC,10.3390/molecules26082306,Rhoicissus tomentosa_KBPHJBAIARWVSC
1559,rhoicissus tomentosa,l-arginine,Rhoicissus tomentosa,Rhoicissus tomentosa (Lam.) Wild & R.B.Drumm.,ODKSFYDXXFIFQN,10.3390/molecules26082306,Rhoicissus tomentosa_ODKSFYDXXFIFQN
1560,rhoicissus tomentosa,docosanoic acid,Rhoicissus tomentosa,Rhoicissus tomentosa (Lam.) Wild & R.B.Drumm.,UKMSUNONTOPOIO,10.3390/molecules26082306,Rhoicissus tomentosa_UKMSUNONTOPOIO
1561,rhoicissus tomentosa,stigmasterol,Rhoicissus tomentosa,Rhoicissus tomentosa (Lam.) Wild & R.B.Drumm.,HCXVJBMSMIARIN,10.3390/molecules26082306,Rhoicissus tomentosa_HCXVJBMSMIARIN
1562,rhoicissus tomentosa,(+)-catechin,Rhoicissus tomentosa,Rhoicissus tomentosa (Lam.) Wild & R.B.Drumm.,PFTAWBLQPZVEMU,10.3390/molecules26082306,Rhoicissus tomentosa_PFTAWBLQPZVEMU
1563,rhoicissus tomentosa,β-sitosterol,Rhoicissus tomentosa,Rhoicissus tomentosa (Lam.) Wild & R.B.Drumm.,KZJWDPNRJALLNS,10.3390/molecules26082306,Rhoicissus tomentosa_KZJWDPNRJALLNS
1564,rhoicissus tomentosa,glycyl-l-valine,Rhoicissus tomentosa,Rhoicissus tomentosa (Lam.) Wild & R.B.Drumm.,STKYPAFSDFAEPH,10.3390/molecules26082306,Rhoicissus tomentosa_STKYPAFSDFAEPH
1565,rhoicissus tomentosa,pheophytin,Rhoicissus tomentosa,Rhoicissus tomentosa (Lam.) Wild & R.B.Drumm.,BPYKTIZUTYGOLE,10.3390/molecules26082306,Rhoicissus tomentosa_BPYKTIZUTYGOLE
1566,rhoicissus tomentosa,quercetrin,Rhoicissus tomentosa,Rhoicissus tomentosa (Lam.) Wild & R.B.Drumm.,OXGUCUVFOIWWQJ,10.3390/molecules26082306,Rhoicissus tomentosa_OXGUCUVFOIWWQJ
1567,rhoicissus tomentosa,d-asparagine,Rhoicissus tomentosa,Rhoicissus tomentosa (Lam.) Wild & R.B.Drumm.,DCXYFEDJOCDNAF,10.3390/molecules26082306,Rhoicissus tomentosa_DCXYFEDJOCDNAF
1568,rhoicissus tomentosa,hexadecanoic acid,Rhoicissus tomentosa,Rhoicissus tomentosa (Lam.) Wild & R.B.Drumm.,IPCSVZSSVZVIGE,10.3390/molecules26082306,Rhoicissus tomentosa_IPCSVZSSVZVIGE
1569,rhoicissus tomentosa,decanoic acid 2-propenyl ester,Rhoicissus tomentosa,Rhoicissus tomentosa (Lam.) Wild & R.B.Drumm.,DQVOTEHORLHPRW,10.3390/molecules26082306,Rhoicissus tomentosa_DQVOTEHORLHPRW
1570,rhoicissus tomentosa,cis-9-octadecenoic acid,Rhoicissus tomentosa,Rhoicissus tomentosa (Lam.) Wild & R.B.Drumm.,ZQPPMHVWECSIRJ,10.3390/molecules26082306,Rhoicissus tomentosa_ZQPPMHVWECSIRJ
1571,rhoicissus tomentosa,9-octadecynoic acid,Rhoicissus tomentosa,Rhoicissus tomentosa (Lam.) Wild & R.B.Drumm.,RGTIBVZDHOMOKC,10.3390/molecules26082306,Rhoicissus tomentosa_RGTIBVZDHOMOKC
1572,rhoicissus tomentosa,eicosanoic acid,Rhoicissus tomentosa,Rhoicissus tomentosa (Lam.) Wild & R.B.Drumm.,VKOBVWXKNCXXDE,10.3390/molecules26082306,Rhoicissus tomentosa_VKOBVWXKNCXXDE
1573,rhoicissus tomentosa,3β-taraxerol,Rhoicissus tomentosa,Rhoicissus tomentosa (Lam.) Wild & R.B.Drumm.,GGGUGZHBAOMSFJ,10.3390/molecules26082306,Rhoicissus tomentosa_GGGUGZHBAOMSFJ
1574,rhoicissus tomentosa,tetradecanoic acid,Rhoicissus tomentosa,Rhoicissus tomentosa (Lam.) Wild & R.B.Drumm.,TUNFSRHWOTWDNC,10.3390/molecules26082306,Rhoicissus tomentosa_TUNFSRHWOTWDNC
1575,rhoicissus tomentosa,tetracosanoic acid,Rhoicissus tomentosa,Rhoicissus tomentosa (Lam.) Wild & R.B.Drumm.,QZZGJDVWLFXDLK,10.3390/molecules26082306,Rhoicissus tomentosa_QZZGJDVWLFXDLK
1576,mahonia bealei,quercetin,Berberis bealei,Berberis bealei Fortune,REFJWTPEDVJJIY,10.4314/tjpr.v18i10.31,Berberis bealei_REFJWTPEDVJJIY
1577,mahonia bealei,oleanolic acid,Berberis bealei,Berberis bealei Fortune,MIJYXULNPSFWEK,10.4314/tjpr.v18i10.31,Berberis bealei_MIJYXULNPSFWEK
1578,mahonia bealei,chryseriol,Berberis bealei,Berberis bealei Fortune,SCZVLDHREVKTSH,10.4314/tjpr.v18i10.31,Berberis bealei_SCZVLDHREVKTSH
1579,mahonia bealei,methyl syringate,Berberis bealei,Berberis bealei Fortune,ZMXJAEGJWHJMGX,10.4314/tjpr.v18i10.31,Berberis bealei_ZMXJAEGJWHJMGX
1580,mahonia bealei,trans-cinnamic acid,Berberis bealei,Berberis bealei Fortune,WBYWAXJHAXSJNI,10.4314/tjpr.v18i10.31,Berberis bealei_WBYWAXJHAXSJNI
1581,mahonia bealei,yangambin,Berberis bealei,Berberis bealei Fortune,HRLFUIXSXUASEX,10.4314/tjpr.v18i10.31,Berberis bealei_HRLFUIXSXUASEX
1582,mahonia bealei,stigmasterol,Berberis bealei,Berberis bealei Fortune,HCXVJBMSMIARIN,10.4314/tjpr.v18i10.31,Berberis bealei_HCXVJBMSMIARIN
1583,mahonia bealei,"3-(4-hydroxy-3,5-dimethoxyphenyl)-3-ethoxy-2-sulfopropane-1-ol",Berberis bealei,Berberis bealei Fortune,DGBQIIWMWZSVOR,10.4314/tjpr.v18i10.31,Berberis bealei_DGBQIIWMWZSVOR
1584,mahonia bealei,tricin,Berberis bealei,Berberis bealei Fortune,HRGUSFBJBOKSML,10.4314/tjpr.v18i10.31,Berberis bealei_HRGUSFBJBOKSML
1585,mahonia bealei,ursolic acid,Berberis bealei,Berberis bealei Fortune,WCGUUGGRBIKTOS,10.4314/tjpr.v18i10.31,Berberis bealei_WCGUUGGRBIKTOS
1586,mahonia bealei,β-sitosterol,Berberis bealei,Berberis bealei Fortune,KZJWDPNRJALLNS,10.4314/tjpr.v18i10.31,Berberis bealei_KZJWDPNRJALLNS
1587,mahonia bealei,daucosterol,Berberis bealei,Berberis bealei Fortune,NPJICTMALKLTFW,10.4314/tjpr.v18i10.31,Berberis bealei_NPJICTMALKLTFW
1588,mahonia bealei,gallic acid,Berberis bealei,Berberis bealei Fortune,LNTHITQWFMADLM,10.4314/tjpr.v18i10.31,Berberis bealei_LNTHITQWFMADLM
1589,mahonia bealei,quercetin 3-o-β-d-xylopyranoside,Berberis bealei,Berberis bealei Fortune,PZZRDJXEMZMZFD,10.4314/tjpr.v18i10.31,Berberis bealei_PZZRDJXEMZMZFD
1590,mahonia bealei,epiyangambin,Berberis bealei,Berberis bealei Fortune,HRLFUIXSXUASEX,10.4314/tjpr.v18i10.31,Berberis bealei_HRLFUIXSXUASEX
1592,mahonia bealei,episyringaresinol,Berberis bealei,Berberis bealei Fortune,KOWMJRJXZMEZLD,10.4314/tjpr.v18i10.31,Berberis bealei_KOWMJRJXZMEZLD
1593,mahonia bealei,isorhamnetin,Berberis bealei,Berberis bealei Fortune,IZQSVPBOUDKVDZ,10.4314/tjpr.v18i10.31,Berberis bealei_IZQSVPBOUDKVDZ
1597,senna occidentalis l,anthocyanins,Senna occidentalis,Senna occidentalis (L.) Link,NWKFECICNXDNOQ,10.4314/orapj.v5i1.9,Senna occidentalis_NWKFECICNXDNOQ
1598,cotula cinerea del,oxyayanin-b,Brocchia cinerea,Brocchia cinerea (Delile) Vis.,UQBUUCDVKDSHCE,10.4314/tjpr.v17i2.24,Brocchia cinerea_UQBUUCDVKDSHCE
1600,cotula cinerea del,"1,2,2,3-tetramethylcyclopent-3-enol",Brocchia cinerea,Brocchia cinerea (Delile) Vis.,ODKUFQPJLRUDGX,10.4314/tjpr.v17i2.24,Brocchia cinerea_ODKUFQPJLRUDGX
1601,cotula cinerea del,cryptochlorogenic acid,Brocchia cinerea,Brocchia cinerea (Delile) Vis.,GYFFKZTYYAFCTR,10.4314/tjpr.v17i2.24,Brocchia cinerea_GYFFKZTYYAFCTR
1602,cotula cinerea del,"1,8-cineole",Brocchia cinerea,Brocchia cinerea (Delile) Vis.,WEEGYLXZBRQIMU,10.4314/tjpr.v17i2.24,Brocchia cinerea_WEEGYLXZBRQIMU
1603,cotula cinerea del,neochlorogenic acid,Brocchia cinerea,Brocchia cinerea (Delile) Vis.,CWVRJTMFETXNAD,10.4314/tjpr.v17i2.24,Brocchia cinerea_CWVRJTMFETXNAD
1604,cotula cinerea del,beta-phellandrene,Brocchia cinerea,Brocchia cinerea (Delile) Vis.,LFJQCDVYDGGFCH,10.4314/tjpr.v17i2.24,Brocchia cinerea_LFJQCDVYDGGFCH
1605,cotula cinerea del,thymol methylether,Brocchia cinerea,Brocchia cinerea (Delile) Vis.,HIWPMWHSZDDZLH,10.4314/tjpr.v17i2.24,Brocchia cinerea_HIWPMWHSZDDZLH
1606,cotula cinerea del,eucalyptol,Brocchia cinerea,Brocchia cinerea (Delile) Vis.,WEEGYLXZBRQIMU,10.4314/tjpr.v17i2.24,Brocchia cinerea_WEEGYLXZBRQIMU
1607,cotula cinerea del,cis-verbenyl acetate,Brocchia cinerea,Brocchia cinerea (Delile) Vis.,OZBFUQLOVFXDNK,10.4314/tjpr.v17i2.24,Brocchia cinerea_OZBFUQLOVFXDNK
1608,cotula cinerea del,origanene,Brocchia cinerea,Brocchia cinerea (Delile) Vis.,KQAZVFVOEIRWHN,10.4314/tjpr.v17i2.24,Brocchia cinerea_KQAZVFVOEIRWHN
1610,cotula cinerea del,chlorogenic acid,Brocchia cinerea,Brocchia cinerea (Delile) Vis.,CWVRJTMFETXNAD,10.4314/tjpr.v17i2.24,Brocchia cinerea_CWVRJTMFETXNAD
1611,cotula cinerea del,6-hydroxyluteolin,Brocchia cinerea,Brocchia cinerea (Delile) Vis.,VYAKIUWQLHRZGK,10.4314/tjpr.v17i2.24,Brocchia cinerea_VYAKIUWQLHRZGK
1612,cotula cinerea del,"4,5-dicaffeoylquinic acid",Brocchia cinerea,Brocchia cinerea (Delile) Vis.,UFCLZKMFXSILNL,10.4314/tjpr.v17i2.24,Brocchia cinerea_UFCLZKMFXSILNL
1614,cotula cinerea del,3-methylquercetin,Brocchia cinerea,Brocchia cinerea (Delile) Vis.,IZQSVPBOUDKVDZ,10.4314/tjpr.v17i2.24,Brocchia cinerea_IZQSVPBOUDKVDZ
1615,cotula cinerea del,trans-carveol,Brocchia cinerea,Brocchia cinerea (Delile) Vis.,BAVONGHXFVOKBV,10.4314/tjpr.v17i2.24,Brocchia cinerea_BAVONGHXFVOKBV
1616,cotula cinerea del,apigenin,Brocchia cinerea,Brocchia cinerea (Delile) Vis.,KZNIFHPLKGYRTM,10.4314/tjpr.v17i2.24,Brocchia cinerea_KZNIFHPLKGYRTM
1617,cotula cinerea del,4(10)-thujen-3-ol,Brocchia cinerea,Brocchia cinerea (Delile) Vis.,MDFQXBNVOAKNAY,10.4314/tjpr.v17i2.24,Brocchia cinerea_MDFQXBNVOAKNAY
1618,cotula cinerea del,borneol,Brocchia cinerea,Brocchia cinerea (Delile) Vis.,DTGKSKDOIYIVQL,10.4314/tjpr.v17i2.24,Brocchia cinerea_DTGKSKDOIYIVQL
1619,cotula cinerea del,trans-piperitol,Brocchia cinerea,Brocchia cinerea (Delile) Vis.,HPOHAUWWDDPHRS,10.4314/tjpr.v17i2.24,Brocchia cinerea_HPOHAUWWDDPHRS
1620,cotula cinerea del,isoborneol,Brocchia cinerea,Brocchia cinerea (Delile) Vis.,DTGKSKDOIYIVQL,10.4314/tjpr.v17i2.24,Brocchia cinerea_DTGKSKDOIYIVQL
1621,cotula cinerea del,"3,4-dicaffeoylquinic acid",Brocchia cinerea,Brocchia cinerea (Delile) Vis.,UFCLZKMFXSILNL,10.4314/tjpr.v17i2.24,Brocchia cinerea_UFCLZKMFXSILNL
1622,cotula cinerea del,3-carène,Brocchia cinerea,Brocchia cinerea (Delile) Vis.,BQOFWKZOCNGFEC,10.4314/tjpr.v17i2.24,Brocchia cinerea_BQOFWKZOCNGFEC
1623,cotula cinerea del,7-o-β-d-glucosylapigenin,Brocchia cinerea,Brocchia cinerea (Delile) Vis.,KMOUJOKENFFTPU,10.4314/tjpr.v17i2.24,Brocchia cinerea_KMOUJOKENFFTPU
1624,cotula cinerea del,pinene,Brocchia cinerea,Brocchia cinerea (Delile) Vis.,NDUIFQPPDDOKRN,10.4314/tjpr.v17i2.24,Brocchia cinerea_NDUIFQPPDDOKRN
1625,cotula cinerea del,(e)-citral,Brocchia cinerea,Brocchia cinerea (Delile) Vis.,WTEVQBCEXWBHNA,10.4314/tjpr.v17i2.24,Brocchia cinerea_WTEVQBCEXWBHNA
1626,cotula cinerea del,carvacrol,Brocchia cinerea,Brocchia cinerea (Delile) Vis.,RECUKUPTGUEGMW,10.4314/tjpr.v17i2.24,Brocchia cinerea_RECUKUPTGUEGMW
1627,cotula cinerea del,carvone,Brocchia cinerea,Brocchia cinerea (Delile) Vis.,ULDHMXUKGWMISQ,10.4314/tjpr.v17i2.24,Brocchia cinerea_ULDHMXUKGWMISQ
1628,cotula cinerea del,axillarin,Brocchia cinerea,Brocchia cinerea (Delile) Vis.,KIGVXRGRNLQNNI,10.4314/tjpr.v17i2.24,Brocchia cinerea_KIGVXRGRNLQNNI
1629,cotula cinerea del,chrysosplenetin,Brocchia cinerea,Brocchia cinerea (Delile) Vis.,NBVTYGIYKCPHQN,10.4314/tjpr.v17i2.24,Brocchia cinerea_NBVTYGIYKCPHQN
1630,cotula cinerea del,santolina alcohol,Brocchia cinerea,Brocchia cinerea (Delile) Vis.,JWGLVEFPXSKNBN,10.4314/tjpr.v17i2.24,Brocchia cinerea_JWGLVEFPXSKNBN
1631,cotula cinerea del,p-cymen-8-ol,Brocchia cinerea,Brocchia cinerea (Delile) Vis.,XLPDVYGDNRIQFV,10.4314/tjpr.v17i2.24,Brocchia cinerea_XLPDVYGDNRIQFV
1632,cotula cinerea del,trans-pinocarveol,Brocchia cinerea,Brocchia cinerea (Delile) Vis.,LCYXQUJDODZYIJ,10.4314/tjpr.v17i2.24,Brocchia cinerea_LCYXQUJDODZYIJ
1633,cotula cinerea del,m-cymene,Brocchia cinerea,Brocchia cinerea (Delile) Vis.,XCYJPXQACVEIOS,10.4314/tjpr.v17i2.24,Brocchia cinerea_XCYJPXQACVEIOS
1636,cotula cinerea del,terpinen-4-ol,Brocchia cinerea,Brocchia cinerea (Delile) Vis.,WRYLYDPHFGVWKC,10.4314/tjpr.v17i2.24,Brocchia cinerea_WRYLYDPHFGVWKC
1637,xanthium sibiricum patr,dihydrodehydrodiconiferyl alcohol,Xanthium strumarium,Xanthium strumarium L.,SBLZVJIHPWRSQQ,10.4103/wjtcm.wjtcm_49_20,Xanthium strumarium_SBLZVJIHPWRSQQ
1638,xanthium sibiricum patr,chrysophanic acid,Xanthium strumarium,Xanthium strumarium L.,LQGUBLBATBMXHT,10.4103/wjtcm.wjtcm_49_20,Xanthium strumarium_LQGUBLBATBMXHT
1645,xanthium sibiricum patr,erythro-guaiacylglycerol-β-coniferyl aldehyde ether,Xanthium strumarium,Xanthium strumarium L.,LWLOALZBDOVWAE,10.4103/wjtcm.wjtcm_49_20,Xanthium strumarium_LWLOALZBDOVWAE
1646,xanthium sibiricum patr,"2,3-dihydroxy-1-(4-hydroxy-3-methoxyphenyl)-propan-1-one",Xanthium strumarium,Xanthium strumarium L.,UTXNRISXYKZJTH,10.4103/wjtcm.wjtcm_49_20,Xanthium strumarium_UTXNRISXYKZJTH
1649,xanthium sibiricum patr,isovanillic acid,Xanthium strumarium,Xanthium strumarium L.,LBKFGYZQBSGRHY,10.4103/wjtcm.wjtcm_49_20,Xanthium strumarium_LBKFGYZQBSGRHY
1650,xanthium sibiricum patr,dehydrodiconiferyl alcohol,Xanthium strumarium,Xanthium strumarium L.,KUSXBOZNRPQEON,10.4103/wjtcm.wjtcm_49_20,Xanthium strumarium_KUSXBOZNRPQEON
1654,xanthium sibiricum patr,threo-guaiacylglycerol-β-coniferyl aldehyde ether,Xanthium strumarium,Xanthium strumarium L.,LWLOALZBDOVWAE,10.4103/wjtcm.wjtcm_49_20,Xanthium strumarium_LWLOALZBDOVWAE
1655,xanthium sibiricum patr,neochlorogenic acid methyl ester,Xanthium strumarium,Xanthium strumarium L.,MZNIJRAPCCELQX,10.4103/wjtcm.wjtcm_49_20,Xanthium strumarium_MZNIJRAPCCELQX
1658,xanthium sibiricum patr,arbutin,Xanthium strumarium,Xanthium strumarium L.,BJRNKVDFDLYUGJ,10.4103/wjtcm.wjtcm_49_20,Xanthium strumarium_BJRNKVDFDLYUGJ
1659,xanthium sibiricum patr,balanophonin,Xanthium strumarium,Xanthium strumarium L.,GWCSSLSMGCFIFR,10.4103/wjtcm.wjtcm_49_20,Xanthium strumarium_GWCSSLSMGCFIFR
1660,xanthium sibiricum patr,chushizisin e,Xanthium strumarium,Xanthium strumarium L.,LLBVZGBPQIMZCG,10.4103/wjtcm.wjtcm_49_20,Xanthium strumarium_LLBVZGBPQIMZCG
1661,xanthium sibiricum patr,threo-dihydroxydehydrodiconiferyl alcohol,Xanthium strumarium,Xanthium strumarium L.,APJXMEVQVACVMD,10.4103/wjtcm.wjtcm_49_20,Xanthium strumarium_APJXMEVQVACVMD
1663,xanthium sibiricum patr,protocatechuic acid,Xanthium strumarium,Xanthium strumarium L.,YQUVCSBJEUQKSH,10.4103/wjtcm.wjtcm_49_20,Xanthium strumarium_YQUVCSBJEUQKSH
1665,xanthium sibiricum patr,emodin,Xanthium strumarium,Xanthium strumarium L.,RHMXXJGYXNZAPX,10.4103/wjtcm.wjtcm_49_20,Xanthium strumarium_RHMXXJGYXNZAPX
1666,xanthium sibiricum patr,aloe emodin,Xanthium strumarium,Xanthium strumarium L.,YDQWDHRMZQUTBA,10.4103/wjtcm.wjtcm_49_20,Xanthium strumarium_YDQWDHRMZQUTBA
1670,xanthium sibiricum patr,"4,5-di-o-caffeoylquinic acid",Xanthium strumarium,Xanthium strumarium L.,UFCLZKMFXSILNL,10.4103/wjtcm.wjtcm_49_20,Xanthium strumarium_UFCLZKMFXSILNL
1672,xanthium sibiricum patr,5-azuleneacetic acid,Xanthium strumarium,Xanthium strumarium L.,QYVFYQOPJCXOTR,10.4103/wjtcm.wjtcm_49_20,Xanthium strumarium_QYVFYQOPJCXOTR
1678,xanthium sibiricum patr,2-(4-hydroxy -3-methoxyphenyl)-3-(2-hydroxy-5-methoxyphenyl)-3-oxo-1-propanol,Xanthium strumarium,Xanthium strumarium L.,KSVIHPJLKBFXJJ,10.4103/wjtcm.wjtcm_49_20,Xanthium strumarium_KSVIHPJLKBFXJJ
1680,xanthium sibiricum patr,lasidiol p-methoxybenzoate,Xanthium strumarium,Xanthium strumarium L.,IYDWZZNRGMWKMG,10.4103/wjtcm.wjtcm_49_20,Xanthium strumarium_IYDWZZNRGMWKMG
1681,vitex negundo linn,aucubin,Vitex negundo,Vitex negundo L.,RJWJHRPNHPHBRN,10.22270/jddt.v10i3-s.4173,Vitex negundo_RJWJHRPNHPHBRN
1683,vitex negundo linn,borazine,Vitex negundo,Vitex negundo L.,BGECDVWSWDRFSP,10.22270/jddt.v10i3-s.4173,Vitex negundo_BGECDVWSWDRFSP
1684,vitex negundo linn,(+)-diasyringaresinol,Vitex negundo,Vitex negundo L.,KOWMJRJXZMEZLD,10.22270/jddt.v10i3-s.4173,Vitex negundo_KOWMJRJXZMEZLD
1686,vitex negundo linn,n-nonacosane,Vitex negundo,Vitex negundo L.,IGGUPRCHHJZPBS,10.22270/jddt.v10i3-s.4173,Vitex negundo_IGGUPRCHHJZPBS
1687,vitex negundo linn,oleanolic acid,Vitex negundo,Vitex negundo L.,MIJYXULNPSFWEK,10.22270/jddt.v10i3-s.4173,Vitex negundo_MIJYXULNPSFWEK
1689,vitex negundo linn,phenyl- cyclopentasiloxane,Vitex negundo,Vitex negundo L.,HHYXWLOJXMBKGU,10.22270/jddt.v10i3-s.4173,Vitex negundo_HHYXWLOJXMBKGU
1690,vitex negundo linn,geranial,Vitex negundo,Vitex negundo L.,WTEVQBCEXWBHNA,10.22270/jddt.v10i3-s.4173,Vitex negundo_WTEVQBCEXWBHNA
1693,vitex negundo linn,valencene,Vitex negundo,Vitex negundo L.,QEBNYNLSCGVZOH,10.22270/jddt.v10i3-s.4173,Vitex negundo_QEBNYNLSCGVZOH
1694,vitex negundo linn,δ-guaiene,Vitex negundo,Vitex negundo L.,YHAJBLWYOIUHHM,10.22270/jddt.v10i3-s.4173,Vitex negundo_YHAJBLWYOIUHHM
1696,vitex negundo linn,farnesol,Vitex negundo,Vitex negundo L.,CRDAMVZIKSXKFV,10.22270/jddt.v10i3-s.4173,Vitex negundo_CRDAMVZIKSXKFV
1698,vitex negundo linn,"3,4-dihydroxybenzoic acid",Vitex negundo,Vitex negundo L.,YQUVCSBJEUQKSH,10.22270/jddt.v10i3-s.4173,Vitex negundo_YQUVCSBJEUQKSH
1699,vitex negundo linn,germacren-4-ol,Vitex negundo,Vitex negundo L.,RHCTXHCNRLCYBN,10.22270/jddt.v10i3-s.4173,Vitex negundo_RHCTXHCNRLCYBN
1701,vitex negundo linn,squalene,Vitex negundo,Vitex negundo L.,YYGNTYWPHWGJRM,10.22270/jddt.v10i3-s.4173,Vitex negundo_YYGNTYWPHWGJRM
1704,vitex negundo linn,neral,Vitex negundo,Vitex negundo L.,WTEVQBCEXWBHNA,10.22270/jddt.v10i3-s.4173,Vitex negundo_WTEVQBCEXWBHNA
1708,vitex negundo linn,3β-acetoxyolean-12-en-27-oic acid,Vitex negundo,Vitex negundo L.,IQYUEJTVDLHZDJ,10.22270/jddt.v10i3-s.4173,Vitex negundo_IQYUEJTVDLHZDJ
1711,vitex negundo linn,β-amyrin,Vitex negundo,Vitex negundo L.,JFSHUTJDVKUMTJ,10.22270/jddt.v10i3-s.4173,Vitex negundo_JFSHUTJDVKUMTJ
1713,vitex negundo linn,behenicacid,Vitex negundo,Vitex negundo L.,UKMSUNONTOPOIO,10.22270/jddt.v10i3-s.4173,Vitex negundo_UKMSUNONTOPOIO
1714,vitex negundo linn,vitamin-c,Vitex negundo,Vitex negundo L.,CIWBSHSKHKDKBQ,10.22270/jddt.v10i3-s.4173,Vitex negundo_CIWBSHSKHKDKBQ
1715,vitex negundo linn,caryophyllenol,Vitex negundo,Vitex negundo L.,CIIYOYPOMGIECX,10.22270/jddt.v10i3-s.4173,Vitex negundo_CIIYOYPOMGIECX
1716,vitex negundo linn,terpinyl acetate,Vitex negundo,Vitex negundo L.,IGODOXYLBBXFDW,10.22270/jddt.v10i3-s.4173,Vitex negundo_IGODOXYLBBXFDW
1721,vitex negundo linn,α-elemene,Vitex negundo,Vitex negundo L.,QDUJKDRUFBJYSQ,10.22270/jddt.v10i3-s.4173,Vitex negundo_QDUJKDRUFBJYSQ
1723,vitex negundo linn,pentamethyl phenyl-disilane,Vitex negundo,Vitex negundo L.,IVLANTKDSMBTNH,10.22270/jddt.v10i3-s.4173,Vitex negundo_IVLANTKDSMBTNH
1725,vitex negundo linn,stearic acid,Vitex negundo,Vitex negundo L.,QIQXTHQIDYTFRH,10.22270/jddt.v10i3-s.4173,Vitex negundo_QIQXTHQIDYTFRH
1727,vitex negundo linn,epifriedelinol,Vitex negundo,Vitex negundo L.,XCDQFROEGGNAER,10.22270/jddt.v10i3-s.4173,Vitex negundo_XCDQFROEGGNAER
1731,vitex negundo linn,α-selinene,Vitex negundo,Vitex negundo L.,OZQAPQSEYFAMCY,10.22270/jddt.v10i3-s.4173,Vitex negundo_OZQAPQSEYFAMCY
1739,vitex negundo linn,vitexin,Vitex negundo,Vitex negundo L.,SGEWCQFRYRRZDC,10.22270/jddt.v10i3-s.4173,Vitex negundo_SGEWCQFRYRRZDC
1742,vitex negundo linn,carotene,Vitex negundo,Vitex negundo L.,ANVAOWXLWRTKGA,10.22270/jddt.v10i3-s.4173,Vitex negundo_ANVAOWXLWRTKGA
1745,vitex negundo linn,n-tritriacontane,Vitex negundo,Vitex negundo L.,SUJUOAZFECLBOA,10.22270/jddt.v10i3-s.4173,Vitex negundo_SUJUOAZFECLBOA
1750,vitex negundo linn,heptasiloxane,Vitex negundo,Vitex negundo L.,JYDUIALLRJGZIT,10.22270/jddt.v10i3-s.4173,Vitex negundo_JYDUIALLRJGZIT
1752,vitex negundo linn,tetracosamethyl cyclododecasiloxane,Vitex negundo,Vitex negundo L.,SOGKSNZFDBFKCV,10.22270/jddt.v10i3-s.4173,Vitex negundo_SOGKSNZFDBFKCV
1755,vitex negundo linn,cyclooctasiloxane,Vitex negundo,Vitex negundo L.,LKDNVLBKUWPLMD,10.22270/jddt.v10i3-s.4173,Vitex negundo_LKDNVLBKUWPLMD
1757,vitex negundo linn,δ-elemene,Vitex negundo,Vitex negundo L.,MXDMETWAEGIFOE,10.22270/jddt.v10i3-s.4173,Vitex negundo_MXDMETWAEGIFOE
1758,vitex negundo linn,α-cedrene,Vitex negundo,Vitex negundo L.,IRAQOCYXUMOFCW,10.22270/jddt.v10i3-s.4173,Vitex negundo_IRAQOCYXUMOFCW
1759,vitex negundo linn,hepta methyl-phenyl-cyclotetrasiloxane,Vitex negundo,Vitex negundo L.,NSLNFHKUIKHPGY,10.22270/jddt.v10i3-s.4173,Vitex negundo_NSLNFHKUIKHPGY
1760,vitex negundo linn,"1,8-cineol",Vitex negundo,Vitex negundo L.,WEEGYLXZBRQIMU,10.22270/jddt.v10i3-s.4173,Vitex negundo_WEEGYLXZBRQIMU
1761,vitex negundo linn,friedelin,Vitex negundo,Vitex negundo L.,OFMXGFHWLZPCFL,10.22270/jddt.v10i3-s.4173,Vitex negundo_OFMXGFHWLZPCFL
1763,vitex negundo linn,hexadecanoic acid,Vitex negundo,Vitex negundo L.,IPCSVZSSVZVIGE,10.22270/jddt.v10i3-s.4173,Vitex negundo_IPCSVZSSVZVIGE
1765,vitex negundo linn,cycloheptasiloxane,Vitex negundo,Vitex negundo L.,GWHQZYSFTDFMET,10.22270/jddt.v10i3-s.4173,Vitex negundo_GWHQZYSFTDFMET
1766,vitex negundo linn,ethyl-hexadecenoate,Vitex negundo,Vitex negundo L.,WKKVQOAYYIWUKZ,10.22270/jddt.v10i3-s.4173,Vitex negundo_WKKVQOAYYIWUKZ
1767,vitex negundo linn,dimethoxyflavonone,Vitex negundo,Vitex negundo L.,HZMJUBJMEVBICB,10.22270/jddt.v10i3-s.4173,Vitex negundo_HZMJUBJMEVBICB
1768,vitex negundo linn,d-fructofuranose,Vitex negundo,Vitex negundo L.,RFSUNEUAIZKAJO,10.22270/jddt.v10i3-s.4173,Vitex negundo_RFSUNEUAIZKAJO
1770,vitex negundo linn,β-farnesene,Vitex negundo,Vitex negundo L.,JSNRRGGBADWTMC,10.22270/jddt.v10i3-s.4173,Vitex negundo_JSNRRGGBADWTMC
1771,prunus armeniaca l,phytol,Prunus armeniaca,Prunus armeniaca L.,BOTWFXYSPFMFNR,10.3389/fphar.2024.1290888,Prunus armeniaca_BOTWFXYSPFMFNR
1772,prunus armeniaca l,isoleucine,Prunus armeniaca,Prunus armeniaca L.,AGPKZVBTJJNPAG,10.3389/fphar.2024.1290888,Prunus armeniaca_AGPKZVBTJJNPAG
1773,prunus armeniaca l,aspartic acid,Prunus armeniaca,Prunus armeniaca L.,CKLJMWTZIZZHCS,10.3389/fphar.2024.1290888,Prunus armeniaca_CKLJMWTZIZZHCS
1774,prunus armeniaca l,"delphinidin-3,5-diglucoside",Prunus armeniaca,Prunus armeniaca L.,XCTGXGVGJYACEI,10.3389/fphar.2024.1290888,Prunus armeniaca_XCTGXGVGJYACEI
1775,prunus armeniaca l,24-methylene-cycloartanol,Prunus armeniaca,Prunus armeniaca L.,BDHQMRXFDYJGII,10.3389/fphar.2024.1290888,Prunus armeniaca_BDHQMRXFDYJGII
1777,prunus armeniaca l,camphor,Prunus armeniaca,Prunus armeniaca L.,DSSYKIVIOFKYAU,10.3389/fphar.2024.1290888,Prunus armeniaca_DSSYKIVIOFKYAU
1778,prunus armeniaca l,trehalose,Prunus armeniaca,Prunus armeniaca L.,HDTRYLNUVZCQOY,10.3389/fphar.2024.1290888,Prunus armeniaca_HDTRYLNUVZCQOY
1780,prunus armeniaca l,2-isopropyl-5-methylhexan-1-ol,Prunus armeniaca,Prunus armeniaca L.,SFIQHFBITUEIBP,10.3389/fphar.2024.1290888,Prunus armeniaca_SFIQHFBITUEIBP
1781,prunus armeniaca l,cyanidin 3-glucogalactoside,Prunus armeniaca,Prunus armeniaca L.,SOSQBIZNYUDNPG,10.3389/fphar.2024.1290888,Prunus armeniaca_SOSQBIZNYUDNPG
1783,prunus armeniaca l,behenic acid,Prunus armeniaca,Prunus armeniaca L.,UKMSUNONTOPOIO,10.3389/fphar.2024.1290888,Prunus armeniaca_UKMSUNONTOPOIO
1784,prunus armeniaca l,tyrosine,Prunus armeniaca,Prunus armeniaca L.,OUYCCCASQSFEME,10.3389/fphar.2024.1290888,Prunus armeniaca_OUYCCCASQSFEME
1788,prunus armeniaca l,leucine,Prunus armeniaca,Prunus armeniaca L.,ROHFNLRQFUQHCH,10.3389/fphar.2024.1290888,Prunus armeniaca_ROHFNLRQFUQHCH
1789,prunus armeniaca l,α-caryophyllene,Prunus armeniaca,Prunus armeniaca L.,FAMPSKZZVDUYOS,10.3389/fphar.2024.1290888,Prunus armeniaca_FAMPSKZZVDUYOS
1790,prunus armeniaca l,gramisterol,Prunus armeniaca,Prunus armeniaca L.,RSMKYRDCCSNYFM,10.3389/fphar.2024.1290888,Prunus armeniaca_RSMKYRDCCSNYFM
1791,prunus armeniaca l,pelargonidin 3-p-coumarylglucoside,Prunus armeniaca,Prunus armeniaca L.,VZPBBOAZFCREMQ,10.3389/fphar.2024.1290888,Prunus armeniaca_VZPBBOAZFCREMQ
1792,prunus armeniaca l,lysine,Prunus armeniaca,Prunus armeniaca L.,KDXKERNSBIXSRK,10.3389/fphar.2024.1290888,Prunus armeniaca_KDXKERNSBIXSRK
1797,prunus armeniaca l,luteolin 7-xyloside,Prunus armeniaca,Prunus armeniaca L.,DKVCLOWHUOSJGW,10.3389/fphar.2024.1290888,Prunus armeniaca_DKVCLOWHUOSJGW
1799,prunus armeniaca l,cyanidin 3-rutinoside,Prunus armeniaca,Prunus armeniaca L.,ADZHXBNWNZIHIX,10.3389/fphar.2024.1290888,Prunus armeniaca_ADZHXBNWNZIHIX
1801,prunus armeniaca l,campesterol,Prunus armeniaca,Prunus armeniaca L.,SGNBVLSWZMBQTH,10.3389/fphar.2024.1290888,Prunus armeniaca_SGNBVLSWZMBQTH
1804,prunus armeniaca l,citrostadienol,Prunus armeniaca,Prunus armeniaca L.,LPZCCMIISIBREI,10.3389/fphar.2024.1290888,Prunus armeniaca_LPZCCMIISIBREI
1805,prunus armeniaca l,isorhamnetin,Prunus armeniaca,Prunus armeniaca L.,IZQSVPBOUDKVDZ,10.3389/fphar.2024.1290888,Prunus armeniaca_IZQSVPBOUDKVDZ
1806,prunus armeniaca l,glutamic acid,Prunus armeniaca,Prunus armeniaca L.,WHUUTDBJXJRKMK,10.3389/fphar.2024.1290888,Prunus armeniaca_WHUUTDBJXJRKMK
1807,prunus armeniaca l,caffeic acid hexoside,Prunus armeniaca,Prunus armeniaca L.,WQSDYZZEIBAPIN,10.3389/fphar.2024.1290888,Prunus armeniaca_WQSDYZZEIBAPIN
1808,prunus armeniaca l,indoleacrylic acid,Prunus armeniaca,Prunus armeniaca L.,SXOUIMVOMIGLHO,10.3389/fphar.2024.1290888,Prunus armeniaca_SXOUIMVOMIGLHO
1809,prunus armeniaca l,malic acid,Prunus armeniaca,Prunus armeniaca L.,BJEPYKJPYRNKOW,10.3389/fphar.2024.1290888,Prunus armeniaca_BJEPYKJPYRNKOW
1811,prunus armeniaca l,malvidin 3-glucoside-pyruvate,Prunus armeniaca,Prunus armeniaca L.,SVOQXHPLIWJLMY,10.3389/fphar.2024.1290888,Prunus armeniaca_SVOQXHPLIWJLMY
1812,prunus armeniaca l,squalene,Prunus armeniaca,Prunus armeniaca L.,YYGNTYWPHWGJRM,10.3389/fphar.2024.1290888,Prunus armeniaca_YYGNTYWPHWGJRM
1813,prunus armeniaca l,rutin trihydrate,Prunus armeniaca,Prunus armeniaca L.,NLLBWFFSGHKUSY,10.3389/fphar.2024.1290888,Prunus armeniaca_NLLBWFFSGHKUSY
1814,prunus armeniaca l,fumaric acid,Prunus armeniaca,Prunus armeniaca L.,VZCYOOQTPOCHFL,10.3389/fphar.2024.1290888,Prunus armeniaca_VZCYOOQTPOCHFL
1815,prunus armeniaca l,cyanidin 3-o-galactoside,Prunus armeniaca,Prunus armeniaca L.,RKWHWFONKJEUEF,10.3389/fphar.2024.1290888,Prunus armeniaca_RKWHWFONKJEUEF
1817,prunus armeniaca l,trans-cinnamic acid,Prunus armeniaca,Prunus armeniaca L.,WBYWAXJHAXSJNI,10.3389/fphar.2024.1290888,Prunus armeniaca_WBYWAXJHAXSJNI
1818,prunus armeniaca l,δ5-avenasterol,Prunus armeniaca,Prunus armeniaca L.,OSELKOCHBMDKEJ,10.3389/fphar.2024.1290888,Prunus armeniaca_OSELKOCHBMDKEJ
1819,prunus armeniaca l,tetrahydropalmatine,Prunus armeniaca,Prunus armeniaca L.,AEQDJSLRWYMAQI,10.3389/fphar.2024.1290888,Prunus armeniaca_AEQDJSLRWYMAQI
1820,prunus armeniaca l,heptadecenoic acid,Prunus armeniaca,Prunus armeniaca L.,GDTXICBNEOEPAZ,10.3389/fphar.2024.1290888,Prunus armeniaca_GDTXICBNEOEPAZ
1821,prunus armeniaca l,quercitrin,Prunus armeniaca,Prunus armeniaca L.,OXGUCUVFOIWWQJ,10.3389/fphar.2024.1290888,Prunus armeniaca_OXGUCUVFOIWWQJ
1822,prunus armeniaca l,benzyl cyanide,Prunus armeniaca,Prunus armeniaca L.,SUSQOBVLVYHIEX,10.3389/fphar.2024.1290888,Prunus armeniaca_SUSQOBVLVYHIEX
1823,prunus armeniaca l,cholesterol,Prunus armeniaca,Prunus armeniaca L.,HVYWMOMLDIMFJA,10.3389/fphar.2024.1290888,Prunus armeniaca_HVYWMOMLDIMFJA
1824,prunus armeniaca l,arachidic acid,Prunus armeniaca,Prunus armeniaca L.,VKOBVWXKNCXXDE,10.3389/fphar.2024.1290888,Prunus armeniaca_VKOBVWXKNCXXDE
1825,prunus armeniaca l,serine,Prunus armeniaca,Prunus armeniaca L.,MTCFGRXMJLQNBG,10.3389/fphar.2024.1290888,Prunus armeniaca_MTCFGRXMJLQNBG
1826,prunus armeniaca l,methionine,Prunus armeniaca,Prunus armeniaca L.,FFEARJCKVFRZRR,10.3389/fphar.2024.1290888,Prunus armeniaca_FFEARJCKVFRZRR
1827,prunus armeniaca l,δ7-avenasterol,Prunus armeniaca,Prunus armeniaca L.,MCWVPSBQQXUCTB,10.3389/fphar.2024.1290888,Prunus armeniaca_MCWVPSBQQXUCTB
1829,prunus armeniaca l,gallic acid,Prunus armeniaca,Prunus armeniaca L.,LNTHITQWFMADLM,10.3389/fphar.2024.1290888,Prunus armeniaca_LNTHITQWFMADLM
1830,prunus armeniaca l,orotic acid,Prunus armeniaca,Prunus armeniaca L.,PXQPEWDEAKTCGB,10.3389/fphar.2024.1290888,Prunus armeniaca_PXQPEWDEAKTCGB
1831,prunus armeniaca l,petunidin 3-galactoside,Prunus armeniaca,Prunus armeniaca L.,CCQDWIRWKWIUKK,10.3389/fphar.2024.1290888,Prunus armeniaca_CCQDWIRWKWIUKK
1833,prunus armeniaca l,citric acid,Prunus armeniaca,Prunus armeniaca L.,KRKNYBCHXYNGOX,10.3389/fphar.2024.1290888,Prunus armeniaca_KRKNYBCHXYNGOX
1834,prunus armeniaca l,hydroxy-octadecatrienoic acid,Prunus armeniaca,Prunus armeniaca L.,JUWVYVXVVQSZPO,10.3389/fphar.2024.1290888,Prunus armeniaca_JUWVYVXVVQSZPO
1839,prunus armeniaca l,3-carene,Prunus armeniaca,Prunus armeniaca L.,BQOFWKZOCNGFEC,10.3389/fphar.2024.1290888,Prunus armeniaca_BQOFWKZOCNGFEC
1840,prunus armeniaca l,cysteine,Prunus armeniaca,Prunus armeniaca L.,XUJNEKJLAYXESH,10.3389/fphar.2024.1290888,Prunus armeniaca_XUJNEKJLAYXESH
1841,prunus armeniaca l,tryptophan,Prunus armeniaca,Prunus armeniaca L.,QIVBCDIJIAJPQS,10.3389/fphar.2024.1290888,Prunus armeniaca_QIVBCDIJIAJPQS
1842,prunus armeniaca l,alanine,Prunus armeniaca,Prunus armeniaca L.,QNAYBMKLOCPYGJ,10.3389/fphar.2024.1290888,Prunus armeniaca_QNAYBMKLOCPYGJ
1843,prunus armeniaca l,bavachinin,Prunus armeniaca,Prunus armeniaca L.,VOCGSQHKPZSIKB,10.3389/fphar.2024.1290888,Prunus armeniaca_VOCGSQHKPZSIKB
1844,prunus armeniaca l,glycine,Prunus armeniaca,Prunus armeniaca L.,DHMQDGOQFOQNFH,10.3389/fphar.2024.1290888,Prunus armeniaca_DHMQDGOQFOQNFH
1845,prunus armeniaca l,salicylic acid,Prunus armeniaca,Prunus armeniaca L.,YGSDEFSMJLZEOE,10.3389/fphar.2024.1290888,Prunus armeniaca_YGSDEFSMJLZEOE
1846,prunus armeniaca l,syringic acid,Prunus armeniaca,Prunus armeniaca L.,JMSVCTWVEWCHDZ,10.3389/fphar.2024.1290888,Prunus armeniaca_JMSVCTWVEWCHDZ
1847,prunus armeniaca l,cyanidin 3-(6-acetylgalactoside),Prunus armeniaca,Prunus armeniaca L.,HBXXDBKJLPLXPR,10.3389/fphar.2024.1290888,Prunus armeniaca_HBXXDBKJLPLXPR
1848,prunus armeniaca l,"1-cyclohexene-1-methanol, 4-(1-methylethenyl)",Prunus armeniaca,Prunus armeniaca L.,NDTYTMIUWGWIMO,10.3389/fphar.2024.1290888,Prunus armeniaca_NDTYTMIUWGWIMO
1849,prunus armeniaca l,gentisic acid,Prunus armeniaca,Prunus armeniaca L.,WXTMDXOMEHJXQO,10.3389/fphar.2024.1290888,Prunus armeniaca_WXTMDXOMEHJXQO
1852,prunus armeniaca l,palmitic acid,Prunus armeniaca,Prunus armeniaca L.,IPCSVZSSVZVIGE,10.3389/fphar.2024.1290888,Prunus armeniaca_IPCSVZSSVZVIGE
1853,prunus armeniaca l,alpha-pinene,Prunus armeniaca,Prunus armeniaca L.,GRWFGVWFFZKLTI,10.3389/fphar.2024.1290888,Prunus armeniaca_GRWFGVWFFZKLTI
1854,prunus armeniaca l,histidine,Prunus armeniaca,Prunus armeniaca L.,HNDVDQJCIGZPNO,10.3389/fphar.2024.1290888,Prunus armeniaca_HNDVDQJCIGZPNO
1856,prunus armeniaca l,shikimic acid,Prunus armeniaca,Prunus armeniaca L.,JXOHGGNKMLTUBP,10.3389/fphar.2024.1290888,Prunus armeniaca_JXOHGGNKMLTUBP
1857,prunus armeniaca l,loganic acid,Prunus armeniaca,Prunus armeniaca L.,JNNGEAWILNVFFD,10.3389/fphar.2024.1290888,Prunus armeniaca_JNNGEAWILNVFFD
1858,prunus armeniaca l,pelargonidin 3-arabinoside,Prunus armeniaca,Prunus armeniaca L.,BGOQMKHOLJPANL,10.3389/fphar.2024.1290888,Prunus armeniaca_BGOQMKHOLJPANL
1859,prunus armeniaca l,quinic acid,Prunus armeniaca,Prunus armeniaca L.,AAWZDTNXLSGCEK,10.3389/fphar.2024.1290888,Prunus armeniaca_AAWZDTNXLSGCEK
1861,prunus armeniaca l,dimethoxyflavone,Prunus armeniaca,Prunus armeniaca L.,MLYYOHQNXPDGGV,10.3389/fphar.2024.1290888,Prunus armeniaca_MLYYOHQNXPDGGV
1862,prunus armeniaca l,arginine,Prunus armeniaca,Prunus armeniaca L.,ODKSFYDXXFIFQN,10.3389/fphar.2024.1290888,Prunus armeniaca_ODKSFYDXXFIFQN
1863,prunus armeniaca l,daidzein,Prunus armeniaca,Prunus armeniaca L.,ZQSIJRDFPHDXIC,10.3389/fphar.2024.1290888,Prunus armeniaca_ZQSIJRDFPHDXIC
1865,prunus armeniaca l,gluconic acid,Prunus armeniaca,Prunus armeniaca L.,RGHNJXZEOKUKBD,10.3389/fphar.2024.1290888,Prunus armeniaca_RGHNJXZEOKUKBD
1867,prunus armeniaca l,isoliquiritigenin,Prunus armeniaca,Prunus armeniaca L.,DXDRHHKMWQZJHT,10.3389/fphar.2024.1290888,Prunus armeniaca_DXDRHHKMWQZJHT
1869,prunus armeniaca l,trans-geranylgeraniol,Prunus armeniaca,Prunus armeniaca L.,OJISWRZIEWCUBN,10.3389/fphar.2024.1290888,Prunus armeniaca_OJISWRZIEWCUBN
1870,prunus armeniaca l,quercetin-3-rhamnoside,Prunus armeniaca,Prunus armeniaca L.,OXGUCUVFOIWWQJ,10.3389/fphar.2024.1290888,Prunus armeniaca_OXGUCUVFOIWWQJ
1871,prunus armeniaca l,borneol,Prunus armeniaca,Prunus armeniaca L.,DTGKSKDOIYIVQL,10.3389/fphar.2024.1290888,Prunus armeniaca_DTGKSKDOIYIVQL
1872,prunus armeniaca l,2-furoic acid,Prunus armeniaca,Prunus armeniaca L.,SMNDYUVBFMFKNZ,10.3389/fphar.2024.1290888,Prunus armeniaca_SMNDYUVBFMFKNZ
1873,prunus armeniaca l,homovanillic acid,Prunus armeniaca,Prunus armeniaca L.,QRMZSPFSDQBLIX,10.3389/fphar.2024.1290888,Prunus armeniaca_QRMZSPFSDQBLIX
1874,prunus armeniaca l,berberine,Prunus armeniaca,Prunus armeniaca L.,YBHILYKTIRIUTE,10.3389/fphar.2024.1290888,Prunus armeniaca_YBHILYKTIRIUTE
1875,prunus armeniaca l,amarogentin,Prunus armeniaca,Prunus armeniaca L.,DBOVHQOUSDWAPQ,10.3389/fphar.2024.1290888,Prunus armeniaca_DBOVHQOUSDWAPQ
1876,prunus armeniaca l,cis-13-octadecenoic acid,Prunus armeniaca,Prunus armeniaca L.,BDLLSHRIFPDGQB,10.3389/fphar.2024.1290888,Prunus armeniaca_BDLLSHRIFPDGQB
1877,prunus armeniaca l,mandelic acid,Prunus armeniaca,Prunus armeniaca L.,IWYDHOAUDWTVEP,10.3389/fphar.2024.1290888,Prunus armeniaca_IWYDHOAUDWTVEP
1879,prunus armeniaca l,10-octadecadienoic acid,Prunus armeniaca,Prunus armeniaca L.,HGKDKTCBFCZZRE,10.3389/fphar.2024.1290888,Prunus armeniaca_HGKDKTCBFCZZRE
1880,prunus armeniaca l,neobavaisoflavone,Prunus armeniaca,Prunus armeniaca L.,OBGPEBYHGIUFBN,10.3389/fphar.2024.1290888,Prunus armeniaca_OBGPEBYHGIUFBN
1882,prunus armeniaca l,heptadecanic acid,Prunus armeniaca,Prunus armeniaca L.,KEMQGTRYUADPNZ,10.3389/fphar.2024.1290888,Prunus armeniaca_KEMQGTRYUADPNZ
1883,prunus armeniaca l,caryophyllene,Prunus armeniaca,Prunus armeniaca L.,NPNUFJAVOOONJE,10.3389/fphar.2024.1290888,Prunus armeniaca_NPNUFJAVOOONJE
1884,prunus armeniaca l,δ7-stigmasterol,Prunus armeniaca,Prunus armeniaca L.,OQMZNAMGEHIHNN,10.3389/fphar.2024.1290888,Prunus armeniaca_OQMZNAMGEHIHNN
1885,prunus armeniaca l,valine,Prunus armeniaca,Prunus armeniaca L.,KZSNJWFQEVHDMF,10.3389/fphar.2024.1290888,Prunus armeniaca_KZSNJWFQEVHDMF
1888,prunus armeniaca l,phloridzin,Prunus armeniaca,Prunus armeniaca L.,IOUVKUPGCMBWBT,10.3389/fphar.2024.1290888,Prunus armeniaca_IOUVKUPGCMBWBT
1889,prunus armeniaca l,threonine,Prunus armeniaca,Prunus armeniaca L.,AYFVYJQAPQTCCC,10.3389/fphar.2024.1290888,Prunus armeniaca_AYFVYJQAPQTCCC
1890,prunus armeniaca l,cholest-4-ene,Prunus armeniaca,Prunus armeniaca L.,YWHWYTRNKBGSRE,10.3389/fphar.2024.1290888,Prunus armeniaca_YWHWYTRNKBGSRE
1891,prunus armeniaca l,vanillic acid,Prunus armeniaca,Prunus armeniaca L.,WKOLLVMJNQIZCI,10.3389/fphar.2024.1290888,Prunus armeniaca_WKOLLVMJNQIZCI
1896,prunus armeniaca l,acetylgenistin,Prunus armeniaca,Prunus armeniaca L.,LFVPAOVVIFRRDV,10.3389/fphar.2024.1290888,Prunus armeniaca_LFVPAOVVIFRRDV
1897,prunus armeniaca l,adenosine,Prunus armeniaca,Prunus armeniaca L.,OIRDTQYFTABQOQ,10.3389/fphar.2024.1290888,Prunus armeniaca_OIRDTQYFTABQOQ
1898,prunus armeniaca l,camphene,Prunus armeniaca,Prunus armeniaca L.,CRPUJAZIXJMDBK,10.3389/fphar.2024.1290888,Prunus armeniaca_CRPUJAZIXJMDBK
1899,prunus armeniaca l,nicotinic acid,Prunus armeniaca,Prunus armeniaca L.,PVNIIMVLHYAWGP,10.3389/fphar.2024.1290888,Prunus armeniaca_PVNIIMVLHYAWGP
1900,prunus armeniaca l,pipecolic acid,Prunus armeniaca,Prunus armeniaca L.,HXEACLLIILLPRG,10.3389/fphar.2024.1290888,Prunus armeniaca_HXEACLLIILLPRG
1901,prunus armeniaca l,petunidin,Prunus armeniaca,Prunus armeniaca L.,QULMBDNPZCFSPR,10.3389/fphar.2024.1290888,Prunus armeniaca_QULMBDNPZCFSPR
1902,prunus armeniaca l,psoralen,Prunus armeniaca,Prunus armeniaca L.,ZCCUUQDIBDJBTK,10.3389/fphar.2024.1290888,Prunus armeniaca_ZCCUUQDIBDJBTK
1903,prunus armeniaca l,n-methoxy-n-methylbenzamide,Prunus armeniaca,Prunus armeniaca L.,UKERDACREYXSIV,10.3389/fphar.2024.1290888,Prunus armeniaca_UKERDACREYXSIV
1904,prunus armeniaca l,m-coumaric acid,Prunus armeniaca,Prunus armeniaca L.,KKSDGJDHHZEWEP,10.3389/fphar.2024.1290888,Prunus armeniaca_KKSDGJDHHZEWEP
1905,prunus armeniaca l,genistein,Prunus armeniaca,Prunus armeniaca L.,TZBJGXHYKVUXJN,10.3389/fphar.2024.1290888,Prunus armeniaca_TZBJGXHYKVUXJN
1907,prunus armeniaca l,menthol,Prunus armeniaca,Prunus armeniaca L.,NOOLISFMXDJSKH,10.3389/fphar.2024.1290888,Prunus armeniaca_NOOLISFMXDJSKH
1908,prunus armeniaca l,nicotinamide,Prunus armeniaca,Prunus armeniaca L.,DFPAKSUCGFBDDF,10.3389/fphar.2024.1290888,Prunus armeniaca_DFPAKSUCGFBDDF
1909,prunus armeniaca l,cytarabine,Prunus armeniaca,Prunus armeniaca L.,UHDGCWIWMRVCDJ,10.3389/fphar.2024.1290888,Prunus armeniaca_UHDGCWIWMRVCDJ
1910,prunus armeniaca l,schisandrin,Prunus armeniaca,Prunus armeniaca L.,YEFOAORQXAOVJQ,10.3389/fphar.2024.1290888,Prunus armeniaca_YEFOAORQXAOVJQ
1911,prunus armeniaca l,coumarin,Prunus armeniaca,Prunus armeniaca L.,ZYGHJZDHTFUPRJ,10.3389/fphar.2024.1290888,Prunus armeniaca_ZYGHJZDHTFUPRJ
1912,prunus armeniaca l,proline,Prunus armeniaca,Prunus armeniaca L.,ONIBWKKTOPOVIA,10.3389/fphar.2024.1290888,Prunus armeniaca_ONIBWKKTOPOVIA
1913,prunus armeniaca l,apigenin-7-glucoside,Prunus armeniaca,Prunus armeniaca L.,KMOUJOKENFFTPU,10.3389/fphar.2024.1290888,Prunus armeniaca_KMOUJOKENFFTPU
1914,prunus armeniaca l,quercetin-3-xyloside,Prunus armeniaca,Prunus armeniaca L.,BDCDNTVZSILEOY,10.3389/fphar.2024.1290888,Prunus armeniaca_BDCDNTVZSILEOY
1916,corymbia calophylla (lindl,oleanolic acid acetate,Corymbia calophylla,Corymbia calophylla (Lindl.) K.D.Hill & L.A.S.Johnson,RIXNFYQZWDGQAE,10.3390/plants12213686,Corymbia calophylla_RIXNFYQZWDGQAE
1917,corymbia calophylla (lindl,sakuranetin,Corymbia calophylla,Corymbia calophylla (Lindl.) K.D.Hill & L.A.S.Johnson,DJOJDHGQRNZXQQ,10.3390/plants12213686,Corymbia calophylla_DJOJDHGQRNZXQQ
1918,corymbia calophylla (lindl,kaempferol,Corymbia calophylla,Corymbia calophylla (Lindl.) K.D.Hill & L.A.S.Johnson,IYRMWMYZSQPJKC,10.3390/plants12213686,Corymbia calophylla_IYRMWMYZSQPJKC
1919,corymbia calophylla (lindl,(+)-catechin,Corymbia calophylla,Corymbia calophylla (Lindl.) K.D.Hill & L.A.S.Johnson,PFTAWBLQPZVEMU,10.3390/plants12213686,Corymbia calophylla_PFTAWBLQPZVEMU
1920,corymbia calophylla (lindl,aromadendrin,Corymbia calophylla,Corymbia calophylla (Lindl.) K.D.Hill & L.A.S.Johnson,PADQINQHPQKXNL,10.3390/plants12213686,Corymbia calophylla_PADQINQHPQKXNL
1924,corymbia calophylla (lindl,pyrogallol,Corymbia calophylla,Corymbia calophylla (Lindl.) K.D.Hill & L.A.S.Johnson,WQGWDDDVZFFDIG,10.3390/plants12213686,Corymbia calophylla_WQGWDDDVZFFDIG
1925,corymbia citriodora (hook,asiatic acid,Corymbia citriodora,Corymbia citriodora (Hook.) K.D.Hill & L.A.S.Johnson,JXSVIVRDWWRQRT,10.3390/plants12213686,Corymbia citriodora_JXSVIVRDWWRQRT
1926,corymbia citriodora (hook,rosmarinic acid,Corymbia citriodora,Corymbia citriodora (Hook.) K.D.Hill & L.A.S.Johnson,DOUMFZQKYFQNTF,10.3390/plants12213686,Corymbia citriodora_DOUMFZQKYFQNTF
1927,corymbia citriodora (hook,kuguacin a,Corymbia citriodora,Corymbia citriodora (Hook.) K.D.Hill & L.A.S.Johnson,HJGYRKQQQWEVSH,10.3390/plants12213686,Corymbia citriodora_HJGYRKQQQWEVSH
1928,corymbia citriodora (hook,baicalin,Corymbia citriodora,Corymbia citriodora (Hook.) K.D.Hill & L.A.S.Johnson,IKIIZLYTISPENI,10.3390/plants12213686,Corymbia citriodora_IKIIZLYTISPENI
1929,corymbia citriodora (hook,succinic acid,Corymbia citriodora,Corymbia citriodora (Hook.) K.D.Hill & L.A.S.Johnson,KDYFGRWQOYBRFD,10.3390/plants12213686,Corymbia citriodora_KDYFGRWQOYBRFD
1932,corymbia citriodora (hook,trifolirhizin,Corymbia citriodora,Corymbia citriodora (Hook.) K.D.Hill & L.A.S.Johnson,VGSYCWGXBYZLLE,10.3390/plants12213686,Corymbia citriodora_VGSYCWGXBYZLLE
1933,corymbia citriodora (hook,kaempferol-3-o-α-l-rhamnoside,Corymbia citriodora,Corymbia citriodora (Hook.) K.D.Hill & L.A.S.Johnson,SOSLMHZOJATCCP,10.3390/plants12213686,Corymbia citriodora_SOSLMHZOJATCCP
1935,corymbia citriodora (hook,kuguacin h,Corymbia citriodora,Corymbia citriodora (Hook.) K.D.Hill & L.A.S.Johnson,WNMQUAQQKAOULJ,10.3390/plants12213686,Corymbia citriodora_WNMQUAQQKAOULJ
1937,corymbia citriodora (hook,corosolic acid,Corymbia citriodora,Corymbia citriodora (Hook.) K.D.Hill & L.A.S.Johnson,HFGSQOYIOKBQOW,10.3390/plants12213686,Corymbia citriodora_HFGSQOYIOKBQOW
1940,corymbia citriodora (hook,malic acid,Corymbia citriodora,Corymbia citriodora (Hook.) K.D.Hill & L.A.S.Johnson,BJEPYKJPYRNKOW,10.3390/plants12213686,Corymbia citriodora_BJEPYKJPYRNKOW
1945,corymbia citriodora (hook,puerarin,Corymbia citriodora,Corymbia citriodora (Hook.) K.D.Hill & L.A.S.Johnson,HKEAFJYKMMKDOR,10.3390/plants12213686,Corymbia citriodora_HKEAFJYKMMKDOR
1946,corymbia citriodora (hook,quercetin-3-o-β-d-glucuronide,Corymbia citriodora,Corymbia citriodora (Hook.) K.D.Hill & L.A.S.Johnson,DUBCCGAQYVUYEU,10.3390/plants12213686,Corymbia citriodora_DUBCCGAQYVUYEU
1948,corymbia citriodora (hook,kaempferol,Corymbia citriodora,Corymbia citriodora (Hook.) K.D.Hill & L.A.S.Johnson,IYRMWMYZSQPJKC,10.3390/plants12213686,Corymbia citriodora_IYRMWMYZSQPJKC
1949,corymbia citriodora (hook,gallic acid,Corymbia citriodora,Corymbia citriodora (Hook.) K.D.Hill & L.A.S.Johnson,LNTHITQWFMADLM,10.3390/plants12213686,Corymbia citriodora_LNTHITQWFMADLM
1951,corymbia citriodora (hook,myricitrin,Corymbia citriodora,Corymbia citriodora (Hook.) K.D.Hill & L.A.S.Johnson,DCYOADKBABEMIQ,10.3390/plants12213686,Corymbia citriodora_DCYOADKBABEMIQ
1953,corymbia citriodora (hook,citric acid,Corymbia citriodora,Corymbia citriodora (Hook.) K.D.Hill & L.A.S.Johnson,KRKNYBCHXYNGOX,10.3390/plants12213686,Corymbia citriodora_KRKNYBCHXYNGOX
1954,corymbia citriodora (hook,euscaphic acid,Corymbia citriodora,Corymbia citriodora (Hook.) K.D.Hill & L.A.S.Johnson,OXVUXGFZHDKYLS,10.3390/plants12213686,Corymbia citriodora_OXVUXGFZHDKYLS
1955,corymbia citriodora (hook,sakuranetin,Corymbia citriodora,Corymbia citriodora (Hook.) K.D.Hill & L.A.S.Johnson,DJOJDHGQRNZXQQ,10.3390/plants12213686,Corymbia citriodora_DJOJDHGQRNZXQQ
1956,corymbia citriodora (hook,isomyricitrin,Corymbia citriodora,Corymbia citriodora (Hook.) K.D.Hill & L.A.S.Johnson,FOHXFLPXBUAOJM,10.3390/plants12213686,Corymbia citriodora_FOHXFLPXBUAOJM
1957,corymbia citriodora (hook,aromadendrin-7-methyl ether,Corymbia citriodora,Corymbia citriodora (Hook.) K.D.Hill & L.A.S.Johnson,LZLGHWHSUZVUFZ,10.3390/plants12213686,Corymbia citriodora_LZLGHWHSUZVUFZ
1958,corymbia citriodora (hook,quercetin,Corymbia citriodora,Corymbia citriodora (Hook.) K.D.Hill & L.A.S.Johnson,REFJWTPEDVJJIY,10.3390/plants12213686,Corymbia citriodora_REFJWTPEDVJJIY
1960,corymbia citriodora (hook,madasiatic acid,Corymbia citriodora,Corymbia citriodora (Hook.) K.D.Hill & L.A.S.Johnson,WRACWYWAPQQRKC,10.3390/plants12213686,Corymbia citriodora_WRACWYWAPQQRKC
1963,corymbia citriodora (hook,ursolic acid,Corymbia citriodora,Corymbia citriodora (Hook.) K.D.Hill & L.A.S.Johnson,WCGUUGGRBIKTOS,10.3390/plants12213686,Corymbia citriodora_WCGUUGGRBIKTOS
1964,corymbia citriodora (hook,glutaric acid,Corymbia citriodora,Corymbia citriodora (Hook.) K.D.Hill & L.A.S.Johnson,JFCQEDHGNNZCLN,10.3390/plants12213686,Corymbia citriodora_JFCQEDHGNNZCLN
1965,corymbia citriodora (hook,quinic acid,Corymbia citriodora,Corymbia citriodora (Hook.) K.D.Hill & L.A.S.Johnson,AAWZDTNXLSGCEK,10.3390/plants12213686,Corymbia citriodora_AAWZDTNXLSGCEK
1967,corymbia citriodora (hook,isoquercitrin,Corymbia citriodora,Corymbia citriodora (Hook.) K.D.Hill & L.A.S.Johnson,OPJZLUXFQFQYAI,10.3390/plants12213686,Corymbia citriodora_OPJZLUXFQFQYAI
1968,corymbia citriodora (hook,"5,7,4′-trihydroxy dihydroflavanol",Corymbia citriodora,Corymbia citriodora (Hook.) K.D.Hill & L.A.S.Johnson,LXXYQNPEVSRCJB,10.3390/plants12213686,Corymbia citriodora_LXXYQNPEVSRCJB
1972,corymbia citriodora (hook,oleanolic acid,Corymbia citriodora,Corymbia citriodora (Hook.) K.D.Hill & L.A.S.Johnson,MIJYXULNPSFWEK,10.3390/plants12213686,Corymbia citriodora_MIJYXULNPSFWEK
1974,corymbia citriodora (hook,naringenin,Corymbia citriodora,Corymbia citriodora (Hook.) K.D.Hill & L.A.S.Johnson,FTVWIRXFELQLPI,10.3390/plants12213686,Corymbia citriodora_FTVWIRXFELQLPI
1975,corymbia citriodora (hook,kuguacin s,Corymbia citriodora,Corymbia citriodora (Hook.) K.D.Hill & L.A.S.Johnson,HDXSEJMHFIDKAU,10.3390/plants12213686,Corymbia citriodora_HDXSEJMHFIDKAU
1978,corymbia citriodora (hook,myricetin,Corymbia citriodora,Corymbia citriodora (Hook.) K.D.Hill & L.A.S.Johnson,IKMDFBPHZNJCSN,10.3390/plants12213686,Corymbia citriodora_IKMDFBPHZNJCSN
1980,corymbia citriodora (hook,hesperidin,Corymbia citriodora,Corymbia citriodora (Hook.) K.D.Hill & L.A.S.Johnson,QUQPHWDTPGMPEX,10.3390/plants12213686,Corymbia citriodora_QUQPHWDTPGMPEX
1981,corymbia citriodora (hook,7-o-methylaromadendrin,Corymbia citriodora,Corymbia citriodora (Hook.) K.D.Hill & L.A.S.Johnson,LZLGHWHSUZVUFZ,10.3390/plants12213686,Corymbia citriodora_LZLGHWHSUZVUFZ
1982,corymbia gummifera (gaertn,aromadendrin,Corymbia gummifera,Corymbia gummifera (Gaertn.) K.D.Hill & L.A.S.Johnson,PADQINQHPQKXNL,10.3390/plants12213686,Corymbia gummifera_PADQINQHPQKXNL
1983,corymbia gummifera (gaertn,ellagic acid,Corymbia gummifera,Corymbia gummifera (Gaertn.) K.D.Hill & L.A.S.Johnson,AFSDNFLWKVMVRB,10.3390/plants12213686,Corymbia gummifera_AFSDNFLWKVMVRB
1984,corymbia maculata (hook,myrciaphenone b,Corymbia maculata,Corymbia maculata (Hook.) K.D.Hill & L.A.S.Johnson,GXHABJFCOYOIBY,10.3390/plants12213686,Corymbia maculata_GXHABJFCOYOIBY
1985,corymbia maculata (hook,syringic acid,Corymbia maculata,Corymbia maculata (Hook.) K.D.Hill & L.A.S.Johnson,JMSVCTWVEWCHDZ,10.3390/plants12213686,Corymbia maculata_JMSVCTWVEWCHDZ
1986,corymbia maculata (hook,myrciaphenone a,Corymbia maculata,Corymbia maculata (Hook.) K.D.Hill & L.A.S.Johnson,GFKQVLKFPJGJEP,10.3390/plants12213686,Corymbia maculata_GFKQVLKFPJGJEP
1990,corymbia maculata (hook,ellagic acid,Corymbia maculata,Corymbia maculata (Hook.) K.D.Hill & L.A.S.Johnson,AFSDNFLWKVMVRB,10.3390/plants12213686,Corymbia maculata_AFSDNFLWKVMVRB
1991,corymbia maculata (hook,myricetin-3-o-α-l-rhamnoside,Corymbia maculata,Corymbia maculata (Hook.) K.D.Hill & L.A.S.Johnson,DCYOADKBABEMIQ,10.3390/plants12213686,Corymbia maculata_DCYOADKBABEMIQ
1993,corymbia maculata (hook,gallic acid,Corymbia maculata,Corymbia maculata (Hook.) K.D.Hill & L.A.S.Johnson,LNTHITQWFMADLM,10.3390/plants12213686,Corymbia maculata_LNTHITQWFMADLM
1997,corymbia maculata (hook,quercetin-3-o-β-d-glucoside,Corymbia maculata,Corymbia maculata (Hook.) K.D.Hill & L.A.S.Johnson,OVSQVDMCBVZWGM,10.3390/plants12213686,Corymbia maculata_OVSQVDMCBVZWGM
1998,corymbia papuana (f. muell,morolic acid,Corymbia papuana,Corymbia papuana (F.Muell.) K.D.Hill & L.A.S.Johnson,RGZSSKBTFGNUCG,10.3390/plants12213686,Corymbia papuana_RGZSSKBTFGNUCG
1999,corymbia torelliana (f. muell,benzaldehyde,Corymbia torelliana,Corymbia torelliana (F.Muell.) K.D.Hill & L.A.S.Johnson,HUMNYLRZRPPJDN,10.3390/plants12213686,Corymbia torelliana_HUMNYLRZRPPJDN
2000,corymbia torelliana (f. muell,"(+)-(2s)-4′,5,7-trihydroxy-6-methylflavanone",Corymbia torelliana,Corymbia torelliana (F.Muell.) K.D.Hill & L.A.S.Johnson,SLFZBNOERHGNMI,10.3390/plants12213686,Corymbia torelliana_SLFZBNOERHGNMI
2001,corymbia torelliana (f. muell,"4′,5-dihydroxy-7-methoxyflavanone",Corymbia torelliana,Corymbia torelliana (F.Muell.) K.D.Hill & L.A.S.Johnson,DJOJDHGQRNZXQQ,10.3390/plants12213686,Corymbia torelliana_DJOJDHGQRNZXQQ
2002,corymbia torelliana (f. muell,(+)-pinene,Corymbia torelliana,Corymbia torelliana (F.Muell.) K.D.Hill & L.A.S.Johnson,NDUIFQPPDDOKRN,10.3390/plants12213686,Corymbia torelliana_NDUIFQPPDDOKRN
2004,corymbia torelliana (f. muell,methyl (e)-6-(8-oxooctadecahydrochrysen-1-yl)non-7-enoate,Corymbia torelliana,Corymbia torelliana (F.Muell.) K.D.Hill & L.A.S.Johnson,MSFKAJNJLHRHHV,10.3390/plants12213686,Corymbia torelliana_MSFKAJNJLHRHHV
2005,corymbia torelliana (f. muell,"3′,4′,5,7-tetrahydroxyflavanone",Corymbia torelliana,Corymbia torelliana (F.Muell.) K.D.Hill & L.A.S.Johnson,SBHXYTNGIZCORC,10.3390/plants12213686,Corymbia torelliana_SBHXYTNGIZCORC
2006,corymbia torelliana (f. muell,"4′,5,7-trihydroxy-6,8-dimethylflavanone",Corymbia torelliana,Corymbia torelliana (F.Muell.) K.D.Hill & L.A.S.Johnson,DYHOLQACRGJEHX,10.3390/plants12213686,Corymbia torelliana_DYHOLQACRGJEHX
2007,corymbia torelliana (f. muell,"3,4′,5-trihydroxy-7-methoxyflavanone",Corymbia torelliana,Corymbia torelliana (F.Muell.) K.D.Hill & L.A.S.Johnson,LZLGHWHSUZVUFZ,10.3390/plants12213686,Corymbia torelliana_LZLGHWHSUZVUFZ
2008,corymbia torelliana (f. muell,(2s)-pinostrobin,Corymbia torelliana,Corymbia torelliana (F.Muell.) K.D.Hill & L.A.S.Johnson,ORJDDOBAOGKRJV,10.3390/plants12213686,Corymbia torelliana_ORJDDOBAOGKRJV
2011,corymbia torelliana (f. muell,"4′,5,7-trihydroxyflavanone",Corymbia torelliana,Corymbia torelliana (F.Muell.) K.D.Hill & L.A.S.Johnson,FTVWIRXFELQLPI,10.3390/plants12213686,Corymbia torelliana_FTVWIRXFELQLPI
2012,corymbia torelliana (f. muell,"3,4′,5,7-tetrahydroxyflavanone",Corymbia torelliana,Corymbia torelliana (F.Muell.) K.D.Hill & L.A.S.Johnson,PADQINQHPQKXNL,10.3390/plants12213686,Corymbia torelliana_PADQINQHPQKXNL
2013,corymbia torelliana (f. muell,ocimene,Corymbia torelliana,Corymbia torelliana (F.Muell.) K.D.Hill & L.A.S.Johnson,PMRMCTRIVCIICU,10.3390/plants12213686,Corymbia torelliana_PMRMCTRIVCIICU
2014,corymbia torelliana (f. muell,methyl (z)-6-(8-oxooctadecahydrochrysen-1-yl)non-7-enoate,Corymbia torelliana,Corymbia torelliana (F.Muell.) K.D.Hill & L.A.S.Johnson,MSFKAJNJLHRHHV,10.3390/plants12213686,Corymbia torelliana_MSFKAJNJLHRHHV
2015,corymbia torelliana (f. muell,hydroxymyristic acid methyl ester,Corymbia torelliana,Corymbia torelliana (F.Muell.) K.D.Hill & L.A.S.Johnson,ATFSJSYRBAGGIS,10.3390/plants12213686,Corymbia torelliana_ATFSJSYRBAGGIS
2017,corymbia torelliana (f. muell,(2s)-pinocembrin,Corymbia torelliana,Corymbia torelliana (F.Muell.) K.D.Hill & L.A.S.Johnson,URFCJEUYXNAHFI,10.3390/plants12213686,Corymbia torelliana_URFCJEUYXNAHFI
2020,nelumbo nucifera gaertn,leucodelphinidin,Nelumbo nucifera,Nelumbo nucifera Gaertn.,ZEACOKJOQLAYTD,10.30750/ijpbr.1.4.26,Nelumbo nucifera_ZEACOKJOQLAYTD
2026,nelumbo nucifera gaertn,procyanidin,Nelumbo nucifera,Nelumbo nucifera Gaertn.,HGVVOUNEGQIPMS,10.30750/ijpbr.1.4.26,Nelumbo nucifera_HGVVOUNEGQIPMS
2042,nelumbo nucifera gaertn,gallic acid,Nelumbo nucifera,Nelumbo nucifera Gaertn.,LNTHITQWFMADLM,10.30750/ijpbr.1.4.26,Nelumbo nucifera_LNTHITQWFMADLM
2046,nelumbo nucifera gaertn,kaempferol 7-o-β-d-glucopyranoside,Nelumbo nucifera,Nelumbo nucifera Gaertn.,YPWHZCPMOQGCDQ,10.30750/ijpbr.1.4.26,Nelumbo nucifera_YPWHZCPMOQGCDQ
2054,nelumbo nucifera gaertn,nelumboside,Nelumbo nucifera,Nelumbo nucifera Gaertn.,RFPZGZUMXXMVEL,10.30750/ijpbr.1.4.26,Nelumbo nucifera_RFPZGZUMXXMVEL
2063,citrus macroptera,psoralen,Citrus hystrix,Citrus hystrix DC.,ZCCUUQDIBDJBTK,10.1155/2017/9789802,Citrus hystrix_ZCCUUQDIBDJBTK
2068,citrus macroptera,gamma-elemene,Citrus hystrix,Citrus hystrix DC.,BQSLMQNYHVFRDT,10.1155/2017/9789802,Citrus hystrix_BQSLMQNYHVFRDT
2072,citrus macroptera,stigmasterol,Citrus hystrix,Citrus hystrix DC.,HCXVJBMSMIARIN,10.1155/2017/9789802,Citrus hystrix_HCXVJBMSMIARIN
2073,citrus macroptera,aromadendrene,Citrus hystrix,Citrus hystrix DC.,ITYNGVSTWVVPIC,10.1155/2017/9789802,Citrus hystrix_ITYNGVSTWVVPIC
2074,citrus macroptera,beta-eudesmol,Citrus hystrix,Citrus hystrix DC.,BOPIMTNSYWYZOC,10.1155/2017/9789802,Citrus hystrix_BOPIMTNSYWYZOC
2075,citrus macroptera,lupeol,Citrus hystrix,Citrus hystrix DC.,MQYXUWHLBZFQQO,10.1155/2017/9789802,Citrus hystrix_MQYXUWHLBZFQQO
2078,citrus macroptera,(z)-beta-farnesene,Citrus hystrix,Citrus hystrix DC.,APAPGJJZPJQKJJ,10.1155/2017/9789802,Citrus hystrix_APAPGJJZPJQKJJ
2079,citrus macroptera,alpha-guaiene,Citrus hystrix,Citrus hystrix DC.,ADIDQIZBYUABQK,10.1155/2017/9789802,Citrus hystrix_ADIDQIZBYUABQK
2080,citrus macroptera,geiparvarin,Citrus hystrix,Citrus hystrix DC.,OUTLLBZGJYDUQE,10.1155/2017/9789802,Citrus hystrix_OUTLLBZGJYDUQE
2082,citrus macroptera,marmin,Citrus hystrix,Citrus hystrix DC.,QYYKWTUUCOTGNS,10.1155/2017/9789802,Citrus hystrix_QYYKWTUUCOTGNS
2083,citrus macroptera,severine,Citrus hystrix,Citrus hystrix DC.,QQKKFVXSQXUHPI,10.1155/2017/9789802,Citrus hystrix_QQKKFVXSQXUHPI
2085,euodia rutaecarpa (juss.) benth,quercetin-3-o-sambubioside,Euodia,Euodia J.R.Forst. & G.Forst.,NKFZLEYLWAFYEH,10.3389/fphar.2025.1509032,Euodia_NKFZLEYLWAFYEH
2089,euodia rutaecarpa (juss.) benth,diosmin,Euodia,Euodia J.R.Forst. & G.Forst.,GZSOSUNBTXMUFQ,10.3389/fphar.2025.1509032,Euodia_GZSOSUNBTXMUFQ
2090,euodia rutaecarpa (juss.) benth,shihulimonin a,Euodia,Euodia J.R.Forst. & G.Forst.,RTPPVNISJHFPFX,10.3389/fphar.2025.1509032,Euodia_RTPPVNISJHFPFX
2091,euodia rutaecarpa (juss.) benth,quercetin,Euodia,Euodia J.R.Forst. & G.Forst.,REFJWTPEDVJJIY,10.3389/fphar.2025.1509032,Euodia_REFJWTPEDVJJIY
2092,euodia rutaecarpa (juss.) benth,(e)-ocimene,Euodia,Euodia J.R.Forst. & G.Forst.,IHPKGUQCSIINRJ,10.3389/fphar.2025.1509032,Euodia_IHPKGUQCSIINRJ
2094,euodia rutaecarpa (juss.) benth,physcion,Euodia,Euodia J.R.Forst. & G.Forst.,FFWOKTFYGVYKIR,10.3389/fphar.2025.1509032,Euodia_FFWOKTFYGVYKIR
2096,euodia rutaecarpa (juss.) benth,phellodensin f,Euodia,Euodia J.R.Forst. & G.Forst.,BMYUIXRQCPBGKG,10.3389/fphar.2025.1509032,Euodia_BMYUIXRQCPBGKG
2098,euodia rutaecarpa (juss.) benth,chrysophanol,Euodia,Euodia J.R.Forst. & G.Forst.,LQGUBLBATBMXHT,10.3389/fphar.2025.1509032,Euodia_LQGUBLBATBMXHT
2101,euodia rutaecarpa (juss.) benth,β-daucosterol,Euodia,Euodia J.R.Forst. & G.Forst.,NPJICTMALKLTFW,10.3389/fphar.2025.1509032,Euodia_NPJICTMALKLTFW
2103,euodia rutaecarpa (juss.) benth,narcissin,Euodia,Euodia J.R.Forst. & G.Forst.,UIDGLYUNOUKLBM,10.3389/fphar.2025.1509032,Euodia_UIDGLYUNOUKLBM
2106,euodia rutaecarpa (juss.) benth,coniferin,Euodia,Euodia J.R.Forst. & G.Forst.,SFLMUHDGSQZDOW,10.3389/fphar.2025.1509032,Euodia_SFLMUHDGSQZDOW
2107,euodia rutaecarpa (juss.) benth,hesperidin,Euodia,Euodia J.R.Forst. & G.Forst.,QUQPHWDTPGMPEX,10.3389/fphar.2025.1509032,Euodia_QUQPHWDTPGMPEX
2108,euodia rutaecarpa (juss.) benth,β-stigmasterol,Euodia,Euodia J.R.Forst. & G.Forst.,HCXVJBMSMIARIN,10.3389/fphar.2025.1509032,Euodia_HCXVJBMSMIARIN
2111,euodia rutaecarpa (juss.) benth,chlorogenic acid,Euodia,Euodia J.R.Forst. & G.Forst.,CWVRJTMFETXNAD,10.3389/fphar.2025.1509032,Euodia_CWVRJTMFETXNAD
2112,euodia rutaecarpa (juss.) benth,emodin,Euodia,Euodia J.R.Forst. & G.Forst.,RHMXXJGYXNZAPX,10.3389/fphar.2025.1509032,Euodia_RHMXXJGYXNZAPX
2114,euodia rutaecarpa (juss.) benth,citric acid,Euodia,Euodia J.R.Forst. & G.Forst.,KRKNYBCHXYNGOX,10.3389/fphar.2025.1509032,Euodia_KRKNYBCHXYNGOX
2115,euodia rutaecarpa (juss.) benth,isorhamnetin-3-o-β-d-glucopyranoside,Euodia,Euodia J.R.Forst. & G.Forst.,CQLRUIIRRZYHHS,10.3389/fphar.2025.1509032,Euodia_CQLRUIIRRZYHHS
2117,euodia rutaecarpa (juss.) benth,myrcene,Euodia,Euodia J.R.Forst. & G.Forst.,UAHWPYUMFXYFJY,10.3389/fphar.2025.1509032,Euodia_UAHWPYUMFXYFJY
2118,euodia rutaecarpa (juss.) benth,β-elemene,Euodia,Euodia J.R.Forst. & G.Forst.,OPFTUNCRGUEPRZ,10.3389/fphar.2025.1509032,Euodia_OPFTUNCRGUEPRZ
2119,euodia rutaecarpa (juss.) benth,isocitric acid,Euodia,Euodia J.R.Forst. & G.Forst.,ODBLHEXUDAPZAU,10.3389/fphar.2025.1509032,Euodia_ODBLHEXUDAPZAU
2121,euodia rutaecarpa (juss.) benth,caffeic acid,Euodia,Euodia J.R.Forst. & G.Forst.,QAIPRVGONGVQAS,10.3389/fphar.2025.1509032,Euodia_QAIPRVGONGVQAS
2123,euodia rutaecarpa (juss.) benth,p-hydroxycinnamic acid,Euodia,Euodia J.R.Forst. & G.Forst.,NGSWKAQJJWESNS,10.3389/fphar.2025.1509032,Euodia_NGSWKAQJJWESNS
2124,euodia rutaecarpa (juss.) benth,isorhamnetin,Euodia,Euodia J.R.Forst. & G.Forst.,IZQSVPBOUDKVDZ,10.3389/fphar.2025.1509032,Euodia_IZQSVPBOUDKVDZ
2125,euodia rutaecarpa (juss.) benth,neochlorogenic acid,Euodia,Euodia J.R.Forst. & G.Forst.,CWVRJTMFETXNAD,10.3389/fphar.2025.1509032,Euodia_CWVRJTMFETXNAD
2126,euodia rutaecarpa (juss.) benth,β-caryophyllene,Euodia,Euodia J.R.Forst. & G.Forst.,NPNUFJAVOOONJE,10.3389/fphar.2025.1509032,Euodia_NPNUFJAVOOONJE
2127,euodia rutaecarpa (juss.) benth. var. officinalis (dode) huang,narcissoside,Euodia,Euodia J.R.Forst. & G.Forst.,UIDGLYUNOUKLBM,10.3389/fphar.2025.1509032,Euodia_UIDGLYUNOUKLBM
2131,euodia rutaecarpa (juss.) benth. var. bodinieri (dode) huang,narcissoside,Euodia,Euodia J.R.Forst. & G.Forst.,UIDGLYUNOUKLBM,10.3389/fphar.2025.1509032,Euodia_UIDGLYUNOUKLBM
2135,chelidonium majus l,berberrubine,Chelidonium majus,Chelidonium majus L.,GLYPKDKODVRYGP,10.3389/fphar.2024.1440979,Chelidonium majus_GLYPKDKODVRYGP
2137,chelidonium majus l,menisperine,Chelidonium majus,Chelidonium majus L.,XQINTCORIZHGFD,10.3389/fphar.2024.1440979,Chelidonium majus_XQINTCORIZHGFD
2140,chelidonium majus l,dihydrocoptisine,Chelidonium majus,Chelidonium majus L.,VWCULCMFJSVNCB,10.3389/fphar.2024.1440979,Chelidonium majus_VWCULCMFJSVNCB
2141,chelidonium majus l,dihydrochelirubine,Chelidonium majus,Chelidonium majus L.,JPXUJRDPZQUCNV,10.3389/fphar.2024.1440979,Chelidonium majus_JPXUJRDPZQUCNV
2144,chelidonium majus l,sanguilutine,Chelidonium majus,Chelidonium majus L.,QXVJDCUNQFSDBQ,10.3389/fphar.2024.1440979,Chelidonium majus_QXVJDCUNQFSDBQ
2146,chelidonium majus l,rhoeadine,Chelidonium majus,Chelidonium majus L.,XRBIHOLQAKITPP,10.3389/fphar.2024.1440979,Chelidonium majus_XRBIHOLQAKITPP
2147,chelidonium majus l,magnocurarine,Chelidonium majus,Chelidonium majus L.,CLWOXNLVWMXBRD,10.3389/fphar.2024.1440979,Chelidonium majus_CLWOXNLVWMXBRD
2153,chelidonium majus l,oxynitidine,Chelidonium majus,Chelidonium majus L.,TVYBYUSEIMYSFA,10.3389/fphar.2024.1440979,Chelidonium majus_TVYBYUSEIMYSFA
2155,chelidonium majus l,flazin,Chelidonium majus,Chelidonium majus L.,USBWYUYKHHILLZ,10.3389/fphar.2024.1440979,Chelidonium majus_USBWYUYKHHILLZ
2156,chelidonium majus l,nitidine,Chelidonium majus,Chelidonium majus L.,KKMPSGJPCCJYRV,10.3389/fphar.2024.1440979,Chelidonium majus_KKMPSGJPCCJYRV
2158,chelidonium majus l,cheilanthifoline,Chelidonium majus,Chelidonium majus L.,MKRKFSHHTKVRAR,10.3389/fphar.2024.1440979,Chelidonium majus_MKRKFSHHTKVRAR
2160,chelidonium majus l,isocorydine,Chelidonium majus,Chelidonium majus L.,QELDJEKNFOQJOY,10.3389/fphar.2024.1440979,Chelidonium majus_QELDJEKNFOQJOY
2163,chelidonium majus l,dihydromacarpine,Chelidonium majus,Chelidonium majus L.,RTVFIUBAXAZKSU,10.3389/fphar.2024.1440979,Chelidonium majus_RTVFIUBAXAZKSU
2165,chelidonium majus l,macarpine,Chelidonium majus,Chelidonium majus L.,SBVRPBAVNZNLKX,10.3389/fphar.2024.1440979,Chelidonium majus_SBVRPBAVNZNLKX
2167,chelidonium majus l,dihydronitidine,Chelidonium majus,Chelidonium majus L.,MTVOSXTZNVKGIF,10.3389/fphar.2024.1440979,Chelidonium majus_MTVOSXTZNVKGIF
2169,chelidonium majus l,arnottianamide,Chelidonium majus,Chelidonium majus L.,WWWKIQOQQGESSQ,10.3389/fphar.2024.1440979,Chelidonium majus_WWWKIQOQQGESSQ
2170,chelidonium majus l,n-trans-feruloyltyramine,Chelidonium majus,Chelidonium majus L.,NPNNKDMSXVRADT,10.3389/fphar.2024.1440979,Chelidonium majus_NPNNKDMSXVRADT
2172,chelidonium majus l,columbamine,Chelidonium majus,Chelidonium majus L.,YYFOFDHQVIODOQ,10.3389/fphar.2024.1440979,Chelidonium majus_YYFOFDHQVIODOQ
2177,chelidonium majus l,jatrorrhizine,Chelidonium majus,Chelidonium majus L.,MXTLAHSTUOXGQF,10.3389/fphar.2024.1440979,Chelidonium majus_MXTLAHSTUOXGQF
2180,chelidonium majus l,corytuberine,Chelidonium majus,Chelidonium majus L.,WHFUDAOCYRYAKQ,10.3389/fphar.2024.1440979,Chelidonium majus_WHFUDAOCYRYAKQ
2181,chelidonium majus l,indole-3-carboxaldehyde,Chelidonium majus,Chelidonium majus L.,OLNJUISKUQQNIM,10.3389/fphar.2024.1440979,Chelidonium majus_OLNJUISKUQQNIM
2182,chelidonium majus l,worenine,Chelidonium majus,Chelidonium majus L.,LCXREBMNASQAOC,10.3389/fphar.2024.1440979,Chelidonium majus_LCXREBMNASQAOC
2183,chelidonium majus l,oxychelerythrine,Chelidonium majus,Chelidonium majus L.,IHTXRYTWDARUKX,10.3389/fphar.2024.1440979,Chelidonium majus_IHTXRYTWDARUKX
2186,chelidonium majus l,magnoflorine,Chelidonium majus,Chelidonium majus L.,YLRXAIKMLINXQY,10.3389/fphar.2024.1440979,Chelidonium majus_YLRXAIKMLINXQY
2191,chelidonium majus l,"13,14-dihydrocoptisine",Chelidonium majus,Chelidonium majus L.,VWCULCMFJSVNCB,10.3389/fphar.2024.1440979,Chelidonium majus_VWCULCMFJSVNCB
2192,guiera senegalensis j.f.gmel,daucosterol,Guiera senegalensis,Guiera senegalensis J.F.Gmel.,NPJICTMALKLTFW,10.47743/jemb-2025-238,Guiera senegalensis_NPJICTMALKLTFW
2193,guiera senegalensis j.f.gmel,1-eicosanol,Guiera senegalensis,Guiera senegalensis J.F.Gmel.,BTFJIXJJCSYFAL,10.47743/jemb-2025-238,Guiera senegalensis_BTFJIXJJCSYFAL
2194,guiera senegalensis j.f.gmel,flavasperone,Guiera senegalensis,Guiera senegalensis J.F.Gmel.,ARXPDHLVDOYIPX,10.47743/jemb-2025-238,Guiera senegalensis_ARXPDHLVDOYIPX
2195,guiera senegalensis j.f.gmel,β-amyrin,Guiera senegalensis,Guiera senegalensis J.F.Gmel.,JFSHUTJDVKUMTJ,10.47743/jemb-2025-238,Guiera senegalensis_JFSHUTJDVKUMTJ
2196,guiera senegalensis j.f.gmel,α-amyrin,Guiera senegalensis,Guiera senegalensis J.F.Gmel.,FSLPMRQHCOLESF,10.47743/jemb-2025-238,Guiera senegalensis_FSLPMRQHCOLESF
2197,guiera senegalensis j.f.gmel,ethyl gallate,Guiera senegalensis,Guiera senegalensis J.F.Gmel.,VFPFQHQNJCMNBZ,10.47743/jemb-2025-238,Guiera senegalensis_VFPFQHQNJCMNBZ
2199,artemisia nova,"1,8-cineole",Artemisia nova,Artemisia nova A.Nelson,WEEGYLXZBRQIMU,10.1890/12-1313.1,Artemisia nova_WEEGYLXZBRQIMU
2200,artemisia nova,monoterpenes,Artemisia nova,Artemisia nova A.Nelson,BQOFWKZOCNGFEC,10.1890/12-1313.1,Artemisia nova_BQOFWKZOCNGFEC
2201,artemisia tridentata wyomingensis,"1,8-cineole",Artemisia tridentata subsp. wyomingensis,Artemisia tridentata subsp. wyomingensis Beetle & A. M.Young,WEEGYLXZBRQIMU,10.1890/12-1313.1,Artemisia tridentata subsp. wyomingensis_WEEGYLXZBRQIMU
2202,artemisia tridentata wyomingensis,α-pinene,Artemisia tridentata subsp. wyomingensis,Artemisia tridentata subsp. wyomingensis Beetle & A. M.Young,GRWFGVWFFZKLTI,10.1890/12-1313.1,Artemisia tridentata subsp. wyomingensis_GRWFGVWFFZKLTI
2203,artemisia tridentata wyomingensis,monoterpenes,Artemisia tridentata subsp. wyomingensis,Artemisia tridentata subsp. wyomingensis Beetle & A. M.Young,BQOFWKZOCNGFEC,10.1890/12-1313.1,Artemisia tridentata subsp. wyomingensis_BQOFWKZOCNGFEC
2204,piper aduncum l,sesquiterpenes,Piper aduncum,Piper aduncum L.,PJKDZBIZDKARAM,10.17576/jsm-2020-4908-07,Piper aduncum_PJKDZBIZDKARAM
2205,piper aduncum l,chromene,Piper aduncum,Piper aduncum L.,MYQCLBRBMFFFGU,10.17576/jsm-2020-4908-07,Piper aduncum_MYQCLBRBMFFFGU
2206,piper aduncum l,monoterpenes,Piper aduncum,Piper aduncum L.,BQOFWKZOCNGFEC,10.17576/jsm-2020-4908-07,Piper aduncum_BQOFWKZOCNGFEC
2207,vernonia amygdalina l,neocryptolepine,Gymnanthemum amygdalinum,Gymnanthemum amygdalinum (Delile) Sch.Bip.,PZIIKMBOSNKNFZ,10.1016/j.ccmp.2021.100006,Gymnanthemum amygdalinum_PZIIKMBOSNKNFZ
2208,vernonia amygdalina l,isocryptolepine,Gymnanthemum amygdalinum,Gymnanthemum amygdalinum (Delile) Sch.Bip.,GLYLOCYYFNTVGX,10.1016/j.ccmp.2021.100006,Gymnanthemum amygdalinum_GLYLOCYYFNTVGX
2209,vernonia amygdalina l,chlorogenic acid,Gymnanthemum amygdalinum,Gymnanthemum amygdalinum (Delile) Sch.Bip.,CWVRJTMFETXNAD,10.1016/j.ccmp.2021.100006,Gymnanthemum amygdalinum_CWVRJTMFETXNAD
2210,vernonia amygdalina l,diosmetin,Gymnanthemum amygdalinum,Gymnanthemum amygdalinum (Delile) Sch.Bip.,MBNGWHIJMBWFHU,10.1016/j.ccmp.2021.100006,Gymnanthemum amygdalinum_MBNGWHIJMBWFHU
2211,vernonia amygdalina l,1-fluorononane,Gymnanthemum amygdalinum,Gymnanthemum amygdalinum (Delile) Sch.Bip.,ITPAUTYYXIENLO,10.1016/j.ccmp.2021.100006,Gymnanthemum amygdalinum_ITPAUTYYXIENLO
2212,vernonia amygdalina l,hexadecanamide,Gymnanthemum amygdalinum,Gymnanthemum amygdalinum (Delile) Sch.Bip.,HSEMFIZWXHQJAE,10.1016/j.ccmp.2021.100006,Gymnanthemum amygdalinum_HSEMFIZWXHQJAE
2213,vernonia amygdalina l,2-methyl-3-hexanol,Gymnanthemum amygdalinum,Gymnanthemum amygdalinum (Delile) Sch.Bip.,RGRUUTLDBCWYBL,10.1016/j.ccmp.2021.100006,Gymnanthemum amygdalinum_RGRUUTLDBCWYBL
2215,vernonia amygdalina l,glucuronolactone,Gymnanthemum amygdalinum,Gymnanthemum amygdalinum (Delile) Sch.Bip.,UYUXSRADSPPKRZ,10.1016/j.ccmp.2021.100006,Gymnanthemum amygdalinum_UYUXSRADSPPKRZ
2217,vernonia amygdalina l,baicalin,Gymnanthemum amygdalinum,Gymnanthemum amygdalinum (Delile) Sch.Bip.,IKIIZLYTISPENI,10.1016/j.ccmp.2021.100006,Gymnanthemum amygdalinum_IKIIZLYTISPENI
2218,vernonia amygdalina l,4-methoxycinnamic acid,Gymnanthemum amygdalinum,Gymnanthemum amygdalinum (Delile) Sch.Bip.,AFDXODALSZRGIH,10.1016/j.ccmp.2021.100006,Gymnanthemum amygdalinum_AFDXODALSZRGIH
2219,vernonia amygdalina l,7-hydroxycoumarine,Gymnanthemum amygdalinum,Gymnanthemum amygdalinum (Delile) Sch.Bip.,ORHBXUUXSCNDEV,10.1016/j.ccmp.2021.100006,Gymnanthemum amygdalinum_ORHBXUUXSCNDEV
2220,vernonia amygdalina l,"1,3-cyclooctadiene",Gymnanthemum amygdalinum,Gymnanthemum amygdalinum (Delile) Sch.Bip.,RRKODOZNUZCUBN,10.1016/j.ccmp.2021.100006,Gymnanthemum amygdalinum_RRKODOZNUZCUBN
2222,vernonia amygdalina l,cryptolepine,Gymnanthemum amygdalinum,Gymnanthemum amygdalinum (Delile) Sch.Bip.,KURWKDDWCJELSV,10.1016/j.ccmp.2021.100006,Gymnanthemum amygdalinum_KURWKDDWCJELSV
2223,vernonia amygdalina l,apigenin,Gymnanthemum amygdalinum,Gymnanthemum amygdalinum (Delile) Sch.Bip.,KZNIFHPLKGYRTM,10.1016/j.ccmp.2021.100006,Gymnanthemum amygdalinum_KZNIFHPLKGYRTM
2226,vernonia amygdalina l,4-methylumbelliferyl glucuronide,Gymnanthemum amygdalinum,Gymnanthemum amygdalinum (Delile) Sch.Bip.,ARQXEQLMMNGFDU,10.1016/j.ccmp.2021.100006,Gymnanthemum amygdalinum_ARQXEQLMMNGFDU
2227,vernonia amygdalina l,3-methyl-isoquinoline,Gymnanthemum amygdalinum,Gymnanthemum amygdalinum (Delile) Sch.Bip.,FVVXWRGARUACNW,10.1016/j.ccmp.2021.100006,Gymnanthemum amygdalinum_FVVXWRGARUACNW
2228,vernonia amygdalina l,scutellarin,Gymnanthemum amygdalinum,Gymnanthemum amygdalinum (Delile) Sch.Bip.,DJSISFGPUUYILV,10.1016/j.ccmp.2021.100006,Gymnanthemum amygdalinum_DJSISFGPUUYILV
2230,vernonia amygdalina l,1-hexanamine,Gymnanthemum amygdalinum,Gymnanthemum amygdalinum (Delile) Sch.Bip.,BMVXCPBXGZKUPN,10.1016/j.ccmp.2021.100006,Gymnanthemum amygdalinum_BMVXCPBXGZKUPN
2231,vernonia amygdalina l,rhoifolin,Gymnanthemum amygdalinum,Gymnanthemum amygdalinum (Delile) Sch.Bip.,RPMNUQRUHXIGHK,10.1016/j.ccmp.2021.100006,Gymnanthemum amygdalinum_RPMNUQRUHXIGHK
2232,vernonia amygdalina l,phytol,Gymnanthemum amygdalinum,Gymnanthemum amygdalinum (Delile) Sch.Bip.,BOTWFXYSPFMFNR,10.1016/j.ccmp.2021.100006,Gymnanthemum amygdalinum_BOTWFXYSPFMFNR
2233,vernonia amygdalina l,4-methylumbelliferone,Gymnanthemum amygdalinum,Gymnanthemum amygdalinum (Delile) Sch.Bip.,HSHNITRMYYLLCV,10.1016/j.ccmp.2021.100006,Gymnanthemum amygdalinum_HSHNITRMYYLLCV
2234,vernonia amygdalina l,nicotinic acid,Gymnanthemum amygdalinum,Gymnanthemum amygdalinum (Delile) Sch.Bip.,PVNIIMVLHYAWGP,10.1016/j.ccmp.2021.100006,Gymnanthemum amygdalinum_PVNIIMVLHYAWGP
2235,vernonia amygdalina l,apigetrin,Gymnanthemum amygdalinum,Gymnanthemum amygdalinum (Delile) Sch.Bip.,KMOUJOKENFFTPU,10.1016/j.ccmp.2021.100006,Gymnanthemum amygdalinum_KMOUJOKENFFTPU
2236,vernonia amygdalina l,pentanoic acid,Gymnanthemum amygdalinum,Gymnanthemum amygdalinum (Delile) Sch.Bip.,NQPDZGIKBAWPEJ,10.1016/j.ccmp.2021.100006,Gymnanthemum amygdalinum_NQPDZGIKBAWPEJ
2237,vernonia amygdalina l,cumidine,Gymnanthemum amygdalinum,Gymnanthemum amygdalinum (Delile) Sch.Bip.,LRTFPLFDLJYEKT,10.1016/j.ccmp.2021.100006,Gymnanthemum amygdalinum_LRTFPLFDLJYEKT
2238,vernonia amygdalina l,dimethylamine,Gymnanthemum amygdalinum,Gymnanthemum amygdalinum (Delile) Sch.Bip.,ROSDSFDQCJNGOL,10.1016/j.ccmp.2021.100006,Gymnanthemum amygdalinum_ROSDSFDQCJNGOL
2241,vernonia amygdalina l,2-pentanol,Gymnanthemum amygdalinum,Gymnanthemum amygdalinum (Delile) Sch.Bip.,JYVLIDXNZAXMDK,10.1016/j.ccmp.2021.100006,Gymnanthemum amygdalinum_JYVLIDXNZAXMDK
2242,vernonia amygdalina l,vernomenin,Gymnanthemum amygdalinum,Gymnanthemum amygdalinum (Delile) Sch.Bip.,OLUMHNYQQSDTDB,10.1016/j.ccmp.2021.100006,Gymnanthemum amygdalinum_OLUMHNYQQSDTDB
2245,andrographis paniculata (burm. f.) wall. ex nees,"1,8-dihydroxy-3,7-dimethoxyxanthone",Andrographis paniculata,Andrographis paniculata (Burm.f.) Wall. ex Nees,PUECEVJMPDNNHT,10.3390/life11040348,Andrographis paniculata_PUECEVJMPDNNHT
2248,andrographis paniculata (burm. f.) wall. ex nees,"3,7,8-trimethoxy-1-hydroxyxanthone",Andrographis paniculata,Andrographis paniculata (Burm.f.) Wall. ex Nees,VYRIGRQQKUZPEX,10.3390/life11040348,Andrographis paniculata_VYRIGRQQKUZPEX
2249,andrographis paniculata (burm. f.) wall. ex nees,"4,8-dihydroxy-2,7-dimethoxyxanthone",Andrographis paniculata,Andrographis paniculata (Burm.f.) Wall. ex Nees,WSUCDCNZSGRGSF,10.3390/life11040348,Andrographis paniculata_WSUCDCNZSGRGSF
2258,andrographis paniculata (burm. f.) wall. ex nees,"1,2-dihydroxy-6,8-dimethoxyxanthone",Andrographis paniculata,Andrographis paniculata (Burm.f.) Wall. ex Nees,XKVNAUSDRRAZNN,10.3390/life11040348,Andrographis paniculata_XKVNAUSDRRAZNN
2259,gynura bicolor (roxb. ex willd.) dc,rutin,Gynura bicolor,Gynura bicolor (Roxb. ex Willd.) DC.,IKGXIBQEEMLURG,10.1016/j.jep.2021.113834,Gynura bicolor_IKGXIBQEEMLURG
2260,gynura bicolor (roxb. ex willd.) dc,usaramine,Gynura bicolor,Gynura bicolor (Roxb. ex Willd.) DC.,BCJMNZRQJAVDLD,10.1016/j.jep.2021.113834,Gynura bicolor_BCJMNZRQJAVDLD
2261,gynura bicolor (roxb. ex willd.) dc,quercetin-3-o-β-d-glucoside,Gynura bicolor,Gynura bicolor (Roxb. ex Willd.) DC.,OVSQVDMCBVZWGM,10.1016/j.jep.2021.113834,Gynura bicolor_OVSQVDMCBVZWGM
2262,gynura bicolor (roxb. ex willd.) dc,"3,4-dicaffeoylquinic acid",Gynura bicolor,Gynura bicolor (Roxb. ex Willd.) DC.,UFCLZKMFXSILNL,10.1016/j.jep.2021.113834,Gynura bicolor_UFCLZKMFXSILNL
2263,gynura bicolor (roxb. ex willd.) dc,nilgirine,Gynura bicolor,Gynura bicolor (Roxb. ex Willd.) DC.,CRDPLWCMWMJVFE,10.1016/j.jep.2021.113834,Gynura bicolor_CRDPLWCMWMJVFE
2264,gynura bicolor (roxb. ex willd.) dc,boscialin,Gynura bicolor,Gynura bicolor (Roxb. ex Willd.) DC.,CWLKAPCFJXJCEO,10.1016/j.jep.2021.113834,Gynura bicolor_CWLKAPCFJXJCEO
2265,gynura bicolor (roxb. ex willd.) dc,isorhamnetin 3-o-rutinoside,Gynura bicolor,Gynura bicolor (Roxb. ex Willd.) DC.,UIDGLYUNOUKLBM,10.1016/j.jep.2021.113834,Gynura bicolor_UIDGLYUNOUKLBM
2266,gynura bicolor (roxb. ex willd.) dc,vomifoliol,Gynura bicolor,Gynura bicolor (Roxb. ex Willd.) DC.,KPQMCAKZRXOZLB,10.1016/j.jep.2021.113834,Gynura bicolor_KPQMCAKZRXOZLB
2267,gynura bicolor (roxb. ex willd.) dc,4-hydroxybenzoic acid,Gynura bicolor,Gynura bicolor (Roxb. ex Willd.) DC.,FJKROLUGYXJWQN,10.1016/j.jep.2021.113834,Gynura bicolor_FJKROLUGYXJWQN
2268,gynura bicolor (roxb. ex willd.) dc,loliolide,Gynura bicolor,Gynura bicolor (Roxb. ex Willd.) DC.,XEVQXKKKAVVSMW,10.1016/j.jep.2021.113834,Gynura bicolor_XEVQXKKKAVVSMW
2269,gynura bicolor (roxb. ex willd.) dc,5-o-feruloylquinic acid,Gynura bicolor,Gynura bicolor (Roxb. ex Willd.) DC.,RAGZUCNPTLULOL,10.1016/j.jep.2021.113834,Gynura bicolor_RAGZUCNPTLULOL
2270,gynura bicolor (roxb. ex willd.) dc,kaempferol-3-o-robinobioside,Gynura bicolor,Gynura bicolor (Roxb. ex Willd.) DC.,RTATXGUCZHCSNG,10.1016/j.jep.2021.113834,Gynura bicolor_RTATXGUCZHCSNG
2271,gynura bicolor (roxb. ex willd.) dc,dehydrovomifoliol,Gynura bicolor,Gynura bicolor (Roxb. ex Willd.) DC.,JJRYPZMXNLLZFH,10.1016/j.jep.2021.113834,Gynura bicolor_JJRYPZMXNLLZFH
2272,gynura bicolor (roxb. ex willd.) dc,chlorogenic acid,Gynura bicolor,Gynura bicolor (Roxb. ex Willd.) DC.,CWVRJTMFETXNAD,10.1016/j.jep.2021.113834,Gynura bicolor_CWVRJTMFETXNAD
2273,gynura bicolor (roxb. ex willd.) dc,"methyl 3,4-dicaffeoylquinate",Gynura bicolor,Gynura bicolor (Roxb. ex Willd.) DC.,RTLCSWCXZWROFK,10.1016/j.jep.2021.113834,Gynura bicolor_RTLCSWCXZWROFK
2274,gynura bicolor (roxb. ex willd.) dc,senkirkine,Gynura bicolor,Gynura bicolor (Roxb. ex Willd.) DC.,HPDHKHMHQGCNPE,10.1016/j.jep.2021.113834,Gynura bicolor_HPDHKHMHQGCNPE
2275,gynura bicolor (roxb. ex willd.) dc,apigenin,Gynura bicolor,Gynura bicolor (Roxb. ex Willd.) DC.,KZNIFHPLKGYRTM,10.1016/j.jep.2021.113834,Gynura bicolor_KZNIFHPLKGYRTM
2276,gynura bicolor (roxb. ex willd.) dc,epicatechin,Gynura bicolor,Gynura bicolor (Roxb. ex Willd.) DC.,PFTAWBLQPZVEMU,10.1016/j.jep.2021.113834,Gynura bicolor_PFTAWBLQPZVEMU
2277,gynura bicolor (roxb. ex willd.) dc,cyanidin,Gynura bicolor,Gynura bicolor (Roxb. ex Willd.) DC.,VEVZSMAEJFVWIL,10.1016/j.jep.2021.113834,Gynura bicolor_VEVZSMAEJFVWIL
2278,gynura bicolor (roxb. ex willd.) dc,benzoic acid,Gynura bicolor,Gynura bicolor (Roxb. ex Willd.) DC.,WPYMKLBDIGXBTP,10.1016/j.jep.2021.113834,Gynura bicolor_WPYMKLBDIGXBTP
2279,gynura bicolor (roxb. ex willd.) dc,4-o-caffeoylquinic acid,Gynura bicolor,Gynura bicolor (Roxb. ex Willd.) DC.,GYFFKZTYYAFCTR,10.1016/j.jep.2021.113834,Gynura bicolor_GYFFKZTYYAFCTR
2280,gynura bicolor (roxb. ex willd.) dc,peonidin,Gynura bicolor,Gynura bicolor (Roxb. ex Willd.) DC.,OGBSHLKSHNAPEW,10.1016/j.jep.2021.113834,Gynura bicolor_OGBSHLKSHNAPEW
2281,gynura bicolor (roxb. ex willd.) dc,retrorsine n-oxide,Gynura bicolor,Gynura bicolor (Roxb. ex Willd.) DC.,IDIMIWQPUHURPV,10.1016/j.jep.2021.113834,Gynura bicolor_IDIMIWQPUHURPV
2282,gynura bicolor (roxb. ex willd.) dc,naringenin,Gynura bicolor,Gynura bicolor (Roxb. ex Willd.) DC.,FTVWIRXFELQLPI,10.1016/j.jep.2021.113834,Gynura bicolor_FTVWIRXFELQLPI
2283,gynura bicolor (roxb. ex willd.) dc,kaempferol-3-o-rutinoside,Gynura bicolor,Gynura bicolor (Roxb. ex Willd.) DC.,RTATXGUCZHCSNG,10.1016/j.jep.2021.113834,Gynura bicolor_RTATXGUCZHCSNG
2284,gynura bicolor (roxb. ex willd.) dc,rosmarinic acid,Gynura bicolor,Gynura bicolor (Roxb. ex Willd.) DC.,DOUMFZQKYFQNTF,10.1016/j.jep.2021.113834,Gynura bicolor_DOUMFZQKYFQNTF
2285,gynura bicolor (roxb. ex willd.) dc,lutein,Gynura bicolor,Gynura bicolor (Roxb. ex Willd.) DC.,KBPHJBAIARWVSC,10.1016/j.jep.2021.113834,Gynura bicolor_KBPHJBAIARWVSC
2286,gynura bicolor (roxb. ex willd.) dc,kaempferol,Gynura bicolor,Gynura bicolor (Roxb. ex Willd.) DC.,IYRMWMYZSQPJKC,10.1016/j.jep.2021.113834,Gynura bicolor_IYRMWMYZSQPJKC
2287,gynura bicolor (roxb. ex willd.) dc,4-o-feruloylquinic acid,Gynura bicolor,Gynura bicolor (Roxb. ex Willd.) DC.,VTMFDSJJVNQXLT,10.1016/j.jep.2021.113834,Gynura bicolor_VTMFDSJJVNQXLT
2288,gynura bicolor (roxb. ex willd.) dc,myricetin,Gynura bicolor,Gynura bicolor (Roxb. ex Willd.) DC.,IKMDFBPHZNJCSN,10.1016/j.jep.2021.113834,Gynura bicolor_IKMDFBPHZNJCSN
2289,gynura bicolor (roxb. ex willd.) dc,pelargonidin,Gynura bicolor,Gynura bicolor (Roxb. ex Willd.) DC.,XVFMGWDSJLBXDZ,10.1016/j.jep.2021.113834,Gynura bicolor_XVFMGWDSJLBXDZ
2290,gynura bicolor (roxb. ex willd.) dc,caffeic acid,Gynura bicolor,Gynura bicolor (Roxb. ex Willd.) DC.,QAIPRVGONGVQAS,10.1016/j.jep.2021.113834,Gynura bicolor_QAIPRVGONGVQAS
2291,gynura bicolor (roxb. ex willd.) dc,integerrimine,Gynura bicolor,Gynura bicolor (Roxb. ex Willd.) DC.,HKODIGSRFALUTA,10.1016/j.jep.2021.113834,Gynura bicolor_HKODIGSRFALUTA
2292,gynura bicolor (roxb. ex willd.) dc,petunidin,Gynura bicolor,Gynura bicolor (Roxb. ex Willd.) DC.,QULMBDNPZCFSPR,10.1016/j.jep.2021.113834,Gynura bicolor_QULMBDNPZCFSPR
2293,gynura bicolor (roxb. ex willd.) dc,kuromanin,Gynura bicolor,Gynura bicolor (Roxb. ex Willd.) DC.,RKWHWFONKJEUEF,10.1016/j.jep.2021.113834,Gynura bicolor_RKWHWFONKJEUEF
2294,gynura bicolor (roxb. ex willd.) dc,petasinine,Gynura bicolor,Gynura bicolor (Roxb. ex Willd.) DC.,HQARVRYBUBTANR,10.1016/j.jep.2021.113834,Gynura bicolor_HQARVRYBUBTANR
2295,gynura bicolor (roxb. ex willd.) dc,malvidin,Gynura bicolor,Gynura bicolor (Roxb. ex Willd.) DC.,KZMACGJDUUWFCH,10.1016/j.jep.2021.113834,Gynura bicolor_KZMACGJDUUWFCH
2296,gynura bicolor (roxb. ex willd.) dc,quercetin,Gynura bicolor,Gynura bicolor (Roxb. ex Willd.) DC.,REFJWTPEDVJJIY,10.1016/j.jep.2021.113834,Gynura bicolor_REFJWTPEDVJJIY
2297,gynura bicolor (roxb. ex willd.) dc,zeaxanthin,Gynura bicolor,Gynura bicolor (Roxb. ex Willd.) DC.,JKQXZKUSFCKOGQ,10.1016/j.jep.2021.113834,Gynura bicolor_JKQXZKUSFCKOGQ
2298,gynura bicolor (roxb. ex willd.) dc,"4,5-dicaffeoylquinic acid",Gynura bicolor,Gynura bicolor (Roxb. ex Willd.) DC.,UFCLZKMFXSILNL,10.1016/j.jep.2021.113834,Gynura bicolor_UFCLZKMFXSILNL
2299,gynura bicolor (roxb. ex willd.) dc,ellagic acid,Gynura bicolor,Gynura bicolor (Roxb. ex Willd.) DC.,AFSDNFLWKVMVRB,10.1016/j.jep.2021.113834,Gynura bicolor_AFSDNFLWKVMVRB
2300,gynura bicolor (roxb. ex willd.) dc,3-hydroxybenzoic acid,Gynura bicolor,Gynura bicolor (Roxb. ex Willd.) DC.,IJFXRHURBJZNAO,10.1016/j.jep.2021.113834,Gynura bicolor_IJFXRHURBJZNAO
2301,gynura bicolor (roxb. ex willd.) dc,protocatechuic acid,Gynura bicolor,Gynura bicolor (Roxb. ex Willd.) DC.,YQUVCSBJEUQKSH,10.1016/j.jep.2021.113834,Gynura bicolor_YQUVCSBJEUQKSH
2302,gynura bicolor (roxb. ex willd.) dc,p-coumaric acid,Gynura bicolor,Gynura bicolor (Roxb. ex Willd.) DC.,NGSWKAQJJWESNS,10.1016/j.jep.2021.113834,Gynura bicolor_NGSWKAQJJWESNS
2303,gynura bicolor (roxb. ex willd.) dc,macrophylline,Gynura bicolor,Gynura bicolor (Roxb. ex Willd.) DC.,LVZCTOQMFLAKLI,10.1016/j.jep.2021.113834,Gynura bicolor_LVZCTOQMFLAKLI
2304,gynura bicolor (roxb. ex willd.) dc,seneciphylline,Gynura bicolor,Gynura bicolor (Roxb. ex Willd.) DC.,FCEVNJIUIMLVML,10.1016/j.jep.2021.113834,Gynura bicolor_FCEVNJIUIMLVML
2305,gynura bicolor (roxb. ex willd.) dc,4-hydroxy phenyl pyruvic acid,Gynura bicolor,Gynura bicolor (Roxb. ex Willd.) DC.,KKADPXVIOXHVKN,10.1016/j.jep.2021.113834,Gynura bicolor_KKADPXVIOXHVKN
2306,gynura bicolor (roxb. ex willd.) dc,seneciphylline n-oxide,Gynura bicolor,Gynura bicolor (Roxb. ex Willd.) DC.,COHUFMBRBUPZPA,10.1016/j.jep.2021.113834,Gynura bicolor_COHUFMBRBUPZPA
2307,gynura bicolor (roxb. ex willd.) dc,syringic acid,Gynura bicolor,Gynura bicolor (Roxb. ex Willd.) DC.,JMSVCTWVEWCHDZ,10.1016/j.jep.2021.113834,Gynura bicolor_JMSVCTWVEWCHDZ
2308,gynura bicolor (roxb. ex willd.) dc,3-o-feruloylquinic acid,Gynura bicolor,Gynura bicolor (Roxb. ex Willd.) DC.,RAGZUCNPTLULOL,10.1016/j.jep.2021.113834,Gynura bicolor_RAGZUCNPTLULOL
2309,gynura bicolor (roxb. ex willd.) dc,gallic acid,Gynura bicolor,Gynura bicolor (Roxb. ex Willd.) DC.,LNTHITQWFMADLM,10.1016/j.jep.2021.113834,Gynura bicolor_LNTHITQWFMADLM
2310,gynura bicolor (roxb. ex willd.) dc,methyl 5-o-caffeoylquinate,Gynura bicolor,Gynura bicolor (Roxb. ex Willd.) DC.,MZNIJRAPCCELQX,10.1016/j.jep.2021.113834,Gynura bicolor_MZNIJRAPCCELQX
2311,gynura bicolor (roxb. ex willd.) dc,5-o-caffeoylquinic acid,Gynura bicolor,Gynura bicolor (Roxb. ex Willd.) DC.,CWVRJTMFETXNAD,10.1016/j.jep.2021.113834,Gynura bicolor_CWVRJTMFETXNAD
2312,gynura bicolor (roxb. ex willd.) dc,3-o-p-coumaroylquinic acid,Gynura bicolor,Gynura bicolor (Roxb. ex Willd.) DC.,BMRSEYFENKXDIS,10.1016/j.jep.2021.113834,Gynura bicolor_BMRSEYFENKXDIS
2313,gynura cusimbua (d.don) s.moore,isoacteoside,Gynura cusimbua,Gynura cusimbua (D.Don) S.Moore,FNMHEHXNBNCPCI,10.1016/j.jep.2021.113834,Gynura cusimbua_FNMHEHXNBNCPCI
2314,gynura cusimbua (d.don) s.moore,echinacoside,Gynura cusimbua,Gynura cusimbua (D.Don) S.Moore,FSBUXLDOLNLABB,10.1016/j.jep.2021.113834,Gynura cusimbua_FSBUXLDOLNLABB
2315,gynura cusimbua (d.don) s.moore,verbascoside,Gynura cusimbua,Gynura cusimbua (D.Don) S.Moore,FBSKJMQYURKNSU,10.1016/j.jep.2021.113834,Gynura cusimbua_FBSKJMQYURKNSU
2316,gynura cusimbua (d.don) s.moore,forsythoside a,Gynura cusimbua,Gynura cusimbua (D.Don) S.Moore,DTOUWTJYUCZJQD,10.1016/j.jep.2021.113834,Gynura cusimbua_DTOUWTJYUCZJQD
2317,gynura divaricata (l.) dc,rutin,Gynura divaricata,Gynura divaricata (L.) DC.,IKGXIBQEEMLURG,10.1016/j.jep.2021.113834,Gynura divaricata_IKGXIBQEEMLURG
2318,gynura divaricata (l.) dc,sucrose,Gynura divaricata,Gynura divaricata (L.) DC.,CZMRCDWAGMRECN,10.1016/j.jep.2021.113834,Gynura divaricata_CZMRCDWAGMRECN
2320,gynura divaricata (l.) dc,quercetin-3-o-β-d-glucoside,Gynura divaricata,Gynura divaricata (L.) DC.,OVSQVDMCBVZWGM,10.1016/j.jep.2021.113834,Gynura divaricata_OVSQVDMCBVZWGM
2321,gynura divaricata (l.) dc,"3,4-dicaffeoylquinic acid",Gynura divaricata,Gynura divaricata (L.) DC.,UFCLZKMFXSILNL,10.1016/j.jep.2021.113834,Gynura divaricata_UFCLZKMFXSILNL
2322,gynura divaricata (l.) dc,isorhamnetin 3-o-rutinoside,Gynura divaricata,Gynura divaricata (L.) DC.,UIDGLYUNOUKLBM,10.1016/j.jep.2021.113834,Gynura divaricata_UIDGLYUNOUKLBM
2323,gynura divaricata (l.) dc,nystose,Gynura divaricata,Gynura divaricata (L.) DC.,FLDFNEBHEXLZRX,10.1016/j.jep.2021.113834,Gynura divaricata_FLDFNEBHEXLZRX
2324,gynura divaricata (l.) dc,4-hydroxybenzoic acid,Gynura divaricata,Gynura divaricata (L.) DC.,FJKROLUGYXJWQN,10.1016/j.jep.2021.113834,Gynura divaricata_FJKROLUGYXJWQN
2326,gynura divaricata (l.) dc,chlorogenic acid,Gynura divaricata,Gynura divaricata (L.) DC.,CWVRJTMFETXNAD,10.1016/j.jep.2021.113834,Gynura divaricata_CWVRJTMFETXNAD
2327,gynura divaricata (l.) dc,"methyl 3,4-dicaffeoylquinate",Gynura divaricata,Gynura divaricata (L.) DC.,RTLCSWCXZWROFK,10.1016/j.jep.2021.113834,Gynura divaricata_RTLCSWCXZWROFK
2328,gynura divaricata (l.) dc,senkirkine,Gynura divaricata,Gynura divaricata (L.) DC.,HPDHKHMHQGCNPE,10.1016/j.jep.2021.113834,Gynura divaricata_HPDHKHMHQGCNPE
2329,gynura divaricata (l.) dc,1-kestose,Gynura divaricata,Gynura divaricata (L.) DC.,VAWYEUIPHLMNNF,10.1016/j.jep.2021.113834,Gynura divaricata_VAWYEUIPHLMNNF
2330,gynura divaricata (l.) dc,benzoic acid,Gynura divaricata,Gynura divaricata (L.) DC.,WPYMKLBDIGXBTP,10.1016/j.jep.2021.113834,Gynura divaricata_WPYMKLBDIGXBTP
2331,gynura divaricata (l.) dc,4-o-caffeoylquinic acid,Gynura divaricata,Gynura divaricata (L.) DC.,GYFFKZTYYAFCTR,10.1016/j.jep.2021.113834,Gynura divaricata_GYFFKZTYYAFCTR
2334,gynura divaricata (l.) dc,4-o-feruloylquinic acid,Gynura divaricata,Gynura divaricata (L.) DC.,VTMFDSJJVNQXLT,10.1016/j.jep.2021.113834,Gynura divaricata_VTMFDSJJVNQXLT
2335,gynura divaricata (l.) dc,caffeic acid,Gynura divaricata,Gynura divaricata (L.) DC.,QAIPRVGONGVQAS,10.1016/j.jep.2021.113834,Gynura divaricata_QAIPRVGONGVQAS
2337,gynura divaricata (l.) dc,"4,5-dicaffeoylquinic acid",Gynura divaricata,Gynura divaricata (L.) DC.,UFCLZKMFXSILNL,10.1016/j.jep.2021.113834,Gynura divaricata_UFCLZKMFXSILNL
2338,gynura divaricata (l.) dc,3-hydroxybenzoic acid,Gynura divaricata,Gynura divaricata (L.) DC.,IJFXRHURBJZNAO,10.1016/j.jep.2021.113834,Gynura divaricata_IJFXRHURBJZNAO
2339,gynura divaricata (l.) dc,p-coumaric acid,Gynura divaricata,Gynura divaricata (L.) DC.,NGSWKAQJJWESNS,10.1016/j.jep.2021.113834,Gynura divaricata_NGSWKAQJJWESNS
2340,gynura divaricata (l.) dc,seneciphylline,Gynura divaricata,Gynura divaricata (L.) DC.,FCEVNJIUIMLVML,10.1016/j.jep.2021.113834,Gynura divaricata_FCEVNJIUIMLVML
2341,gynura divaricata (l.) dc,4-hydroxy phenyl pyruvic acid,Gynura divaricata,Gynura divaricata (L.) DC.,KKADPXVIOXHVKN,10.1016/j.jep.2021.113834,Gynura divaricata_KKADPXVIOXHVKN
2342,gynura divaricata (l.) dc,seneciphylline n-oxide,Gynura divaricata,Gynura divaricata (L.) DC.,COHUFMBRBUPZPA,10.1016/j.jep.2021.113834,Gynura divaricata_COHUFMBRBUPZPA
2343,gynura divaricata (l.) dc,syringic acid,Gynura divaricata,Gynura divaricata (L.) DC.,JMSVCTWVEWCHDZ,10.1016/j.jep.2021.113834,Gynura divaricata_JMSVCTWVEWCHDZ
2344,gynura divaricata (l.) dc,3-o-feruloylquinic acid,Gynura divaricata,Gynura divaricata (L.) DC.,RAGZUCNPTLULOL,10.1016/j.jep.2021.113834,Gynura divaricata_RAGZUCNPTLULOL
2345,gynura divaricata (l.) dc,methyl 5-o-caffeoylquinate,Gynura divaricata,Gynura divaricata (L.) DC.,MZNIJRAPCCELQX,10.1016/j.jep.2021.113834,Gynura divaricata_MZNIJRAPCCELQX
2346,gynura divaricata (l.) dc,β-d-fructofuranose,Gynura divaricata,Gynura divaricata (L.) DC.,RFSUNEUAIZKAJO,10.1016/j.jep.2021.113834,Gynura divaricata_RFSUNEUAIZKAJO
2347,gynura divaricata (l.) dc,5-o-caffeoylquinic acid,Gynura divaricata,Gynura divaricata (L.) DC.,CWVRJTMFETXNAD,10.1016/j.jep.2021.113834,Gynura divaricata_CWVRJTMFETXNAD
2348,gynura divaricata (l.) dc,3-o-p-coumaroylquinic acid,Gynura divaricata,Gynura divaricata (L.) DC.,BMRSEYFENKXDIS,10.1016/j.jep.2021.113834,Gynura divaricata_BMRSEYFENKXDIS
2349,gynura formosana kitam,rutin,Gynura formosana,Gynura formosana Kitam.,IKGXIBQEEMLURG,10.1016/j.jep.2021.113834,Gynura formosana_IKGXIBQEEMLURG
2350,gynura formosana kitam,caffeic acid,Gynura formosana,Gynura formosana Kitam.,QAIPRVGONGVQAS,10.1016/j.jep.2021.113834,Gynura formosana_QAIPRVGONGVQAS
2351,gynura formosana kitam,kaempferol-3-o-robinobioside,Gynura formosana,Gynura formosana Kitam.,RTATXGUCZHCSNG,10.1016/j.jep.2021.113834,Gynura formosana_RTATXGUCZHCSNG
2352,gynura formosana kitam,kaempferol-3-o-rutinoside,Gynura formosana,Gynura formosana Kitam.,RTATXGUCZHCSNG,10.1016/j.jep.2021.113834,Gynura formosana_RTATXGUCZHCSNG
2362,gynura japonica (thunb.) juel,senecionine n-oxide,Gynura japonica,Gynura japonica (Thunb.) Juel,PLGBHVNNYDZWGZ,10.1016/j.jep.2021.113834,Gynura japonica_PLGBHVNNYDZWGZ
2363,gynura japonica (thunb.) juel,α-tocospiro b,Gynura japonica,Gynura japonica (Thunb.) Juel,OPIJRMKRZTVOMM,10.1016/j.jep.2021.113834,Gynura japonica_OPIJRMKRZTVOMM
2371,gynura japonica (thunb.) juel,α-tocospiro a,Gynura japonica,Gynura japonica (Thunb.) Juel,NFNYYDIZCJKCQK,10.1016/j.jep.2021.113834,Gynura japonica_NFNYYDIZCJKCQK
2377,gynura japonica (thunb.) juel,seneciphylline,Gynura japonica,Gynura japonica (Thunb.) Juel,FCEVNJIUIMLVML,10.1016/j.jep.2021.113834,Gynura japonica_FCEVNJIUIMLVML
2378,gynura japonica (thunb.) juel,integerrimine n-oxide,Gynura japonica,Gynura japonica (Thunb.) Juel,PLGBHVNNYDZWGZ,10.1016/j.jep.2021.113834,Gynura japonica_PLGBHVNNYDZWGZ
2379,gynura japonica (thunb.) juel,seneciphylline n-oxide,Gynura japonica,Gynura japonica (Thunb.) Juel,COHUFMBRBUPZPA,10.1016/j.jep.2021.113834,Gynura japonica_COHUFMBRBUPZPA
2383,gynura nepalensis dc,"3,4-dicaffeoylquinic acid",Gynura nepalensis,Gynura nepalensis DC.,UFCLZKMFXSILNL,10.1016/j.jep.2021.113834,Gynura nepalensis_UFCLZKMFXSILNL
2384,gynura nepalensis dc,chlorogenic acid,Gynura nepalensis,Gynura nepalensis DC.,CWVRJTMFETXNAD,10.1016/j.jep.2021.113834,Gynura nepalensis_CWVRJTMFETXNAD
2385,gynura nepalensis dc,"methyl 3,4-dicaffeoylquinate",Gynura nepalensis,Gynura nepalensis DC.,RTLCSWCXZWROFK,10.1016/j.jep.2021.113834,Gynura nepalensis_RTLCSWCXZWROFK
2386,gynura nepalensis dc,"4,5-dicaffeoylquinic acid",Gynura nepalensis,Gynura nepalensis DC.,UFCLZKMFXSILNL,10.1016/j.jep.2021.113834,Gynura nepalensis_UFCLZKMFXSILNL
2387,gynura procumbens (lour.) merr,rutin,Gynura procumbens,Gynura procumbens (Lour.) Merr.,IKGXIBQEEMLURG,10.1016/j.jep.2021.113834,Gynura procumbens_IKGXIBQEEMLURG
2388,gynura procumbens (lour.) merr,β-stigmasterol,Gynura procumbens,Gynura procumbens (Lour.) Merr.,HCXVJBMSMIARIN,10.1016/j.jep.2021.113834,Gynura procumbens_HCXVJBMSMIARIN
2389,gynura procumbens (lour.) merr,negunfurol,Gynura procumbens,Gynura procumbens (Lour.) Merr.,BAEXUXXJQFAXLI,10.1016/j.jep.2021.113834,Gynura procumbens_BAEXUXXJQFAXLI
2390,gynura procumbens (lour.) merr,chlorogenic acid,Gynura procumbens,Gynura procumbens (Lour.) Merr.,CWVRJTMFETXNAD,10.1016/j.jep.2021.113834,Gynura procumbens_CWVRJTMFETXNAD
2391,gynura procumbens (lour.) merr,gmp,Gynura procumbens,Gynura procumbens (Lour.) Merr.,RQFCJASXJCIDSX,10.1016/j.jep.2021.113834,Gynura procumbens_RQFCJASXJCIDSX
2392,gynura procumbens (lour.) merr,gmp-1,Gynura procumbens,Gynura procumbens (Lour.) Merr.,VLIFNKSAADIPPR,10.1016/j.jep.2021.113834,Gynura procumbens_VLIFNKSAADIPPR
2393,gynura procumbens (lour.) merr,β-sitosterol,Gynura procumbens,Gynura procumbens (Lour.) Merr.,KZJWDPNRJALLNS,10.1016/j.jep.2021.113834,Gynura procumbens_KZJWDPNRJALLNS
2394,gynura procumbens (lour.) merr,apigenin,Gynura procumbens,Gynura procumbens (Lour.) Merr.,KZNIFHPLKGYRTM,10.1016/j.jep.2021.113834,Gynura procumbens_KZNIFHPLKGYRTM
2395,gynura procumbens (lour.) merr,eriocitrin,Gynura procumbens,Gynura procumbens (Lour.) Merr.,OMQADRGFMLGFJF,10.1016/j.jep.2021.113834,Gynura procumbens_OMQADRGFMLGFJF
2396,gynura procumbens (lour.) merr,kaempferol-3-o-rutinoside,Gynura procumbens,Gynura procumbens (Lour.) Merr.,RTATXGUCZHCSNG,10.1016/j.jep.2021.113834,Gynura procumbens_RTATXGUCZHCSNG
2397,gynura procumbens (lour.) merr,vanillic acid,Gynura procumbens,Gynura procumbens (Lour.) Merr.,WKOLLVMJNQIZCI,10.1016/j.jep.2021.113834,Gynura procumbens_WKOLLVMJNQIZCI
2398,gynura procumbens (lour.) merr,kaempferol,Gynura procumbens,Gynura procumbens (Lour.) Merr.,IYRMWMYZSQPJKC,10.1016/j.jep.2021.113834,Gynura procumbens_IYRMWMYZSQPJKC
2399,gynura procumbens (lour.) merr,myricetin,Gynura procumbens,Gynura procumbens (Lour.) Merr.,IKMDFBPHZNJCSN,10.1016/j.jep.2021.113834,Gynura procumbens_IKMDFBPHZNJCSN
2400,gynura procumbens (lour.) merr,homoorientin,Gynura procumbens,Gynura procumbens (Lour.) Merr.,ODBRNZZJSYPIDI,10.1016/j.jep.2021.113834,Gynura procumbens_ODBRNZZJSYPIDI
2401,gynura procumbens (lour.) merr,daucosterol,Gynura procumbens,Gynura procumbens (Lour.) Merr.,NPJICTMALKLTFW,10.1016/j.jep.2021.113834,Gynura procumbens_NPJICTMALKLTFW
2402,gynura procumbens (lour.) merr,caffeic acid,Gynura procumbens,Gynura procumbens (Lour.) Merr.,QAIPRVGONGVQAS,10.1016/j.jep.2021.113834,Gynura procumbens_QAIPRVGONGVQAS
2403,gynura procumbens (lour.) merr,quercetin,Gynura procumbens,Gynura procumbens (Lour.) Merr.,REFJWTPEDVJJIY,10.1016/j.jep.2021.113834,Gynura procumbens_REFJWTPEDVJJIY
2404,gynura procumbens (lour.) merr,protocatechuic acid,Gynura procumbens,Gynura procumbens (Lour.) Merr.,YQUVCSBJEUQKSH,10.1016/j.jep.2021.113834,Gynura procumbens_YQUVCSBJEUQKSH
2405,gynura procumbens (lour.) merr,p-coumaric acid,Gynura procumbens,Gynura procumbens (Lour.) Merr.,NGSWKAQJJWESNS,10.1016/j.jep.2021.113834,Gynura procumbens_NGSWKAQJJWESNS
2406,gynura procumbens (lour.) merr,syringic acid,Gynura procumbens,Gynura procumbens (Lour.) Merr.,JMSVCTWVEWCHDZ,10.1016/j.jep.2021.113834,Gynura procumbens_JMSVCTWVEWCHDZ
2407,gynura procumbens (lour.) merr,gallic acid,Gynura procumbens,Gynura procumbens (Lour.) Merr.,LNTHITQWFMADLM,10.1016/j.jep.2021.113834,Gynura procumbens_LNTHITQWFMADLM
2408,gynura procumbens (lour.) merr,5α-stigmastan-3-one,Gynura procumbens,Gynura procumbens (Lour.) Merr.,BVVFRHKBULZQCQ,10.1016/j.jep.2021.113834,Gynura procumbens_BVVFRHKBULZQCQ
2409,gynura procumbens (lour.) merr,sinapic acid,Gynura procumbens,Gynura procumbens (Lour.) Merr.,PCMORTLOPMLEFB,10.1016/j.jep.2021.113834,Gynura procumbens_PCMORTLOPMLEFB
2410,gynura pseudochina (l.) dc,rutin,Gynura pseudochina,Gynura pseudochina (L.) DC.,IKGXIBQEEMLURG,10.1016/j.jep.2021.113834,Gynura pseudochina_IKGXIBQEEMLURG
2411,gynura pseudochina (l.) dc,p-coumaric acid,Gynura pseudochina,Gynura pseudochina (L.) DC.,NGSWKAQJJWESNS,10.1016/j.jep.2021.113834,Gynura pseudochina_NGSWKAQJJWESNS
2412,gynura pseudochina (l.) dc,β-stigmasterol,Gynura pseudochina,Gynura pseudochina (L.) DC.,HCXVJBMSMIARIN,10.1016/j.jep.2021.113834,Gynura pseudochina_HCXVJBMSMIARIN
2413,gynura pseudochina (l.) dc,caffeic acid,Gynura pseudochina,Gynura pseudochina (L.) DC.,QAIPRVGONGVQAS,10.1016/j.jep.2021.113834,Gynura pseudochina_QAIPRVGONGVQAS
2414,gynura pseudochina (l.) dc,chlorogenic acid,Gynura pseudochina,Gynura pseudochina (L.) DC.,CWVRJTMFETXNAD,10.1016/j.jep.2021.113834,Gynura pseudochina_CWVRJTMFETXNAD
2415,gynura pseudochina (l.) dc,senkirkine,Gynura pseudochina,Gynura pseudochina (L.) DC.,HPDHKHMHQGCNPE,10.1016/j.jep.2021.113834,Gynura pseudochina_HPDHKHMHQGCNPE
2416,gynura pseudochina (l.) dc,5-o-caffeoylquinic acid,Gynura pseudochina,Gynura pseudochina (L.) DC.,CWVRJTMFETXNAD,10.1016/j.jep.2021.113834,Gynura pseudochina_CWVRJTMFETXNAD
2417,gynura pseudochina (l.) dc,"4,5-dicaffeoylquinic acid",Gynura pseudochina,Gynura pseudochina (L.) DC.,UFCLZKMFXSILNL,10.1016/j.jep.2021.113834,Gynura pseudochina_UFCLZKMFXSILNL
2418,gynura pseudochina (l.) dc,β-sitosterol,Gynura pseudochina,Gynura pseudochina (L.) DC.,KZJWDPNRJALLNS,10.1016/j.jep.2021.113834,Gynura pseudochina_KZJWDPNRJALLNS
2419,homalanthus acuminatus (müll. arg.) pax,"ent-16s,17-dihydroxykauran-3-one",Homalanthus acuminatus,Homalanthus acuminatus (Müll.Arg.) Pax,MPDUJZZNNBJFAB,10.1016/j.fitote.2023.105466,Homalanthus acuminatus_MPDUJZZNNBJFAB
2420,homalanthus acuminatus (müll. arg.) pax,"ent-3s-hydroxy-atis-16(17)-en-1,4-dione",Homalanthus acuminatus,Homalanthus acuminatus (Müll.Arg.) Pax,DSGJNNDCMDMSTM,10.1016/j.fitote.2023.105466,Homalanthus acuminatus_DSGJNNDCMDMSTM
2422,homalanthus nervosus j.j. sm,β-stigmasterol,Homalanthus nervosus,Homalanthus nervosus J.J.Sm.,HCXVJBMSMIARIN,10.1016/j.fitote.2023.105466,Homalanthus nervosus_HCXVJBMSMIARIN
2423,homalanthus nervosus j.j. sm,scoparone,Homalanthus nervosus,Homalanthus nervosus J.J.Sm.,GUAFOGOEJLSQBT,10.1016/j.fitote.2023.105466,Homalanthus nervosus_GUAFOGOEJLSQBT
2424,homalanthus nervosus j.j. sm,hyperoside,Homalanthus nervosus,Homalanthus nervosus J.J.Sm.,OVSQVDMCBVZWGM,10.1016/j.fitote.2023.105466,Homalanthus nervosus_OVSQVDMCBVZWGM
2425,homalanthus polyandrus (hook. f. ex müll. arg.) g. nicholson,β-sitosterol,Homalanthus polyandrus,Homalanthus polyandrus (Hook.f. ex Müll.Arg.) G.Nicholson,KZJWDPNRJALLNS,10.1016/j.fitote.2023.105466,Homalanthus polyandrus_KZJWDPNRJALLNS
2426,pseudodictamnus africanus (l.) salmaki & siadati,resveratrol,Pseudodictamnus africanus,Pseudodictamnus africanus (L.) Salmaki & Siadati,LUKBXSAWLPMMSZ,10.14719/pst.1629,Pseudodictamnus africanus_LUKBXSAWLPMMSZ
2431,salvia miltiorrhiza bunge,tanshinone ii a sodium sulfonate,Salvia miltiorrhiza,Salvia miltiorrhiza Bunge,AZEZEAABTDXEHR,10.3389/fphar.2024.1483431,Salvia miltiorrhiza_AZEZEAABTDXEHR
2436,olea europaea l,loganic acid,Olea europaea,Olea europaea L.,JNNGEAWILNVFFD,10.1155/2015/541591,Olea europaea_JNNGEAWILNVFFD
2437,olea europaea l,loganin,Olea europaea,Olea europaea L.,AMBQHHVBBHTQBF,10.1155/2015/541591,Olea europaea_AMBQHHVBBHTQBF
2440,olea europaea l,diosmetin,Olea europaea,Olea europaea L.,MBNGWHIJMBWFHU,10.1155/2015/541591,Olea europaea_MBNGWHIJMBWFHU
2441,olea europaea l,suspensaside,Olea europaea,Olea europaea L.,IAXBXCJUSPUULA,10.1155/2015/541591,Olea europaea_IAXBXCJUSPUULA
2443,olea europaea l,chrysoeriol,Olea europaea,Olea europaea L.,SCZVLDHREVKTSH,10.1155/2015/541591,Olea europaea_SCZVLDHREVKTSH
2446,olea europaea l,luteolin-7-o-rutinoside,Olea europaea,Olea europaea L.,LDTDRTSKWGQBAA,10.1155/2015/541591,Olea europaea_LDTDRTSKWGQBAA
2465,olea europaea l,"1-phenyl-6,7-dihydroxy-isochroman",Olea europaea,Olea europaea L.,VRLJYLQPMSKUMO,10.1155/2015/541591,Olea europaea_VRLJYLQPMSKUMO
2466,olea europaea l,7-deoxyloganic acid,Olea europaea,Olea europaea L.,DSXFHNSGLYXPNG,10.1155/2015/541591,Olea europaea_DSXFHNSGLYXPNG
2469,olea europaea l,shikimic-acid,Olea europaea,Olea europaea L.,JXOHGGNKMLTUBP,10.1155/2015/541591,Olea europaea_JXOHGGNKMLTUBP
2471,olea europaea l,4-o-methyl-d-glucuronic acid,Olea europaea,Olea europaea L.,QGGOCWIJGWDKHC,10.1155/2015/541591,Olea europaea_QGGOCWIJGWDKHC
2477,olea europaea l,quercetin-7-o-glucoside,Olea europaea,Olea europaea L.,BBFYUPYFXSSMNV,10.1155/2015/541591,Olea europaea_BBFYUPYFXSSMNV
2479,olea europaea l,chrysoeriol-7-o-glucoside,Olea europaea,Olea europaea L.,GAMYVSCDDLXAQW,10.1155/2015/541591,Olea europaea_GAMYVSCDDLXAQW
2482,olea europaea l,δ-amyrin,Olea europaea,Olea europaea L.,JOCIRBSYAYKMEF,10.1155/2015/541591,Olea europaea_JOCIRBSYAYKMEF
2483,olea europaea l,ligstroside aglycone,Olea europaea,Olea europaea L.,NQLYCRWAQRIPIC,10.1155/2015/541591,Olea europaea_NQLYCRWAQRIPIC
2487,olea europaea l,secologanin,Olea europaea,Olea europaea L.,CSKKDSFETGLMSB,10.1155/2015/541591,Olea europaea_CSKKDSFETGLMSB
2493,olea europaea l,vicenin-2,Olea europaea,Olea europaea L.,FIAAVMJLAGNUKW,10.1155/2015/541591,Olea europaea_FIAAVMJLAGNUKW
2502,olea europaea l,3-[1-(hydroxymethyl)-(e)-1-propenyl] glutaric acid,Olea europaea,Olea europaea L.,FUMUSIMACHNZQF,10.1155/2015/541591,Olea europaea_FUMUSIMACHNZQF
2506,olea europaea l,rosmarinic acid,Olea europaea,Olea europaea L.,DOUMFZQKYFQNTF,10.1155/2015/541591,Olea europaea_DOUMFZQKYFQNTF
2508,olea europaea l,taxifolin,Olea europaea,Olea europaea L.,CXQWRCVTCMQVQX,10.1155/2015/541591,Olea europaea_CXQWRCVTCMQVQX
2510,olea europaea l,quercetin,Olea europaea,Olea europaea L.,REFJWTPEDVJJIY,10.1155/2015/541591,Olea europaea_REFJWTPEDVJJIY
2512,olea europaea l,3-[1-(formyl)-(e)-1-propenyl] glutaric acid,Olea europaea,Olea europaea L.,IVZLDVMNNVAWDA,10.1155/2015/541591,Olea europaea_IVZLDVMNNVAWDA
2515,olea europaea l,hellicoside,Olea europaea,Olea europaea L.,IKASMYQBXBUEQS,10.1155/2015/541591,Olea europaea_IKASMYQBXBUEQS
2516,musa acuminata colla aaa,acetic acid,Musa acuminata,Musa acuminata Colla,QTBSBXVTEAMEQO,10.14393/bj-v37n0a2021-56306,Musa acuminata_QTBSBXVTEAMEQO
2517,musa acuminata colla aaa,formic acid,Musa acuminata,Musa acuminata Colla,BDAGIHXWWSANSR,10.14393/bj-v37n0a2021-56306,Musa acuminata_BDAGIHXWWSANSR
2518,chukrasia tabularis a. juss,epicatechin,Chukrasia tabularis,Chukrasia tabularis A.Juss.,PFTAWBLQPZVEMU,10.14719/pst.8300,Chukrasia tabularis_PFTAWBLQPZVEMU
2519,chukrasia tabularis a. juss,scopoletin,Chukrasia tabularis,Chukrasia tabularis A.Juss.,RODXRVNMMDRFIK,10.14719/pst.8300,Chukrasia tabularis_RODXRVNMMDRFIK
2520,chukrasia tabularis a. juss,cedrelone,Chukrasia tabularis,Chukrasia tabularis A.Juss.,OQMUOVSEPOBWMK,10.14719/pst.8300,Chukrasia tabularis_OQMUOVSEPOBWMK
2521,chukrasia tabularis a. juss,gallic acid,Chukrasia tabularis,Chukrasia tabularis A.Juss.,LNTHITQWFMADLM,10.14719/pst.8300,Chukrasia tabularis_LNTHITQWFMADLM
2522,chukrasia tabularis a. juss,quercetin-3-galactoside,Chukrasia tabularis,Chukrasia tabularis A.Juss.,OVSQVDMCBVZWGM,10.14719/pst.8300,Chukrasia tabularis_OVSQVDMCBVZWGM
2524,chukrasia tabularis a. juss,"6,7-dimethoxycoumarin",Chukrasia tabularis,Chukrasia tabularis A.Juss.,GUAFOGOEJLSQBT,10.14719/pst.8300,Chukrasia tabularis_GUAFOGOEJLSQBT
2525,chukrasia tabularis a. juss,kaempferol,Chukrasia tabularis,Chukrasia tabularis A.Juss.,IYRMWMYZSQPJKC,10.14719/pst.8300,Chukrasia tabularis_IYRMWMYZSQPJKC
2527,chukrasia tabularis a. juss,β-caryophyllene,Chukrasia tabularis,Chukrasia tabularis A.Juss.,NPNUFJAVOOONJE,10.14719/pst.8300,Chukrasia tabularis_NPNUFJAVOOONJE
2528,chukrasia tabularis a. juss,catechin,Chukrasia tabularis,Chukrasia tabularis A.Juss.,PFTAWBLQPZVEMU,10.14719/pst.8300,Chukrasia tabularis_PFTAWBLQPZVEMU
2530,chukrasia tabularis a. juss,melianone,Chukrasia tabularis,Chukrasia tabularis A.Juss.,ZWXPNDUTGNVQEU,10.14719/pst.8300,Chukrasia tabularis_ZWXPNDUTGNVQEU
2531,chukrasia tabularis a. juss,tannic acid,Chukrasia tabularis,Chukrasia tabularis A.Juss.,LRBQNJMCXXYXIU,10.14719/pst.8300,Chukrasia tabularis_LRBQNJMCXXYXIU
2532,chukrasia tabularis a. juss,rutin,Chukrasia tabularis,Chukrasia tabularis A.Juss.,IKGXIBQEEMLURG,10.14719/pst.8300,Chukrasia tabularis_IKGXIBQEEMLURG
2534,chukrasia tabularis a. juss,quercetin,Chukrasia tabularis,Chukrasia tabularis A.Juss.,REFJWTPEDVJJIY,10.14719/pst.8300,Chukrasia tabularis_REFJWTPEDVJJIY
2535,chukrasia tabularis a. juss,limonene,Chukrasia tabularis,Chukrasia tabularis A.Juss.,XMGQYMWWDOXHJM,10.14719/pst.8300,Chukrasia tabularis_XMGQYMWWDOXHJM
2545,persea americana mill,4-hydroxy-5-methylene-3-undecylidenedihydrofuran-2(3h)-one,Persea americana,Persea americana Mill.,YGFBEYXVYDNDKK,10.15562/phytomedicine.2019.99,Persea americana_YGFBEYXVYDNDKK
2547,persea americana mill,violaxanthin,Persea americana,Persea americana Mill.,SZCBXWMUOPQSOX,10.15562/phytomedicine.2019.99,Persea americana_SZCBXWMUOPQSOX
2549,persea americana mill,arachidic acid,Persea americana,Persea americana Mill.,VKOBVWXKNCXXDE,10.15562/phytomedicine.2019.99,Persea americana_VKOBVWXKNCXXDE
2551,persea americana mill,neoxanthin,Persea americana,Persea americana Mill.,PGYAYSRVSAJXTE,10.15562/phytomedicine.2019.99,Persea americana_PGYAYSRVSAJXTE
2553,persea americana mill,behenic acid,Persea americana,Persea americana Mill.,UKMSUNONTOPOIO,10.15562/phytomedicine.2019.99,Persea americana_UKMSUNONTOPOIO
2554,persea americana mill,margaric acid,Persea americana,Persea americana Mill.,KEMQGTRYUADPNZ,10.15562/phytomedicine.2019.99,Persea americana_KEMQGTRYUADPNZ
2555,persea americana mill,coenzyme q10,Persea americana,Persea americana Mill.,ACTIUHUUMQJHFO,10.15562/phytomedicine.2019.99,Persea americana_ACTIUHUUMQJHFO
2556,persea americana mill,eicosanoic acid,Persea americana,Persea americana Mill.,VKOBVWXKNCXXDE,10.15562/phytomedicine.2019.99,Persea americana_VKOBVWXKNCXXDE
2557,persea americana mill,lignoceric acid,Persea americana,Persea americana Mill.,QZZGJDVWLFXDLK,10.15562/phytomedicine.2019.99,Persea americana_QZZGJDVWLFXDLK
2558,persea americana mill,β-carotene,Persea americana,Persea americana Mill.,OENHQHLEOONYIE,10.15562/phytomedicine.2019.99,Persea americana_OENHQHLEOONYIE
2560,persea americana mill,zeaxanthin,Persea americana,Persea americana Mill.,JKQXZKUSFCKOGQ,10.15562/phytomedicine.2019.99,Persea americana_JKQXZKUSFCKOGQ
2561,persea americana mill,oleic acid,Persea americana,Persea americana Mill.,ZQPPMHVWECSIRJ,10.15562/phytomedicine.2019.99,Persea americana_ZQPPMHVWECSIRJ
2562,persea americana mill,palmitic acid,Persea americana,Persea americana Mill.,IPCSVZSSVZVIGE,10.15562/phytomedicine.2019.99,Persea americana_IPCSVZSSVZVIGE
2564,persea americana mill,myristic acid,Persea americana,Persea americana Mill.,TUNFSRHWOTWDNC,10.15562/phytomedicine.2019.99,Persea americana_TUNFSRHWOTWDNC
2565,persea americana mill,beta-carotene,Persea americana,Persea americana Mill.,OENHQHLEOONYIE,10.15562/phytomedicine.2019.99,Persea americana_OENHQHLEOONYIE
2567,persea americana mill,α-carotene,Persea americana,Persea americana Mill.,ANVAOWXLWRTKGA,10.15562/phytomedicine.2019.99,Persea americana_ANVAOWXLWRTKGA
2568,persea americana mill,furanoic acid,Persea americana,Persea americana Mill.,SMNDYUVBFMFKNZ,10.15562/phytomedicine.2019.99,Persea americana_SMNDYUVBFMFKNZ
2569,persea americana mill,isorhamnetin,Persea americana,Persea americana Mill.,IZQSVPBOUDKVDZ,10.15562/phytomedicine.2019.99,Persea americana_IZQSVPBOUDKVDZ
2570,persea americana mill,folic acid,Persea americana,Persea americana Mill.,OVBPIULPVIDEAO,10.15562/phytomedicine.2019.99,Persea americana_OVBPIULPVIDEAO
2584,schinus molle l,preisocalamendiol,Schinus molle,Schinus molle L.,QTFJNWQFKJITEE,10.3389/fcvm.2025.1514911,Schinus molle_QTFJNWQFKJITEE
2585,schinus molle l,shyobunol,Schinus molle,Schinus molle L.,WOULTTPZJDSDEI,10.3389/fcvm.2025.1514911,Schinus molle_WOULTTPZJDSDEI
2589,allium cepa,diallyl trisulfide,Allium cepa,Allium cepa L.,UBAXRAHSPKWNCX,10.3389/fcvm.2025.1514911,Allium cepa_UBAXRAHSPKWNCX
2590,allium cepa,s-allyl cysteine,Allium cepa,Allium cepa L.,ZFAHNWWNDFHPOH,10.3389/fcvm.2025.1514911,Allium cepa_ZFAHNWWNDFHPOH
2592,citrus aurantifolia,naringenin,Citrus × aurantiifolia,Citrus × aurantiifolia (Christm.) Swingle,FTVWIRXFELQLPI,10.3389/fcvm.2025.1514911,Citrus × aurantiifolia_FTVWIRXFELQLPI
2593,citrus limon burm. f,diosmetin,Citrus,Citrus L.,MBNGWHIJMBWFHU,10.3389/fcvm.2025.1514911,Citrus_MBNGWHIJMBWFHU
2600,passiflora edulis,piceatannol,Passiflora edulis,Passiflora edulis Sims,CDRPUGZCRXZLFL,10.3389/fcvm.2025.1514911,Passiflora edulis_CDRPUGZCRXZLFL
2601,passiflora edulis,scirpusin b,Passiflora edulis,Passiflora edulis Sims,MTYSFTYBAMMIGE,10.3389/fcvm.2025.1514911,Passiflora edulis_MTYSFTYBAMMIGE
2602,passiflora edulis,chrysin,Passiflora edulis,Passiflora edulis Sims,RTIXKCRFFJGDFG,10.3389/fcvm.2025.1514911,Passiflora edulis_RTIXKCRFFJGDFG
2608,prunus africana,phytol,Prunus africana,Prunus africana (Hook.f.) Kalkman,BOTWFXYSPFMFNR,10.4314/ajtcam.v13i4.,Prunus africana_BOTWFXYSPFMFNR
2609,prunus africana,stigmasterol,Prunus africana,Prunus africana (Hook.f.) Kalkman,HCXVJBMSMIARIN,10.4314/ajtcam.v13i4.,Prunus africana_HCXVJBMSMIARIN
2610,prunus africana,nicotinic acid,Prunus africana,Prunus africana (Hook.f.) Kalkman,PVNIIMVLHYAWGP,10.4314/ajtcam.v13i4.,Prunus africana_PVNIIMVLHYAWGP
2611,prunus africana,benzenedicarboxylic acid,Prunus africana,Prunus africana (Hook.f.) Kalkman,XNGIFLGASWRNHJ,10.4314/ajtcam.v13i4.,Prunus africana_XNGIFLGASWRNHJ
2612,prunus africana,squalene,Prunus africana,Prunus africana (Hook.f.) Kalkman,YYGNTYWPHWGJRM,10.4314/ajtcam.v13i4.,Prunus africana_YYGNTYWPHWGJRM
2614,prunus africana,β-amyrin,Prunus africana,Prunus africana (Hook.f.) Kalkman,JFSHUTJDVKUMTJ,10.4314/ajtcam.v13i4.,Prunus africana_JFSHUTJDVKUMTJ
2616,prunus africana,α-tocopherol,Prunus africana,Prunus africana (Hook.f.) Kalkman,GVJHHUAWPYXKBD,10.4314/ajtcam.v13i4.,Prunus africana_GVJHHUAWPYXKBD
2617,prunus africana,α-amyrin,Prunus africana,Prunus africana (Hook.f.) Kalkman,FSLPMRQHCOLESF,10.4314/ajtcam.v13i4.,Prunus africana_FSLPMRQHCOLESF
2618,prunus africana,vanillin,Prunus africana,Prunus africana (Hook.f.) Kalkman,MWOOGOJBHIARFG,10.4314/ajtcam.v13i4.,Prunus africana_MWOOGOJBHIARFG
2619,agastache foeniculum (pursh) kuntze,sitosterol,Agastache foeniculum,Agastache foeniculum (Pursh) Kuntze,KZJWDPNRJALLNS,10.1007/s11101-014-9349-1,Agastache foeniculum_KZJWDPNRJALLNS
2621,agastache foeniculum (pursh) kuntze,campestanol,Agastache foeniculum,Agastache foeniculum (Pursh) Kuntze,ARYTXMNEANMLMU,10.1007/s11101-014-9349-1,Agastache foeniculum_ARYTXMNEANMLMU
2624,agastache foeniculum (pursh) kuntze,bornyl acetate,Agastache foeniculum,Agastache foeniculum (Pursh) Kuntze,KGEKLUUHTZCSIP,10.1007/s11101-014-9349-1,Agastache foeniculum_KGEKLUUHTZCSIP
2625,agastache foeniculum (pursh) kuntze,quercetin,Agastache foeniculum,Agastache foeniculum (Pursh) Kuntze,REFJWTPEDVJJIY,10.1007/s11101-014-9349-1,Agastache foeniculum_REFJWTPEDVJJIY
2626,agastache foeniculum (pursh) kuntze,apigenin,Agastache foeniculum,Agastache foeniculum (Pursh) Kuntze,KZNIFHPLKGYRTM,10.1007/s11101-014-9349-1,Agastache foeniculum_KZNIFHPLKGYRTM
2627,agastache foeniculum (pursh) kuntze,β-amyrin,Agastache foeniculum,Agastache foeniculum (Pursh) Kuntze,JFSHUTJDVKUMTJ,10.1007/s11101-014-9349-1,Agastache foeniculum_JFSHUTJDVKUMTJ
2630,agastache foeniculum (pursh) kuntze,campesterol,Agastache foeniculum,Agastache foeniculum (Pursh) Kuntze,SGNBVLSWZMBQTH,10.1007/s11101-014-9349-1,Agastache foeniculum_SGNBVLSWZMBQTH
2631,agastache foeniculum (pursh) kuntze,stigmasterol,Agastache foeniculum,Agastache foeniculum (Pursh) Kuntze,HCXVJBMSMIARIN,10.1007/s11101-014-9349-1,Agastache foeniculum_HCXVJBMSMIARIN
2635,agastache foeniculum (pursh) kuntze,α-amyrin,Agastache foeniculum,Agastache foeniculum (Pursh) Kuntze,FSLPMRQHCOLESF,10.1007/s11101-014-9349-1,Agastache foeniculum_FSLPMRQHCOLESF
2638,agastache foeniculum (pursh) kuntze,stigmastanol,Agastache foeniculum,Agastache foeniculum (Pursh) Kuntze,LGJMUZUPVCAVPU,10.1007/s11101-014-9349-1,Agastache foeniculum_LGJMUZUPVCAVPU
2639,agastache foeniculum (pursh) kuntze,antheraxanthin,Agastache foeniculum,Agastache foeniculum (Pursh) Kuntze,OFNSUWBAQRCHAV,10.1007/s11101-014-9349-1,Agastache foeniculum_OFNSUWBAQRCHAV
2641,agastache foeniculum (pursh) kuntze,pulegone,Agastache foeniculum,Agastache foeniculum (Pursh) Kuntze,NZGWDASTMWDZIW,10.1007/s11101-014-9349-1,Agastache foeniculum_NZGWDASTMWDZIW
2642,agastache mexicana (kunth) lint & epling,acacetin,Agastache mexicana,Agastache mexicana (Kunth) Lint & Epling,DANYIYRPLHHOCZ,10.1007/s11101-014-9349-1,Agastache mexicana_DANYIYRPLHHOCZ
2643,agastache mexicana (kunth) lint & epling,ursolic acid,Agastache mexicana,Agastache mexicana (Kunth) Lint & Epling,WCGUUGGRBIKTOS,10.1007/s11101-014-9349-1,Agastache mexicana_WCGUUGGRBIKTOS
2644,agastache mexicana (kunth) lint & epling,(+)-catechin,Agastache mexicana,Agastache mexicana (Kunth) Lint & Epling,PFTAWBLQPZVEMU,10.1007/s11101-014-9349-1,Agastache mexicana_PFTAWBLQPZVEMU
2645,agastache mexicana (kunth) lint & epling,hesperetin,Agastache mexicana,Agastache mexicana (Kunth) Lint & Epling,AIONOLUJZLIMTK,10.1007/s11101-014-9349-1,Agastache mexicana_AIONOLUJZLIMTK
2646,agastache mexicana (kunth) lint & epling,tilianin,Agastache mexicana,Agastache mexicana (Kunth) Lint & Epling,NLZCOTZRUWYPTP,10.1007/s11101-014-9349-1,Agastache mexicana_NLZCOTZRUWYPTP
2648,agastache mexicana (kunth) lint & epling,salvigenin,Agastache mexicana,Agastache mexicana (Kunth) Lint & Epling,QCDYOIZVELGOLZ,10.1007/s11101-014-9349-1,Agastache mexicana_QCDYOIZVELGOLZ
2649,agastache mexicana (kunth) lint & epling,quercetin,Agastache mexicana,Agastache mexicana (Kunth) Lint & Epling,REFJWTPEDVJJIY,10.1007/s11101-014-9349-1,Agastache mexicana_REFJWTPEDVJJIY
2650,agastache mexicana (kunth) lint & epling,kaempferol,Agastache mexicana,Agastache mexicana (Kunth) Lint & Epling,IYRMWMYZSQPJKC,10.1007/s11101-014-9349-1,Agastache mexicana_IYRMWMYZSQPJKC
2652,agastache mexicana (kunth) lint & epling,apigenin,Agastache mexicana,Agastache mexicana (Kunth) Lint & Epling,KZNIFHPLKGYRTM,10.1007/s11101-014-9349-1,Agastache mexicana_KZNIFHPLKGYRTM
2653,agastache mexicana (kunth) lint & epling,estragole,Agastache mexicana,Agastache mexicana (Kunth) Lint & Epling,ZFMSMUAANRJZFM,10.1007/s11101-014-9349-1,Agastache mexicana_ZFMSMUAANRJZFM
2654,agastache mexicana (kunth) lint & epling,pulegone,Agastache mexicana,Agastache mexicana (Kunth) Lint & Epling,NZGWDASTMWDZIW,10.1007/s11101-014-9349-1,Agastache mexicana_NZGWDASTMWDZIW
2655,agastache mexicana (kunth) lint & epling,oleanolic acid,Agastache mexicana,Agastache mexicana (Kunth) Lint & Epling,MIJYXULNPSFWEK,10.1007/s11101-014-9349-1,Agastache mexicana_MIJYXULNPSFWEK
2657,agastache rugosa (fisch. & c.a.mey.) kuntze,corosolic acid,Agastache rugosa,Agastache rugosa (Fisch. & C.A.Mey.) Kuntze,HFGSQOYIOKBQOW,10.1007/s11101-014-9349-1,Agastache rugosa_HFGSQOYIOKBQOW
2658,agastache rugosa (fisch. & c.a.mey.) kuntze,maslinic acid,Agastache rugosa,Agastache rugosa (Fisch. & C.A.Mey.) Kuntze,MDZKJHQSJHYOHJ,10.1007/s11101-014-9349-1,Agastache rugosa_MDZKJHQSJHYOHJ
2659,agastache rugosa (fisch. & c.a.mey.) kuntze,linarin,Agastache rugosa,Agastache rugosa (Fisch. & C.A.Mey.) Kuntze,YFVGIJBUXMQFOF,10.1007/s11101-014-9349-1,Agastache rugosa_YFVGIJBUXMQFOF
2660,agastache rugosa (fisch. & c.a.mey.) kuntze,daucosterol,Agastache rugosa,Agastache rugosa (Fisch. & C.A.Mey.) Kuntze,NPJICTMALKLTFW,10.1007/s11101-014-9349-1,Agastache rugosa_NPJICTMALKLTFW
2663,agastache rugosa (fisch. & c.a.mey.) kuntze,viridiflorol,Agastache rugosa,Agastache rugosa (Fisch. & C.A.Mey.) Kuntze,AYXPYQRXGNDJFU,10.1007/s11101-014-9349-1,Agastache rugosa_AYXPYQRXGNDJFU
2664,agastache rugosa (fisch. & c.a.mey.) kuntze,dehydroagastol,Agastache rugosa,Agastache rugosa (Fisch. & C.A.Mey.) Kuntze,YAYJIXJFUFMWFD,10.1007/s11101-014-9349-1,Agastache rugosa_YAYJIXJFUFMWFD
2669,agastache rugosa (fisch. & c.a.mey.) kuntze,β-muurolene,Agastache rugosa,Agastache rugosa (Fisch. & C.A.Mey.) Kuntze,USDOQCCMRDNVAH,10.1007/s11101-014-9349-1,Agastache rugosa_USDOQCCMRDNVAH
2671,agastache rugosa (fisch. & c.a.mey.) kuntze,zeaxanthin,Agastache rugosa,Agastache rugosa (Fisch. & C.A.Mey.) Kuntze,JKQXZKUSFCKOGQ,10.1007/s11101-014-9349-1,Agastache rugosa_JKQXZKUSFCKOGQ
2675,agastache rugosa (fisch. & c.a.mey.) kuntze,violaxanthin,Agastache rugosa,Agastache rugosa (Fisch. & C.A.Mey.) Kuntze,SZCBXWMUOPQSOX,10.1007/s11101-014-9349-1,Agastache rugosa_SZCBXWMUOPQSOX
2680,agastache rugosa (fisch. & c.a.mey.) kuntze,lutein,Agastache rugosa,Agastache rugosa (Fisch. & C.A.Mey.) Kuntze,KBPHJBAIARWVSC,10.1007/s11101-014-9349-1,Agastache rugosa_KBPHJBAIARWVSC
2681,agastache rugosa (fisch. & c.a.mey.) kuntze,antheraxanthin,Agastache rugosa,Agastache rugosa (Fisch. & C.A.Mey.) Kuntze,OFNSUWBAQRCHAV,10.1007/s11101-014-9349-1,Agastache rugosa_OFNSUWBAQRCHAV
2685,agastache rugosa (fisch. & c.a.mey.) kuntze,β-carotene,Agastache rugosa,Agastache rugosa (Fisch. & C.A.Mey.) Kuntze,OENHQHLEOONYIE,10.1007/s11101-014-9349-1,Agastache rugosa_OENHQHLEOONYIE
2686,agastache rugosa (fisch. & c.a.mey.) kuntze,elixene,Agastache rugosa,Agastache rugosa (Fisch. & C.A.Mey.) Kuntze,BQSLMQNYHVFRDT,10.1007/s11101-014-9349-1,Agastache rugosa_BQSLMQNYHVFRDT
2687,agastache rugosa (fisch. & c.a.mey.) kuntze,β-sitosterol,Agastache rugosa,Agastache rugosa (Fisch. & C.A.Mey.) Kuntze,KZJWDPNRJALLNS,10.1007/s11101-014-9349-1,Agastache rugosa_KZJWDPNRJALLNS
2688,agastache rugosa (fisch. & c.a.mey.) kuntze,γ-muurolene,Agastache rugosa,Agastache rugosa (Fisch. & C.A.Mey.) Kuntze,WRHGORWNJGOVQY,10.1007/s11101-014-9349-1,Agastache rugosa_WRHGORWNJGOVQY
2692,agastache scrophulariifolia (willd.) kuntze,estragole,Agastache scrophulariifolia,Agastache scrophulariifolia (Willd.) Kuntze,ZFMSMUAANRJZFM,10.1007/s11101-014-9349-1,Agastache scrophulariifolia_ZFMSMUAANRJZFM
2693,agastache scrophulariifolia (willd.) kuntze,pulegone,Agastache scrophulariifolia,Agastache scrophulariifolia (Willd.) Kuntze,NZGWDASTMWDZIW,10.1007/s11101-014-9349-1,Agastache scrophulariifolia_NZGWDASTMWDZIW
2696,agastache nepetoides (l.) kuntze,δ-cadinol,Agastache nepetoides,Agastache nepetoides (L.) Kuntze,LHYHMMRYTDARSZ,10.1007/s11101-014-9349-1,Agastache nepetoides_LHYHMMRYTDARSZ
2697,agastache nepetoides (l.) kuntze,spathulenol,Agastache nepetoides,Agastache nepetoides (L.) Kuntze,FRMCCTDTYSRUBE,10.1007/s11101-014-9349-1,Agastache nepetoides_FRMCCTDTYSRUBE
2698,agastache nepetoides (l.) kuntze,β-caryophyllene,Agastache nepetoides,Agastache nepetoides (L.) Kuntze,NPNUFJAVOOONJE,10.1007/s11101-014-9349-1,Agastache nepetoides_NPNUFJAVOOONJE
2699,agastache pallida (lindl.) cory var. pallida,cirsimaritin,Agastache pallida var. pallida,Agastache pallida var. pallida,ZIIAJIWLQUVGHB,10.1007/s11101-014-9349-1,Agastache pallida var. pallida_ZIIAJIWLQUVGHB
2700,agastache pallida (lindl.) cory var. pallida,acacetin,Agastache pallida var. pallida,Agastache pallida var. pallida,DANYIYRPLHHOCZ,10.1007/s11101-014-9349-1,Agastache pallida var. pallida_DANYIYRPLHHOCZ
2702,spondias mombin linn,6-methylheptyl pentadecanoate,Spondias mombin,Spondias mombin L.,GBAMEDLEEYIONB,10.17159/sajs.2024/14913,Spondias mombin_GBAMEDLEEYIONB
2703,spondias mombin linn,"6-methylheptyl-15-(1,2,3,4,4a,8a-hexahydronaphthalen-1-yl)pentadecanoate",Spondias mombin,Spondias mombin L.,DIKBNAQQSTXQAI,10.17159/sajs.2024/14913,Spondias mombin_DIKBNAQQSTXQAI
2709,cyperus difformis l,"1,2-benzenedicarboxylic acid",Cyperus difformis,Cyperus difformis L.,XNGIFLGASWRNHJ,10.15835/nbha50312918,Cyperus difformis_XNGIFLGASWRNHJ
2710,cyperus difformis l,"1,4-dimethylbenzene",Cyperus difformis,Cyperus difformis L.,URLKBWYHVLBVBO,10.15835/nbha50312918,Cyperus difformis_URLKBWYHVLBVBO
2711,cyperus difformis l,"benzene, 1,3-dimethyl-5-(1-methylethyl)-",Cyperus difformis,Cyperus difformis L.,RMKJTYPFCFNTGQ,10.15835/nbha50312918,Cyperus difformis_RMKJTYPFCFNTGQ
2712,cyperus difformis l,methyl hexadecanoate,Cyperus difformis,Cyperus difformis L.,FLIACVVOZYBSBS,10.15835/nbha50312918,Cyperus difformis_FLIACVVOZYBSBS
2713,cyperus difformis l,ethyl tridecanoate,Cyperus difformis,Cyperus difformis L.,QJYYMNOTJXIOBP,10.15835/nbha50312918,Cyperus difformis_QJYYMNOTJXIOBP
2714,cyperus difformis l,"tributyl butane-1,2,4-tricarboxylate",Cyperus difformis,Cyperus difformis L.,BTGZLRVENLYOBI,10.15835/nbha50312918,Cyperus difformis_BTGZLRVENLYOBI
2715,cyperus difformis l,n-eicosanoic acid,Cyperus difformis,Cyperus difformis L.,VKOBVWXKNCXXDE,10.15835/nbha50312918,Cyperus difformis_VKOBVWXKNCXXDE
2716,cyperus difformis l,"1,2,4,5-tetramethylbenzene",Cyperus difformis,Cyperus difformis L.,SQNZJJAZBFDUTD,10.15835/nbha50312918,Cyperus difformis_SQNZJJAZBFDUTD
2717,cyperus difformis l,"cis-1,4-dimethylcyclohexane",Cyperus difformis,Cyperus difformis L.,QRMPKOFEUHIBNM,10.15835/nbha50312918,Cyperus difformis_QRMPKOFEUHIBNM
2718,cyperus difformis l,"1,3,5,7-cyclooctatetraene",Cyperus difformis,Cyperus difformis L.,KDUIUFJBNGTBMD,10.15835/nbha50312918,Cyperus difformis_KDUIUFJBNGTBMD
2719,cyperus difformis l,pentadecanoic acid,Cyperus difformis,Cyperus difformis L.,WQEPLUUGTLDZJY,10.15835/nbha50312918,Cyperus difformis_WQEPLUUGTLDZJY
2720,cyperus difformis l,di-n-octyl adipate,Cyperus difformis,Cyperus difformis L.,NEHDRDVHPTWWFG,10.15835/nbha50312918,Cyperus difformis_NEHDRDVHPTWWFG
2721,cyperus difformis l,(6z)-6-octadecenoic acid,Cyperus difformis,Cyperus difformis L.,CNVZJPUDSLNTQU,10.15835/nbha50312918,Cyperus difformis_CNVZJPUDSLNTQU
2722,cyperus difformis l,n-octane,Cyperus difformis,Cyperus difformis L.,TVMXDCGIABBOFY,10.15835/nbha50312918,Cyperus difformis_TVMXDCGIABBOFY
2723,cyperus difformis l,"9-octadecenamide, n,n-dimethyl-",Cyperus difformis,Cyperus difformis L.,GAXDEROCNMZYCS,10.15835/nbha50312918,Cyperus difformis_GAXDEROCNMZYCS
2724,cyperus difformis l,"4-ethyl-1,2-dimethylbenzene",Cyperus difformis,Cyperus difformis L.,SBUYFICWQNHBCM,10.15835/nbha50312918,Cyperus difformis_SBUYFICWQNHBCM
2725,cyperus difformis l,n-hexan-1-ol,Cyperus difformis,Cyperus difformis L.,ZSIAUFGUXNUGDI,10.15835/nbha50312918,Cyperus difformis_ZSIAUFGUXNUGDI
2726,cyperus difformis l,"bicyclo[4.2.0]octa-1,3,5-triene",Cyperus difformis,Cyperus difformis L.,UMIVXZPTRXBADB,10.15835/nbha50312918,Cyperus difformis_UMIVXZPTRXBADB
2727,cyperus difformis l,"methyl (11e, 14e)-11,14-icosadienoate",Cyperus difformis,Cyperus difformis L.,GWJCFAOQCNNFAM,10.15835/nbha50312918,Cyperus difformis_GWJCFAOQCNNFAM
2728,cyperus difformis l,4-methylheptanamide,Cyperus difformis,Cyperus difformis L.,SIMJIIQYIHXPJG,10.15835/nbha50312918,Cyperus difformis_SIMJIIQYIHXPJG
2729,cyperus difformis l,"trans-1,2-dimethylcyclohexane",Cyperus difformis,Cyperus difformis L.,KVZJLSYJROEPSQ,10.15835/nbha50312918,Cyperus difformis_KVZJLSYJROEPSQ
2730,cyperus difformis l,"1,2,4-trimethylbenzene",Cyperus difformis,Cyperus difformis L.,GWHJZXXIDMPWGX,10.15835/nbha50312918,Cyperus difformis_GWHJZXXIDMPWGX
2733,psidium guajava l,octadecane,Psidium guajava,Psidium guajava L.,RZJRJXONCZWCBN,10.15562/phytomedicine.2018.58,Psidium guajava_RZJRJXONCZWCBN
2739,psidium guajava l,gossypetin,Psidium guajava,Psidium guajava L.,YRRAGUMVDQQZIY,10.15562/phytomedicine.2018.58,Psidium guajava_YRRAGUMVDQQZIY
2748,psidium guajava l,kaempferol,Psidium guajava,Psidium guajava L.,IYRMWMYZSQPJKC,10.15562/phytomedicine.2018.58,Psidium guajava_IYRMWMYZSQPJKC
2749,psidium guajava l,isopropyl alcohol,Psidium guajava,Psidium guajava L.,KFZMGEQAYNKOFK,10.15562/phytomedicine.2018.58,Psidium guajava_KFZMGEQAYNKOFK
2750,psidium guajava l,p-hydroxy-benzoic acid,Psidium guajava,Psidium guajava L.,FJKROLUGYXJWQN,10.15562/phytomedicine.2018.58,Psidium guajava_FJKROLUGYXJWQN
2751,psidium guajava l,obtusol,Psidium guajava,Psidium guajava L.,JPQFUHCOKXIWBB,10.15562/phytomedicine.2018.58,Psidium guajava_JPQFUHCOKXIWBB
2766,psidium guajava l,terpenyl acetate,Psidium guajava,Psidium guajava L.,IGODOXYLBBXFDW,10.15562/phytomedicine.2018.58,Psidium guajava_IGODOXYLBBXFDW
2771,psidium guajava l,curcumene,Psidium guajava,Psidium guajava L.,VMYXUZSZMNBRCN,10.15562/phytomedicine.2018.58,Psidium guajava_VMYXUZSZMNBRCN
2774,psidium guajava l,α-patchoulene,Psidium guajava,Psidium guajava L.,KVQOADNSNSUAJT,10.15562/phytomedicine.2018.58,Psidium guajava_KVQOADNSNSUAJT
2776,psidium guajava l,(e)-methyl isoeugenol,Psidium guajava,Psidium guajava L.,NNWHUJCUHAELCL,10.15562/phytomedicine.2018.58,Psidium guajava_NNWHUJCUHAELCL
2781,psidium guajava l,isophytol,Psidium guajava,Psidium guajava L.,KEVYVLWNCKMXJX,10.15562/phytomedicine.2018.58,Psidium guajava_KEVYVLWNCKMXJX
2784,psidium guajava l,guavenoic acid,Psidium guajava,Psidium guajava L.,SFVOHAIMNZSMBM,10.15562/phytomedicine.2018.58,Psidium guajava_SFVOHAIMNZSMBM
2785,psidium guajava l,longicyclene,Psidium guajava,Psidium guajava L.,WCEIQUQVIOGRBF,10.15562/phytomedicine.2018.58,Psidium guajava_WCEIQUQVIOGRBF
2786,psidium guajava l,chrysin 6-c-glucoside,Psidium guajava,Psidium guajava L.,KLLCDVSOGLKTDV,10.15562/phytomedicine.2018.58,Psidium guajava_KLLCDVSOGLKTDV
2793,psidium guajava l,carotenoids,Psidium guajava,Psidium guajava L.,FLFJZZNKVVNCFQ,10.15562/phytomedicine.2018.58,Psidium guajava_FLFJZZNKVVNCFQ
2797,psidium guajava l,phytol,Psidium guajava,Psidium guajava L.,BOTWFXYSPFMFNR,10.15562/phytomedicine.2018.58,Psidium guajava_BOTWFXYSPFMFNR
2802,psidium guajava l,tamarixetin,Psidium guajava,Psidium guajava L.,FPLMIPQZHHQWHN,10.15562/phytomedicine.2018.58,Psidium guajava_FPLMIPQZHHQWHN
2804,psidium guajava l,γ-pinene,Psidium guajava,Psidium guajava L.,XJBOZKOSICCONT,10.15562/phytomedicine.2018.58,Psidium guajava_XJBOZKOSICCONT
2808,psidium guajava l,apigenin-7-o-glucoside,Psidium guajava,Psidium guajava L.,KMOUJOKENFFTPU,10.15562/phytomedicine.2018.58,Psidium guajava_KMOUJOKENFFTPU
2810,psidium guajava l,menthol,Psidium guajava,Psidium guajava L.,NOOLISFMXDJSKH,10.15562/phytomedicine.2018.58,Psidium guajava_NOOLISFMXDJSKH
2816,nigella sativa l,β-caryophyllene,Nigella sativa,Nigella sativa L.,NPNUFJAVOOONJE,10.1016/j.biopha.2021.112182,Nigella sativa_NPNUFJAVOOONJE
2817,nigella sativa l,cis-thujopsene,Nigella sativa,Nigella sativa L.,WXQGPFZDVCRBME,10.1016/j.biopha.2021.112182,Nigella sativa_WXQGPFZDVCRBME
2818,nigella sativa l,trans-cinnamic acid,Nigella sativa,Nigella sativa L.,WBYWAXJHAXSJNI,10.1016/j.biopha.2021.112182,Nigella sativa_WBYWAXJHAXSJNI
2819,nigella sativa l,citronellyl acetate,Nigella sativa,Nigella sativa L.,JOZKFWLRHCDGJA,10.1016/j.biopha.2021.112182,Nigella sativa_JOZKFWLRHCDGJA
2821,nigella sativa l,bornyl acetate,Nigella sativa,Nigella sativa L.,KGEKLUUHTZCSIP,10.1016/j.biopha.2021.112182,Nigella sativa_KGEKLUUHTZCSIP
2822,nigella sativa l,γ-himachalene,Nigella sativa,Nigella sativa L.,PUWNTRHCKNHSAT,10.1016/j.biopha.2021.112182,Nigella sativa_PUWNTRHCKNHSAT
2824,nigella sativa l,α-curcumene,Nigella sativa,Nigella sativa L.,VMYXUZSZMNBRCN,10.1016/j.biopha.2021.112182,Nigella sativa_VMYXUZSZMNBRCN
2826,nigella sativa l,apigenin,Nigella sativa,Nigella sativa L.,KZNIFHPLKGYRTM,10.1016/j.biopha.2021.112182,Nigella sativa_KZNIFHPLKGYRTM
2827,nigella sativa l,(e)-cinnamaldehyde,Nigella sativa,Nigella sativa L.,KJPRLNWUNMBNBZ,10.1016/j.biopha.2021.112182,Nigella sativa_KJPRLNWUNMBNBZ
2828,nigella sativa l,cis-sabinene hydrate,Nigella sativa,Nigella sativa L.,KXSDPILWMGFJMM,10.1016/j.biopha.2021.112182,Nigella sativa_KXSDPILWMGFJMM
2829,nigella sativa l,iso-longifolene,Nigella sativa,Nigella sativa L.,CQUAYTJDLQBXCQ,10.1016/j.biopha.2021.112182,Nigella sativa_CQUAYTJDLQBXCQ
2831,nigella sativa l,p-cymene-8-ol,Nigella sativa,Nigella sativa L.,XLPDVYGDNRIQFV,10.1016/j.biopha.2021.112182,Nigella sativa_XLPDVYGDNRIQFV
2832,nigella sativa l,epicatechin,Nigella sativa,Nigella sativa L.,PFTAWBLQPZVEMU,10.1016/j.biopha.2021.112182,Nigella sativa_PFTAWBLQPZVEMU
2833,nigella sativa l,"1-ethyl-2,3-dimethyl benzene",Nigella sativa,Nigella sativa L.,QUBBAXISAHIDNM,10.1016/j.biopha.2021.112182,Nigella sativa_QUBBAXISAHIDNM
2835,nigella sativa l,neryl acetate,Nigella sativa,Nigella sativa L.,HIGQPQRQIQDZMP,10.1016/j.biopha.2021.112182,Nigella sativa_HIGQPQRQIQDZMP
2836,nigella sativa l,terpinolene,Nigella sativa,Nigella sativa L.,MOYAFQVGZZPNRA,10.1016/j.biopha.2021.112182,Nigella sativa_MOYAFQVGZZPNRA
2837,nigella sativa l,α-terpinene,Nigella sativa,Nigella sativa L.,YHQGMYUVUMAZJR,10.1016/j.biopha.2021.112182,Nigella sativa_YHQGMYUVUMAZJR
2838,nigella sativa l,"1,8-cineole",Nigella sativa,Nigella sativa L.,WEEGYLXZBRQIMU,10.1016/j.biopha.2021.112182,Nigella sativa_WEEGYLXZBRQIMU
2839,nigella sativa l,"(z,e)-farnesyl acetate",Nigella sativa,Nigella sativa L.,ZGIGZINMAOQWLX,10.1016/j.biopha.2021.112182,Nigella sativa_ZGIGZINMAOQWLX
2840,nigella sativa l,geranyl acetone,Nigella sativa,Nigella sativa L.,HNZUNIKWNYHEJJ,10.1016/j.biopha.2021.112182,Nigella sativa_HNZUNIKWNYHEJJ
2842,nigella sativa l,pentyl hexadec-12-enoate,Nigella sativa,Nigella sativa L.,IGGCZPGKDZKTPZ,10.1016/j.biopha.2021.112182,Nigella sativa_IGGCZPGKDZKTPZ
2843,nigella sativa l,geranial,Nigella sativa,Nigella sativa L.,WTEVQBCEXWBHNA,10.1016/j.biopha.2021.112182,Nigella sativa_WTEVQBCEXWBHNA
2844,nigella sativa l,rosmarinic acid,Nigella sativa,Nigella sativa L.,DOUMFZQKYFQNTF,10.1016/j.biopha.2021.112182,Nigella sativa_DOUMFZQKYFQNTF
2846,nigella sativa l,nerol,Nigella sativa,Nigella sativa L.,GLZPCOQZEFWAFX,10.1016/j.biopha.2021.112182,Nigella sativa_GLZPCOQZEFWAFX
2847,nigella sativa l,chrysin,Nigella sativa,Nigella sativa L.,RTIXKCRFFJGDFG,10.1016/j.biopha.2021.112182,Nigella sativa_RTIXKCRFFJGDFG
2848,nigella sativa l,2-undecanone,Nigella sativa,Nigella sativa L.,KYWIYKKSMDLRDC,10.1016/j.biopha.2021.112182,Nigella sativa_KYWIYKKSMDLRDC
2850,nigella sativa l,δ-cadinene,Nigella sativa,Nigella sativa L.,FUCYIEXQVQJBKY,10.1016/j.biopha.2021.112182,Nigella sativa_FUCYIEXQVQJBKY
2853,nigella sativa l,benzaldehyde,Nigella sativa,Nigella sativa L.,HUMNYLRZRPPJDN,10.1016/j.biopha.2021.112182,Nigella sativa_HUMNYLRZRPPJDN
2854,nigella sativa l,trans-carveol,Nigella sativa,Nigella sativa L.,BAVONGHXFVOKBV,10.1016/j.biopha.2021.112182,Nigella sativa_BAVONGHXFVOKBV
2855,nigella sativa l,trans-α-bergamotene,Nigella sativa,Nigella sativa L.,YMBFCQPIMVLNIU,10.1016/j.biopha.2021.112182,Nigella sativa_YMBFCQPIMVLNIU
2856,nigella sativa l,chlorogenic acid,Nigella sativa,Nigella sativa L.,CWVRJTMFETXNAD,10.1016/j.biopha.2021.112182,Nigella sativa_CWVRJTMFETXNAD
2857,nigella sativa l,flavone,Nigella sativa,Nigella sativa L.,VHBFFQKBGNRLFZ,10.1016/j.biopha.2021.112182,Nigella sativa_VHBFFQKBGNRLFZ
2858,nigella sativa l,umbellulone,Nigella sativa,Nigella sativa L.,LTTVJAQLCIHAFV,10.1016/j.biopha.2021.112182,Nigella sativa_LTTVJAQLCIHAFV
2859,nigella sativa l,caffeic acid,Nigella sativa,Nigella sativa L.,QAIPRVGONGVQAS,10.1016/j.biopha.2021.112182,Nigella sativa_QAIPRVGONGVQAS
2860,nigella sativa l,aromadendrene,Nigella sativa,Nigella sativa L.,ITYNGVSTWVVPIC,10.1016/j.biopha.2021.112182,Nigella sativa_ITYNGVSTWVVPIC
2861,nigella sativa l,pinocarvone,Nigella sativa,Nigella sativa L.,TZDMGBLPGZXHJI,10.1016/j.biopha.2021.112182,Nigella sativa_TZDMGBLPGZXHJI
2863,nigella sativa l,myrtenol,Nigella sativa,Nigella sativa L.,RXBQNMWIQKOSCS,10.1016/j.biopha.2021.112182,Nigella sativa_RXBQNMWIQKOSCS
2864,nigella sativa l,davanone,Nigella sativa,Nigella sativa L.,FJKKZNIYYVEYOL,10.1016/j.biopha.2021.112182,Nigella sativa_FJKKZNIYYVEYOL
2865,nigella sativa l,"1,5,8-p-menthatriene",Nigella sativa,Nigella sativa L.,NJLNIOKPXKKALD,10.1016/j.biopha.2021.112182,Nigella sativa_NJLNIOKPXKKALD
2866,nigella sativa l,trans-β-terpineol,Nigella sativa,Nigella sativa L.,RUJPNZNXGCHGID,10.1016/j.biopha.2021.112182,Nigella sativa_RUJPNZNXGCHGID
2867,nigella sativa l,δ-7-stigmasterol,Nigella sativa,Nigella sativa L.,OQMZNAMGEHIHNN,10.1016/j.biopha.2021.112182,Nigella sativa_OQMZNAMGEHIHNN
2870,nigella sativa l,cuminaldehyde,Nigella sativa,Nigella sativa L.,WTWBUQJHJGUZCY,10.1016/j.biopha.2021.112182,Nigella sativa_WTWBUQJHJGUZCY
2873,nigella sativa l,p-coumaric acid,Nigella sativa,Nigella sativa L.,NGSWKAQJJWESNS,10.1016/j.biopha.2021.112182,Nigella sativa_NGSWKAQJJWESNS
2875,nigella sativa l,β-pinene oxide,Nigella sativa,Nigella sativa L.,OUXAABAEPHHZPC,10.1016/j.biopha.2021.112182,Nigella sativa_OUXAABAEPHHZPC
2876,nigella sativa l,amentoflavone,Nigella sativa,Nigella sativa L.,YUSWMAULDXZHPY,10.1016/j.biopha.2021.112182,Nigella sativa_YUSWMAULDXZHPY
2877,nigella sativa l,α-zingiberene,Nigella sativa,Nigella sativa L.,KKOXKGNSUHTUBV,10.1016/j.biopha.2021.112182,Nigella sativa_KKOXKGNSUHTUBV
2879,nigella sativa l,protocatechuic acid,Nigella sativa,Nigella sativa L.,YQUVCSBJEUQKSH,10.1016/j.biopha.2021.112182,Nigella sativa_YQUVCSBJEUQKSH
2880,nigella sativa l,dl-arabinose,Nigella sativa,Nigella sativa L.,PYMYPHUHKUWMLA,10.1016/j.biopha.2021.112182,Nigella sativa_PYMYPHUHKUWMLA
2881,nigella sativa l,thymohydroquinone dimethylether,Nigella sativa,Nigella sativa L.,VBOKLYBFDDVUCS,10.1016/j.biopha.2021.112182,Nigella sativa_VBOKLYBFDDVUCS
2882,nigella sativa l,α-terpineol,Nigella sativa,Nigella sativa L.,WUOACPNHFRMFPN,10.1016/j.biopha.2021.112182,Nigella sativa_WUOACPNHFRMFPN
2883,nigella sativa l,pentyl pentadec-11-enoate,Nigella sativa,Nigella sativa L.,OCNJRUIKKDPVLN,10.1016/j.biopha.2021.112182,Nigella sativa_OCNJRUIKKDPVLN
2886,nigella sativa l,p-cymen-7-ol,Nigella sativa,Nigella sativa L.,OIGWAXDAPKFNCQ,10.1016/j.biopha.2021.112182,Nigella sativa_OIGWAXDAPKFNCQ
2887,nigella sativa l,dodecanal,Nigella sativa,Nigella sativa L.,HFJRKMMYBMWEAD,10.1016/j.biopha.2021.112182,Nigella sativa_HFJRKMMYBMWEAD
2888,nigella sativa l,p-cymenene,Nigella sativa,Nigella sativa L.,MMSLOZQEMPDGPI,10.1016/j.biopha.2021.112182,Nigella sativa_MMSLOZQEMPDGPI
2889,nigella sativa l,butyric acid hexadecyl ester,Nigella sativa,Nigella sativa L.,NJVKAQGGBANCKG,10.1016/j.biopha.2021.112182,Nigella sativa_NJVKAQGGBANCKG
2890,nigella sativa l,5-hydroxybenzoic acid,Nigella sativa,Nigella sativa L.,IJFXRHURBJZNAO,10.1016/j.biopha.2021.112182,Nigella sativa_IJFXRHURBJZNAO
2891,nigella sativa l,α-humulene,Nigella sativa,Nigella sativa L.,FAMPSKZZVDUYOS,10.1016/j.biopha.2021.112182,Nigella sativa_FAMPSKZZVDUYOS
2895,nigella sativa l,β-elemene,Nigella sativa,Nigella sativa L.,OPFTUNCRGUEPRZ,10.1016/j.biopha.2021.112182,Nigella sativa_OPFTUNCRGUEPRZ
2896,nigella sativa l,salicylic acid,Nigella sativa,Nigella sativa L.,YGSDEFSMJLZEOE,10.1016/j.biopha.2021.112182,Nigella sativa_YGSDEFSMJLZEOE
2897,nigella sativa l,α-copaene,Nigella sativa,Nigella sativa L.,VLXDPFLIRFYIME,10.1016/j.biopha.2021.112182,Nigella sativa_VLXDPFLIRFYIME
2898,nigella sativa l,gallic acid,Nigella sativa,Nigella sativa L.,LNTHITQWFMADLM,10.1016/j.biopha.2021.112182,Nigella sativa_LNTHITQWFMADLM
2899,nigella sativa l,eugenol,Nigella sativa,Nigella sativa L.,RRAFCDWBNXTKKO,10.1016/j.biopha.2021.112182,Nigella sativa_RRAFCDWBNXTKKO
2900,nigella sativa l,γ-elemene,Nigella sativa,Nigella sativa L.,BQSLMQNYHVFRDT,10.1016/j.biopha.2021.112182,Nigella sativa_BQSLMQNYHVFRDT
2901,nigella sativa l,myricetin,Nigella sativa,Nigella sativa L.,IKMDFBPHZNJCSN,10.1016/j.biopha.2021.112182,Nigella sativa_IKMDFBPHZNJCSN
2902,nigella sativa l,trans-piperitol,Nigella sativa,Nigella sativa L.,HPOHAUWWDDPHRS,10.1016/j.biopha.2021.112182,Nigella sativa_HPOHAUWWDDPHRS
2903,nigella sativa l,β-bisabolol,Nigella sativa,Nigella sativa L.,WTVHAMTYZJGJLJ,10.1016/j.biopha.2021.112182,Nigella sativa_WTVHAMTYZJGJLJ
2907,nigella sativa l,n-tetradecane,Nigella sativa,Nigella sativa L.,BGHCVCJVXZWKCC,10.1016/j.biopha.2021.112182,Nigella sativa_BGHCVCJVXZWKCC
2908,nigella sativa l,sinapinic acid,Nigella sativa,Nigella sativa L.,PCMORTLOPMLEFB,10.1016/j.biopha.2021.112182,Nigella sativa_PCMORTLOPMLEFB
2909,nigella sativa l,cis-piperitol,Nigella sativa,Nigella sativa L.,HPOHAUWWDDPHRS,10.1016/j.biopha.2021.112182,Nigella sativa_HPOHAUWWDDPHRS
2910,nigella sativa l,trans-dihydrocarvone,Nigella sativa,Nigella sativa L.,GCRTVIUGJCJVDD,10.1016/j.biopha.2021.112182,Nigella sativa_GCRTVIUGJCJVDD
2911,nigella sativa l,tetradecanal,Nigella sativa,Nigella sativa L.,UHUFTBALEZWWIH,10.1016/j.biopha.2021.112182,Nigella sativa_UHUFTBALEZWWIH
2912,nigella sativa l,vanillic acid,Nigella sativa,Nigella sativa L.,WKOLLVMJNQIZCI,10.1016/j.biopha.2021.112182,Nigella sativa_WKOLLVMJNQIZCI
2913,nigella sativa l,3-hydroxybenzoic acid,Nigella sativa,Nigella sativa L.,IJFXRHURBJZNAO,10.1016/j.biopha.2021.112182,Nigella sativa_IJFXRHURBJZNAO
2914,nigella sativa l,linalool,Nigella sativa,Nigella sativa L.,CDOSHBSSFJOMGT,10.1016/j.biopha.2021.112182,Nigella sativa_CDOSHBSSFJOMGT
2915,nigella sativa l,cis-carveol,Nigella sativa,Nigella sativa L.,BAVONGHXFVOKBV,10.1016/j.biopha.2021.112182,Nigella sativa_BAVONGHXFVOKBV
2917,nigella sativa l,methyl linoleate,Nigella sativa,Nigella sativa L.,WTTJVINHCBCLGX,10.1016/j.biopha.2021.112182,Nigella sativa_WTTJVINHCBCLGX
2918,nigella sativa l,methyl eugenol,Nigella sativa,Nigella sativa L.,ZYEMGPIYFIJGTP,10.1016/j.biopha.2021.112182,Nigella sativa_ZYEMGPIYFIJGTP
2919,nigella sativa l,(z)-caryophyllene,Nigella sativa,Nigella sativa L.,NPNUFJAVOOONJE,10.1016/j.biopha.2021.112182,Nigella sativa_NPNUFJAVOOONJE
2924,nigella sativa l,camphor,Nigella sativa,Nigella sativa L.,DSSYKIVIOFKYAU,10.1016/j.biopha.2021.112182,Nigella sativa_DSSYKIVIOFKYAU
2925,nigella sativa l,naringenin,Nigella sativa,Nigella sativa L.,FTVWIRXFELQLPI,10.1016/j.biopha.2021.112182,Nigella sativa_FTVWIRXFELQLPI
2926,nigella sativa l,p-dihydroxybenzoic acid,Nigella sativa,Nigella sativa L.,JUHCRMVGMSHJSY,10.1016/j.biopha.2021.112182,Nigella sativa_JUHCRMVGMSHJSY
2927,nigella sativa l,trans-sabinene hydrate,Nigella sativa,Nigella sativa L.,KXSDPILWMGFJMM,10.1016/j.biopha.2021.112182,Nigella sativa_KXSDPILWMGFJMM
2929,nigella sativa l,cis-carvyl acetate,Nigella sativa,Nigella sativa L.,YTHRBOFHFYZBRJ,10.1016/j.biopha.2021.112182,Nigella sativa_YTHRBOFHFYZBRJ
2934,nigella sativa l,pinocembrin,Nigella sativa,Nigella sativa L.,URFCJEUYXNAHFI,10.1016/j.biopha.2021.112182,Nigella sativa_URFCJEUYXNAHFI
2935,nigella sativa l,coumarin,Nigella sativa,Nigella sativa L.,ZYGHJZDHTFUPRJ,10.1016/j.biopha.2021.112182,Nigella sativa_ZYGHJZDHTFUPRJ
2938,nigella sativa l,"4,5-epoxy-1-isopropyl-4-methyl-1-cyclohexene",Nigella sativa,Nigella sativa L.,JVQQTQFGLBPBSV,10.1016/j.biopha.2021.112182,Nigella sativa_JVQQTQFGLBPBSV
2940,nigella sativa l,methyl geranate,Nigella sativa,Nigella sativa L.,ACOBBFVLNKYODD,10.1016/j.biopha.2021.112182,Nigella sativa_ACOBBFVLNKYODD
2941,nigella sativa l,α-himachalene,Nigella sativa,Nigella sativa L.,ZJSIKVDEOWWVEH,10.1016/j.biopha.2021.112182,Nigella sativa_ZJSIKVDEOWWVEH
2942,nigella sativa l,β-farnesene,Nigella sativa,Nigella sativa L.,JSNRRGGBADWTMC,10.1016/j.biopha.2021.112182,Nigella sativa_JSNRRGGBADWTMC
2943,nigella sativa l,trans-sabinene hydrate acetate,Nigella sativa,Nigella sativa L.,MYCFGFMJUUNKBN,10.1016/j.biopha.2021.112182,Nigella sativa_MYCFGFMJUUNKBN
2944,nigella sativa l,(z)-isoeugenol acetate,Nigella sativa,Nigella sativa L.,BQEJGEKBRHVBKA,10.1016/j.biopha.2021.112182,Nigella sativa_BQEJGEKBRHVBKA
2945,nigella sativa l,tricyclene,Nigella sativa,Nigella sativa L.,RRBYUSWBLVXTQN,10.1016/j.biopha.2021.112182,Nigella sativa_RRBYUSWBLVXTQN
2946,nigella sativa l,pimaradiene,Nigella sativa,Nigella sativa L.,XDSYKASBVOZOAG,10.1016/j.biopha.2021.112182,Nigella sativa_XDSYKASBVOZOAG
2947,nigella sativa l,syringic acid,Nigella sativa,Nigella sativa L.,JMSVCTWVEWCHDZ,10.1016/j.biopha.2021.112182,Nigella sativa_JMSVCTWVEWCHDZ
2949,nigella sativa l,citronellyl n-butyrate,Nigella sativa,Nigella sativa L.,XQPZQXTWYZAXAK,10.1016/j.biopha.2021.112182,Nigella sativa_XQPZQXTWYZAXAK
2950,nigella sativa l,kaempferol,Nigella sativa,Nigella sativa L.,IYRMWMYZSQPJKC,10.1016/j.biopha.2021.112182,Nigella sativa_IYRMWMYZSQPJKC
2951,nigella sativa l,4-hydroxybenzoic acid,Nigella sativa,Nigella sativa L.,FJKROLUGYXJWQN,10.1016/j.biopha.2021.112182,Nigella sativa_FJKROLUGYXJWQN
2952,nigella sativa l,"(e,e)-farnesyl acetate",Nigella sativa,Nigella sativa L.,ZGIGZINMAOQWLX,10.1016/j.biopha.2021.112182,Nigella sativa_ZGIGZINMAOQWLX
2953,nigella sativa l,cyclosativene,Nigella sativa,Nigella sativa L.,XBWACJDEQIZTPR,10.1016/j.biopha.2021.112182,Nigella sativa_XBWACJDEQIZTPR
2954,nigella sativa l,eicosadienoic acid,Nigella sativa,Nigella sativa L.,XSXIVVZCUAHUJO,10.1016/j.biopha.2021.112182,Nigella sativa_XSXIVVZCUAHUJO
2955,nigella sativa l,galangin,Nigella sativa,Nigella sativa L.,VCCRNZQBSJXYJD,10.1016/j.biopha.2021.112182,Nigella sativa_VCCRNZQBSJXYJD
2956,nigella sativa l,3-methyl nonane,Nigella sativa,Nigella sativa L.,PLZDDPSCZHRBOY,10.1016/j.biopha.2021.112182,Nigella sativa_PLZDDPSCZHRBOY
2958,nigella sativa l,n-decane,Nigella sativa,Nigella sativa L.,DIOQZVSQGTUSAI,10.1016/j.biopha.2021.112182,Nigella sativa_DIOQZVSQGTUSAI
2959,nigella sativa l,1-methyl-3-propyl benzene,Nigella sativa,Nigella sativa L.,QUEBYVKXYIKVSO,10.1016/j.biopha.2021.112182,Nigella sativa_QUEBYVKXYIKVSO
2961,nigella sativa l,β-bisabolene,Nigella sativa,Nigella sativa L.,XZRVRYFILCSYSP,10.1016/j.biopha.2021.112182,Nigella sativa_XZRVRYFILCSYSP
2963,nigella sativa l,trans-2-hydroxycinnamic acid,Nigella sativa,Nigella sativa L.,PMOWTIHVNWZYFI,10.1016/j.biopha.2021.112182,Nigella sativa_PMOWTIHVNWZYFI
2964,nigella sativa l,n-decanoic acid,Nigella sativa,Nigella sativa L.,GHVNFZFCNZKVNT,10.1016/j.biopha.2021.112182,Nigella sativa_GHVNFZFCNZKVNT
2965,nigella sativa l,α-ionone,Nigella sativa,Nigella sativa L.,UZFLPKAIBPNNCA,10.1016/j.biopha.2021.112182,Nigella sativa_UZFLPKAIBPNNCA
2966,nigella sativa l,"methylnonadeca-15,17-dienoate",Nigella sativa,Nigella sativa L.,BDWYJHVGEIPXSA,10.1016/j.biopha.2021.112182,Nigella sativa_BDWYJHVGEIPXSA
2967,nigella sativa l,n-hexadecane,Nigella sativa,Nigella sativa L.,DCAYPVUWAIABOU,10.1016/j.biopha.2021.112182,Nigella sativa_DCAYPVUWAIABOU
2968,nigella sativa l,thymohydroquinone methyl ether,Nigella sativa,Nigella sativa L.,VBOKLYBFDDVUCS,10.1016/j.biopha.2021.112182,Nigella sativa_VBOKLYBFDDVUCS
2970,nigella sativa l,borneol,Nigella sativa,Nigella sativa L.,DTGKSKDOIYIVQL,10.1016/j.biopha.2021.112182,Nigella sativa_DTGKSKDOIYIVQL
2971,nigella sativa l,camphene,Nigella sativa,Nigella sativa L.,CRPUJAZIXJMDBK,10.1016/j.biopha.2021.112182,Nigella sativa_CRPUJAZIXJMDBK
2997,silybum marianum (l.) gaertn,2-hydroxymethyl-5-(2-hydroxypropan-2-yl)phenol,Silybum marianum,Silybum marianum (L.) Gaertn.,SONCSIAOBTZYMD,10.22270/jddt.v9i5.3666,Silybum marianum_SONCSIAOBTZYMD
3001,silybum marianum (l.) gaertn,naringenin,Silybum marianum,Silybum marianum (L.) Gaertn.,FTVWIRXFELQLPI,10.22270/jddt.v9i5.3666,Silybum marianum_FTVWIRXFELQLPI
3003,silybum marianum (l.) gaertn,silymonin,Silybum marianum,Silybum marianum (L.) Gaertn.,YBGWTZSEYYMFJI,10.22270/jddt.v9i5.3666,Silybum marianum_YBGWTZSEYYMFJI
3006,silybum marianum (l.) gaertn,(r)-2-(3-hydroxyl-4-methylphenyl) propan-1-ol,Silybum marianum,Silybum marianum (L.) Gaertn.,VHOPRFFVGRPDLW,10.22270/jddt.v9i5.3666,Silybum marianum_VHOPRFFVGRPDLW
3007,silybum marianum (l.) gaertn,caffeic acid,Silybum marianum,Silybum marianum (L.) Gaertn.,QAIPRVGONGVQAS,10.22270/jddt.v9i5.3666,Silybum marianum_QAIPRVGONGVQAS
3011,silybum marianum (l.) gaertn,chlorogenic acid,Silybum marianum,Silybum marianum (L.) Gaertn.,CWVRJTMFETXNAD,10.22270/jddt.v9i5.3666,Silybum marianum_CWVRJTMFETXNAD
3016,silybum marianum (l.) gaertn,rutin,Silybum marianum,Silybum marianum (L.) Gaertn.,IKGXIBQEEMLURG,10.22270/jddt.v9i5.3666,Silybum marianum_IKGXIBQEEMLURG
3019,silybum marianum (l.) gaertn,coniferin,Silybum marianum,Silybum marianum (L.) Gaertn.,SFLMUHDGSQZDOW,10.22270/jddt.v9i5.3666,Silybum marianum_SFLMUHDGSQZDOW
3022,silybum marianum (l.) gaertn,2-(hydroxymethyl)-5-(2-hydroxypropan-2-yl)phenyl β-d-glucopyranoside,Silybum marianum,Silybum marianum (L.) Gaertn.,GXHWGRRVBLBEBG,10.22270/jddt.v9i5.3666,Silybum marianum_GXHWGRRVBLBEBG
3023,silybum marianum (l.) gaertn,donepezil,Silybum marianum,Silybum marianum (L.) Gaertn.,ADEBPBSSDYVVLD,10.22270/jddt.v9i5.3666,Silybum marianum_ADEBPBSSDYVVLD
3026,silybum marianum (l.) gaertn,morin,Silybum marianum,Silybum marianum (L.) Gaertn.,YXOLAZRVSSWPPT,10.22270/jddt.v9i5.3666,Silybum marianum_YXOLAZRVSSWPPT
3028,silybum marianum (l.) gaertn,apigenin 7-o-β-glucuronide,Silybum marianum,Silybum marianum (L.) Gaertn.,VIAHYBRXOYNMIB,10.22270/jddt.v9i5.3666,Silybum marianum_VIAHYBRXOYNMIB
3032,syzygium cumini (l) skeels,oxalic acid,Syzygium cumini,Syzygium cumini (L.) Skeels,MUBZPKHOEPUJKR,10.30750/ijpbr.5.4.5,Syzygium cumini_MUBZPKHOEPUJKR
3033,syzygium cumini (l) skeels,malic acid,Syzygium cumini,Syzygium cumini (L.) Skeels,BJEPYKJPYRNKOW,10.30750/ijpbr.5.4.5,Syzygium cumini_BJEPYKJPYRNKOW
3036,datura inoxia mill,atropine,Datura,Datura L.,RKUNBYITZUJHSG,10.14393/bj-v36n3a2020-47881,Datura_RKUNBYITZUJHSG
3037,datura inoxia mill,quercetin,Datura,Datura L.,REFJWTPEDVJJIY,10.14393/bj-v36n3a2020-47881,Datura_REFJWTPEDVJJIY
3038,datura inoxia mill,meteloidine,Datura,Datura L.,YZFJTFVPCWEPND,10.14393/bj-v36n3a2020-47881,Datura_YZFJTFVPCWEPND
3039,datura inoxia mill,hyoscyamine,Datura,Datura L.,RKUNBYITZUJHSG,10.14393/bj-v36n3a2020-47881,Datura_RKUNBYITZUJHSG
3041,datura inoxia mill,apigenin,Datura,Datura L.,KZNIFHPLKGYRTM,10.14393/bj-v36n3a2020-47881,Datura_KZNIFHPLKGYRTM
3043,datura inoxia mill,catechin,Datura,Datura L.,PFTAWBLQPZVEMU,10.14393/bj-v36n3a2020-47881,Datura_PFTAWBLQPZVEMU
3044,pimpinella anisum l,naringin,Pimpinella anisum,Pimpinella anisum L.,DFPMSGMNTNDNHN,10.1016/j.agrcom.2023.100003,Pimpinella anisum_DFPMSGMNTNDNHN
3046,pimpinella anisum l,chlorogenic acid,Pimpinella anisum,Pimpinella anisum L.,CWVRJTMFETXNAD,10.1016/j.agrcom.2023.100003,Pimpinella anisum_CWVRJTMFETXNAD
3050,pimpinella anisum l,linoleic acid,Pimpinella anisum,Pimpinella anisum L.,OYHQOLUKZRVURQ,10.1016/j.agrcom.2023.100003,Pimpinella anisum_OYHQOLUKZRVURQ
3051,pimpinella anisum l,rutin,Pimpinella anisum,Pimpinella anisum L.,IKGXIBQEEMLURG,10.1016/j.agrcom.2023.100003,Pimpinella anisum_IKGXIBQEEMLURG
3053,pimpinella anisum l,γ-himachalene,Pimpinella anisum,Pimpinella anisum L.,PUWNTRHCKNHSAT,10.1016/j.agrcom.2023.100003,Pimpinella anisum_PUWNTRHCKNHSAT
3056,pimpinella anisum l,oleic acid,Pimpinella anisum,Pimpinella anisum L.,ZQPPMHVWECSIRJ,10.1016/j.agrcom.2023.100003,Pimpinella anisum_ZQPPMHVWECSIRJ
3059,pimpinella anisum l,petroselinic acid,Pimpinella anisum,Pimpinella anisum L.,CNVZJPUDSLNTQU,10.1016/j.agrcom.2023.100003,Pimpinella anisum_CNVZJPUDSLNTQU
3060,pimpinella anisum l,rosmarinic acid,Pimpinella anisum,Pimpinella anisum L.,DOUMFZQKYFQNTF,10.1016/j.agrcom.2023.100003,Pimpinella anisum_DOUMFZQKYFQNTF
3062,pimpinella anisum l,coumarin,Pimpinella anisum,Pimpinella anisum L.,ZYGHJZDHTFUPRJ,10.1016/j.agrcom.2023.100003,Pimpinella anisum_ZYGHJZDHTFUPRJ
3063,pimpinella anisum l,palmitic acid,Pimpinella anisum,Pimpinella anisum L.,IPCSVZSSVZVIGE,10.1016/j.agrcom.2023.100003,Pimpinella anisum_IPCSVZSSVZVIGE
3064,mussaenda erythrophylla schumach. & thonn,quercetin-3-o-rutinoside,Mussaenda erythrophylla,Mussaenda erythrophylla Schumach. & Thonn.,IKGXIBQEEMLURG,10.63001/tbs.2025.v20.i02.s2.pp363-370,Mussaenda erythrophylla_IKGXIBQEEMLURG
3065,mussaenda erythrophylla schumach. & thonn,kaempferol,Mussaenda erythrophylla,Mussaenda erythrophylla Schumach. & Thonn.,IYRMWMYZSQPJKC,10.63001/tbs.2025.v20.i02.s2.pp363-370,Mussaenda erythrophylla_IYRMWMYZSQPJKC
3066,mussaenda erythrophylla schumach. & thonn,gallic acid,Mussaenda erythrophylla,Mussaenda erythrophylla Schumach. & Thonn.,LNTHITQWFMADLM,10.63001/tbs.2025.v20.i02.s2.pp363-370,Mussaenda erythrophylla_LNTHITQWFMADLM
3067,mussaenda erythrophylla schumach. & thonn,quercetin,Mussaenda erythrophylla,Mussaenda erythrophylla Schumach. & Thonn.,REFJWTPEDVJJIY,10.63001/tbs.2025.v20.i02.s2.pp363-370,Mussaenda erythrophylla_REFJWTPEDVJJIY
3068,mussaenda erythrophylla schumach. & thonn,caffeic acid,Mussaenda erythrophylla,Mussaenda erythrophylla Schumach. & Thonn.,QAIPRVGONGVQAS,10.63001/tbs.2025.v20.i02.s2.pp363-370,Mussaenda erythrophylla_QAIPRVGONGVQAS
3069,mussaenda erythrophylla schumach. & thonn,punicalagin,Mussaenda erythrophylla,Mussaenda erythrophylla Schumach. & Thonn.,SKNLUADAGHCXKF,10.63001/tbs.2025.v20.i02.s2.pp363-370,Mussaenda erythrophylla_SKNLUADAGHCXKF
3070,mussaenda erythrophylla schumach. & thonn,oleanolic acid,Mussaenda erythrophylla,Mussaenda erythrophylla Schumach. & Thonn.,MIJYXULNPSFWEK,10.63001/tbs.2025.v20.i02.s2.pp363-370,Mussaenda erythrophylla_MIJYXULNPSFWEK
3072,salvia africana-lutea l,cis-β-guaiene,Salvia aurea,Salvia aurea L.,GIBQERSGRNPMEH,10.1007/s13596-023-00726-x,Salvia aurea_GIBQERSGRNPMEH
3074,salvia africana-lutea l,(z)-isoeugenol,Salvia aurea,Salvia aurea L.,BJIOGJUNALELMI,10.1007/s13596-023-00726-x,Salvia aurea_BJIOGJUNALELMI
3075,salvia africana-lutea l,p-cymen-8-ol,Salvia aurea,Salvia aurea L.,XLPDVYGDNRIQFV,10.1007/s13596-023-00726-x,Salvia aurea_XLPDVYGDNRIQFV
3076,salvia africana-lutea l,α-guaiene,Salvia aurea,Salvia aurea L.,ADIDQIZBYUABQK,10.1007/s13596-023-00726-x,Salvia aurea_ADIDQIZBYUABQK
3077,salvia africana-lutea l,bornyl acetate,Salvia aurea,Salvia aurea L.,KGEKLUUHTZCSIP,10.1007/s13596-023-00726-x,Salvia aurea_KGEKLUUHTZCSIP
3079,salvia africana-lutea l,globulol,Salvia aurea,Salvia aurea L.,AYXPYQRXGNDJFU,10.1007/s13596-023-00726-x,Salvia aurea_AYXPYQRXGNDJFU
3080,salvia africana-lutea l,β-amyrin,Salvia aurea,Salvia aurea L.,JFSHUTJDVKUMTJ,10.1007/s13596-023-00726-x,Salvia aurea_JFSHUTJDVKUMTJ
3081,salvia africana-lutea l,cis-sabinene hydrate,Salvia aurea,Salvia aurea L.,KXSDPILWMGFJMM,10.1007/s13596-023-00726-x,Salvia aurea_KXSDPILWMGFJMM
3083,salvia africana-lutea l,α-terpinene,Salvia aurea,Salvia aurea L.,YHQGMYUVUMAZJR,10.1007/s13596-023-00726-x,Salvia aurea_YHQGMYUVUMAZJR
3084,salvia africana-lutea l,"1,8-cineole",Salvia aurea,Salvia aurea L.,WEEGYLXZBRQIMU,10.1007/s13596-023-00726-x,Salvia aurea_WEEGYLXZBRQIMU
3086,salvia africana-lutea l,germacrene d,Salvia aurea,Salvia aurea L.,GAIBLDCXCZKKJE,10.1007/s13596-023-00726-x,Salvia aurea_GAIBLDCXCZKKJE
3088,salvia africana-lutea l,caryophyllene oxide,Salvia aurea,Salvia aurea L.,NVEQFIOZRFFVFW,10.1007/s13596-023-00726-x,Salvia aurea_NVEQFIOZRFFVFW
3089,salvia africana-lutea l,cis-p-menth-2-en-1-ol,Salvia aurea,Salvia aurea L.,IZXYHAXVIZHGJV,10.1007/s13596-023-00726-x,Salvia aurea_IZXYHAXVIZHGJV
3091,salvia africana-lutea l,propanoic acid,Salvia aurea,Salvia aurea L.,XBDQKXXYIPTUBI,10.1007/s13596-023-00726-x,Salvia aurea_XBDQKXXYIPTUBI
3093,salvia africana-lutea l,α-cubebene,Salvia aurea,Salvia aurea L.,XUEHVOLRMXNRKQ,10.1007/s13596-023-00726-x,Salvia aurea_XUEHVOLRMXNRKQ
3094,salvia africana-lutea l,1-epi-cubenol,Salvia aurea,Salvia aurea L.,COGPRPSWSKLKTF,10.1007/s13596-023-00726-x,Salvia aurea_COGPRPSWSKLKTF
3096,salvia africana-lutea l,trans-carveol,Salvia aurea,Salvia aurea L.,BAVONGHXFVOKBV,10.1007/s13596-023-00726-x,Salvia aurea_BAVONGHXFVOKBV
3097,salvia africana-lutea l,γ-gurjunene,Salvia aurea,Salvia aurea L.,DUYRYUZIBGFLDD,10.1007/s13596-023-00726-x,Salvia aurea_DUYRYUZIBGFLDD
3098,salvia africana-lutea l,aromadendrene,Salvia aurea,Salvia aurea L.,ITYNGVSTWVVPIC,10.1007/s13596-023-00726-x,Salvia aurea_ITYNGVSTWVVPIC
3099,salvia africana-lutea l,pinocarvone,Salvia aurea,Salvia aurea L.,TZDMGBLPGZXHJI,10.1007/s13596-023-00726-x,Salvia aurea_TZDMGBLPGZXHJI
3101,salvia africana-lutea l,trans-thujone,Salvia aurea,Salvia aurea L.,USMNOWBWPHYOEA,10.1007/s13596-023-00726-x,Salvia aurea_USMNOWBWPHYOEA
3102,salvia africana-lutea l,(z)-β-ocimene,Salvia aurea,Salvia aurea L.,IHPKGUQCSIINRJ,10.1007/s13596-023-00726-x,Salvia aurea_IHPKGUQCSIINRJ
3104,salvia africana-lutea l,salvianolic acid b,Salvia aurea,Salvia aurea L.,SNKFFCBZYFGCQN,10.1007/s13596-023-00726-x,Salvia aurea_SNKFFCBZYFGCQN
3105,salvia africana-lutea l,sabinene,Salvia aurea,Salvia aurea L.,NDVASEGYNIMXJL,10.1007/s13596-023-00726-x,Salvia aurea_NDVASEGYNIMXJL
3106,salvia africana-lutea l,germacrene d-4-ol,Salvia aurea,Salvia aurea L.,RHCTXHCNRLCYBN,10.1007/s13596-023-00726-x,Salvia aurea_RHCTXHCNRLCYBN
3108,salvia africana-lutea l,α-terpineol,Salvia aurea,Salvia aurea L.,WUOACPNHFRMFPN,10.1007/s13596-023-00726-x,Salvia aurea_WUOACPNHFRMFPN
3109,salvia africana-lutea l,yunnaneic acid d,Salvia aurea,Salvia aurea L.,WSNGPQNYHJVZGN,10.1007/s13596-023-00726-x,Salvia aurea_WSNGPQNYHJVZGN
3111,salvia africana-lutea l,salvianolic acid k,Salvia aurea,Salvia aurea L.,AZOCLKLJIKZOLF,10.1007/s13596-023-00726-x,Salvia aurea_AZOCLKLJIKZOLF
3112,salvia africana-lutea l,γ-cadinene,Salvia aurea,Salvia aurea L.,WRHGORWNJGOVQY,10.1007/s13596-023-00726-x,Salvia aurea_WRHGORWNJGOVQY
3114,salvia africana-lutea l,γ-terpinene,Salvia aurea,Salvia aurea L.,YKFLAYDHMOASIY,10.1007/s13596-023-00726-x,Salvia aurea_YKFLAYDHMOASIY
3115,salvia africana-lutea l,thymol,Salvia aurea,Salvia aurea L.,MGSRCZKZVOBKFT,10.1007/s13596-023-00726-x,Salvia aurea_MGSRCZKZVOBKFT
3116,salvia africana-lutea l,viridiflorol,Salvia aurea,Salvia aurea L.,AYXPYQRXGNDJFU,10.1007/s13596-023-00726-x,Salvia aurea_AYXPYQRXGNDJFU
3117,salvia africana-lutea l,α-thujene,Salvia aurea,Salvia aurea L.,KQAZVFVOEIRWHN,10.1007/s13596-023-00726-x,Salvia aurea_KQAZVFVOEIRWHN
3118,salvia africana-lutea l,danshensu,Salvia aurea,Salvia aurea L.,PAFLSMZLRSPALU,10.1007/s13596-023-00726-x,Salvia aurea_PAFLSMZLRSPALU
3119,salvia africana-lutea l,α-muurolene,Salvia aurea,Salvia aurea L.,QMAYBMKBYCGXDH,10.1007/s13596-023-00726-x,Salvia aurea_QMAYBMKBYCGXDH
3120,salvia africana-lutea l,germacrene b,Salvia aurea,Salvia aurea L.,GXEGJTGWYVZSNR,10.1007/s13596-023-00726-x,Salvia aurea_GXEGJTGWYVZSNR
3121,salvia africana-lutea l,hydrate,Salvia aurea,Salvia aurea L.,KNXAKZGJNLAYCJ,10.1007/s13596-023-00726-x,Salvia aurea_KNXAKZGJNLAYCJ
3124,salvia africana-lutea l,methyl carnosate,Salvia aurea,Salvia aurea L.,IIJLVJMZYPZQLW,10.1007/s13596-023-00726-x,Salvia aurea_IIJLVJMZYPZQLW
3125,salvia africana-lutea l,luteolin-7-o-glucuronide,Salvia aurea,Salvia aurea L.,VSUOKLTVXQRUSG,10.1007/s13596-023-00726-x,Salvia aurea_VSUOKLTVXQRUSG
3126,salvia africana-lutea l,α-gurjunene,Salvia aurea,Salvia aurea L.,SPCXZDDGSGTVAW,10.1007/s13596-023-00726-x,Salvia aurea_SPCXZDDGSGTVAW
3128,salvia africana-lutea l,quinic acid,Salvia aurea,Salvia aurea L.,AAWZDTNXLSGCEK,10.1007/s13596-023-00726-x,Salvia aurea_AAWZDTNXLSGCEK
3129,salvia africana-lutea l,cis-thujone,Salvia aurea,Salvia aurea L.,USMNOWBWPHYOEA,10.1007/s13596-023-00726-x,Salvia aurea_USMNOWBWPHYOEA
3130,salvia africana-lutea l,tricyclene,Salvia aurea,Salvia aurea L.,RRBYUSWBLVXTQN,10.1007/s13596-023-00726-x,Salvia aurea_RRBYUSWBLVXTQN
3131,salvia africana-lutea l,verbenone,Salvia aurea,Salvia aurea L.,DCSCXTJOXBUFGB,10.1007/s13596-023-00726-x,Salvia aurea_DCSCXTJOXBUFGB
3132,salvia africana-lutea l,sagerinic acid,Salvia aurea,Salvia aurea L.,SUYLTDFWHNXGDX,10.1007/s13596-023-00726-x,Salvia aurea_SUYLTDFWHNXGDX
3133,salvia africana-lutea l,β-gurjunene,Salvia aurea,Salvia aurea L.,IRCZVRWQUNZGSH,10.1007/s13596-023-00726-x,Salvia aurea_IRCZVRWQUNZGSH
3134,salvia africana-lutea l,yunnaneic acid f,Salvia aurea,Salvia aurea L.,WBHJCHGJGDMNFI,10.1007/s13596-023-00726-x,Salvia aurea_WBHJCHGJGDMNFI
3135,salvia africana-lutea l,"2,4-dimethyl benzenepropanoic acid",Salvia aurea,Salvia aurea L.,KNPUGELUZIPXCW,10.1007/s13596-023-00726-x,Salvia aurea_KNPUGELUZIPXCW
3136,salvia africana-lutea l,oleanolic,Salvia aurea,Salvia aurea L.,GXWUEMSASMVWKO,10.1007/s13596-023-00726-x,Salvia aurea_GXWUEMSASMVWKO
3137,salvia africana-lutea l,valencene,Salvia aurea,Salvia aurea L.,QEBNYNLSCGVZOH,10.1007/s13596-023-00726-x,Salvia aurea_QEBNYNLSCGVZOH
3138,salvia africana-lutea l,"selina-3,7(11)-diene",Salvia aurea,Salvia aurea L.,WNRBYZQFEBIUGD,10.1007/s13596-023-00726-x,Salvia aurea_WNRBYZQFEBIUGD
3139,salvia africana-lutea l,carvacrol,Salvia aurea,Salvia aurea L.,RECUKUPTGUEGMW,10.1007/s13596-023-00726-x,Salvia aurea_RECUKUPTGUEGMW
3140,salvia africana-lutea l,borneol,Salvia aurea,Salvia aurea L.,DTGKSKDOIYIVQL,10.1007/s13596-023-00726-x,Salvia aurea_DTGKSKDOIYIVQL
3141,salvia africana-lutea l,β-himachalene,Salvia aurea,Salvia aurea L.,LCOSCMLXPAQCLQ,10.1007/s13596-023-00726-x,Salvia aurea_LCOSCMLXPAQCLQ
3142,clerodendrum infortunatum l,squalene,Clerodendrum infortunatum,Clerodendrum infortunatum L.,YYGNTYWPHWGJRM,10.22270/jddt.v9i2.2433,Clerodendrum infortunatum_YYGNTYWPHWGJRM
3143,clerodendrum infortunatum l,clerodolone,Clerodendrum infortunatum,Clerodendrum infortunatum L.,RHSSXHIZNDJURV,10.22270/jddt.v9i2.2433,Clerodendrum infortunatum_RHSSXHIZNDJURV
3144,clerodendrum infortunatum l,vanillic acid,Clerodendrum infortunatum,Clerodendrum infortunatum L.,WKOLLVMJNQIZCI,10.22270/jddt.v9i2.2433,Clerodendrum infortunatum_WKOLLVMJNQIZCI
3145,clerodendrum infortunatum l,guaiacol,Clerodendrum infortunatum,Clerodendrum infortunatum L.,LHGVFZTZFXWLCP,10.22270/jddt.v9i2.2433,Clerodendrum infortunatum_LHGVFZTZFXWLCP
3147,clerodendrum infortunatum l,apigenin,Clerodendrum infortunatum,Clerodendrum infortunatum L.,KZNIFHPLKGYRTM,10.22270/jddt.v9i2.2433,Clerodendrum infortunatum_KZNIFHPLKGYRTM
3149,clerodendrum infortunatum l,vitamin e,Clerodendrum infortunatum,Clerodendrum infortunatum L.,GVJHHUAWPYXKBD,10.22270/jddt.v9i2.2433,Clerodendrum infortunatum_GVJHHUAWPYXKBD
3150,clerodendrum infortunatum l,oleanolic acid,Clerodendrum infortunatum,Clerodendrum infortunatum L.,MIJYXULNPSFWEK,10.22270/jddt.v9i2.2433,Clerodendrum infortunatum_MIJYXULNPSFWEK
3152,clerodendrum infortunatum l,cinnamic acid,Clerodendrum infortunatum,Clerodendrum infortunatum L.,WBYWAXJHAXSJNI,10.22270/jddt.v9i2.2433,Clerodendrum infortunatum_WBYWAXJHAXSJNI
3153,clerodendrum infortunatum l,hydroxymethylfurfural,Clerodendrum infortunatum,Clerodendrum infortunatum L.,NOEGNKMFWQHSLB,10.22270/jddt.v9i2.2433,Clerodendrum infortunatum_NOEGNKMFWQHSLB
3154,clerodendrum infortunatum l,clerodol,Clerodendrum infortunatum,Clerodendrum infortunatum L.,MQYXUWHLBZFQQO,10.22270/jddt.v9i2.2433,Clerodendrum infortunatum_MQYXUWHLBZFQQO
3155,clerodendrum infortunatum l,eugenol,Clerodendrum infortunatum,Clerodendrum infortunatum L.,RRAFCDWBNXTKKO,10.22270/jddt.v9i2.2433,Clerodendrum infortunatum_RRAFCDWBNXTKKO
3156,clerodendrum infortunatum l,hexadecanoic acid,Clerodendrum infortunatum,Clerodendrum infortunatum L.,IPCSVZSSVZVIGE,10.22270/jddt.v9i2.2433,Clerodendrum infortunatum_IPCSVZSSVZVIGE
3157,clerodendrum infortunatum l,gallic acid,Clerodendrum infortunatum,Clerodendrum infortunatum L.,LNTHITQWFMADLM,10.22270/jddt.v9i2.2433,Clerodendrum infortunatum_LNTHITQWFMADLM
3158,clerodendrum infortunatum l,clerodone,Clerodendrum infortunatum,Clerodendrum infortunatum L.,QDEOBJOJWNHBGH,10.22270/jddt.v9i2.2433,Clerodendrum infortunatum_QDEOBJOJWNHBGH
3159,clerodendrum infortunatum l,dodecanoic acid,Clerodendrum infortunatum,Clerodendrum infortunatum L.,POULHZVOKOAJMA,10.22270/jddt.v9i2.2433,Clerodendrum infortunatum_POULHZVOKOAJMA
3160,clerodendrum infortunatum l,acacetin,Clerodendrum infortunatum,Clerodendrum infortunatum L.,DANYIYRPLHHOCZ,10.22270/jddt.v9i2.2433,Clerodendrum infortunatum_DANYIYRPLHHOCZ
3161,clerodendrum infortunatum l,limonene,Clerodendrum infortunatum,Clerodendrum infortunatum L.,XMGQYMWWDOXHJM,10.22270/jddt.v9i2.2433,Clerodendrum infortunatum_XMGQYMWWDOXHJM
3163,clerodendrum infortunatum l,quercetin,Clerodendrum infortunatum,Clerodendrum infortunatum L.,REFJWTPEDVJJIY,10.22270/jddt.v9i2.2433,Clerodendrum infortunatum_REFJWTPEDVJJIY
3164,clerodendrum infortunatum l,catechol,Clerodendrum infortunatum,Clerodendrum infortunatum L.,YCIMNLLNPGFGHC,10.22270/jddt.v9i2.2433,Clerodendrum infortunatum_YCIMNLLNPGFGHC
3166,clerodendrum infortunatum l,phytol,Clerodendrum infortunatum,Clerodendrum infortunatum L.,BOTWFXYSPFMFNR,10.22270/jddt.v9i2.2433,Clerodendrum infortunatum_BOTWFXYSPFMFNR
3169,portulaca oleracea l,riboflavin,Portulaca oleracea,Portulaca oleracea L.,AUNGANRZJHBGPY,10.1155/2015/925631,Portulaca oleracea_AUNGANRZJHBGPY
3170,portulaca oleracea l,catechol,Portulaca oleracea,Portulaca oleracea L.,YCIMNLLNPGFGHC,10.1155/2015/925631,Portulaca oleracea_YCIMNLLNPGFGHC
3171,portulaca oleracea l,calcium,Portulaca oleracea,Portulaca oleracea L.,OYPRJOBELJOOCE,10.1155/2015/925631,Portulaca oleracea_OYPRJOBELJOOCE
3174,portulaca oleracea l,docosapentaenoic acid,Portulaca oleracea,Portulaca oleracea L.,YUFFSWGQGVEMMI,10.1155/2015/925631,Portulaca oleracea_YUFFSWGQGVEMMI
3175,portulaca oleracea l,eicosapentaenoic acid,Portulaca oleracea,Portulaca oleracea L.,JAZBEHYOTPTENJ,10.1155/2015/925631,Portulaca oleracea_JAZBEHYOTPTENJ
3176,portulaca oleracea l,cyclo(l-tyrosinyl-l-tyrosinyl),Portulaca oleracea,Portulaca oleracea L.,NGPCLOGFGKJCBP,10.1155/2015/925631,Portulaca oleracea_NGPCLOGFGKJCBP
3177,portulaca oleracea l,scopoletin,Portulaca oleracea,Portulaca oleracea L.,RODXRVNMMDRFIK,10.1155/2015/925631,Portulaca oleracea_RODXRVNMMDRFIK
3178,portulaca oleracea l,"1,5-di-o-acetyl-2,3,4,6-tetra-o-methyl-d-galactitol",Portulaca oleracea,Portulaca oleracea L.,OVCJDQPBVXUBBF,10.1155/2015/925631,Portulaca oleracea_OVCJDQPBVXUBBF
3180,portulaca oleracea l,magnesium,Portulaca oleracea,Portulaca oleracea L.,FYYHWMGAXLPEAU,10.1155/2015/925631,Portulaca oleracea_FYYHWMGAXLPEAU
3182,portulaca oleracea l,iron,Portulaca oleracea,Portulaca oleracea L.,XEEYBQQBJWHFJM,10.1155/2015/925631,Portulaca oleracea_XEEYBQQBJWHFJM
3184,portulaca oleracea l,vitamin a,Portulaca oleracea,Portulaca oleracea L.,FPIPGXGPPPQFEQ,10.1155/2015/925631,Portulaca oleracea_FPIPGXGPPPQFEQ
3185,portulaca oleracea l,zinc,Portulaca oleracea,Portulaca oleracea L.,HCHKCACWOHOZIP,10.1155/2015/925631,Portulaca oleracea_HCHKCACWOHOZIP
3187,portulaca oleracea l,isopimpinellin,Portulaca oleracea,Portulaca oleracea L.,DFMAXQKDIGCMTL,10.1155/2015/925631,Portulaca oleracea_DFMAXQKDIGCMTL
3188,portulaca oleracea l,"1,4,5-tri-o-acetyl-2,3-di-o-methyl-l-arabinitol",Portulaca oleracea,Portulaca oleracea L.,ZKFWJYOWSSHOBN,10.1155/2015/925631,Portulaca oleracea_ZKFWJYOWSSHOBN
3190,portulaca oleracea l,chlorophyll,Portulaca oleracea,Portulaca oleracea L.,KPJIJGZVAWIZMG,10.1155/2015/925631,Portulaca oleracea_KPJIJGZVAWIZMG
3192,portulaca oleracea l,"(3s)-3-o-(β-d-glucopyranosyl)-3,7-dimethylocta-1,5-dien-3,7-diol",Portulaca oleracea,Portulaca oleracea L.,ULENJIZQPJIBMP,10.1155/2015/925631,Portulaca oleracea_ULENJIZQPJIBMP
3193,portulaca oleracea l,selenium,Portulaca oleracea,Portulaca oleracea L.,BUGBHKTXTAQXES,10.1155/2015/925631,Portulaca oleracea_BUGBHKTXTAQXES
3194,portulaca oleracea l,"1,4,5-tri-o-acetyl-2,3,6-tri-o-methyl-d-galactitol",Portulaca oleracea,Portulaca oleracea L.,ATVQUEJOBOKGCC,10.1155/2015/925631,Portulaca oleracea_ATVQUEJOBOKGCC
3196,portulaca oleracea l,lupeol,Portulaca oleracea,Portulaca oleracea L.,MQYXUWHLBZFQQO,10.1155/2015/925631,Portulaca oleracea_MQYXUWHLBZFQQO
3197,portulaca oleracea l,tannin,Portulaca oleracea,Portulaca oleracea L.,LRBQNJMCXXYXIU,10.1155/2015/925631,Portulaca oleracea_LRBQNJMCXXYXIU
3199,portulaca oleracea l,pantothenic acid,Portulaca oleracea,Portulaca oleracea L.,GHOKWGTUZJEAQD,10.1155/2015/925631,Portulaca oleracea_GHOKWGTUZJEAQD
3200,portulaca oleracea l,proline,Portulaca oleracea,Portulaca oleracea L.,ONIBWKKTOPOVIA,10.1155/2015/925631,Portulaca oleracea_ONIBWKKTOPOVIA
3202,portulaca oleracea l,portulene,Portulaca oleracea,Portulaca oleracea L.,JRXVBCYCCXXJHE,10.1155/2015/925631,Portulaca oleracea_JRXVBCYCCXXJHE
3203,portulaca oleracea l,"(3r)-3,5-bis(3-methoxy-4-hydroxyphenyl)-2,3-dihydro-2(1h)-pyridinone",Portulaca oleracea,Portulaca oleracea L.,NTMWDGOSMHVDIV,10.1155/2015/925631,Portulaca oleracea_NTMWDGOSMHVDIV
3204,portulaca oleracea l,melatonin,Portulaca oleracea,Portulaca oleracea L.,DRLFMBDRBRZALE,10.1155/2015/925631,Portulaca oleracea_DRLFMBDRBRZALE
3205,portulaca oleracea l,daucosterol,Portulaca oleracea,Portulaca oleracea L.,NPJICTMALKLTFW,10.1155/2015/925631,Portulaca oleracea_NPJICTMALKLTFW
3209,portulaca oleracea l,genistin,Portulaca oleracea,Portulaca oleracea L.,ZCOLJUOHXJRHDI,10.1155/2015/925631,Portulaca oleracea_ZCOLJUOHXJRHDI
3211,portulaca oleracea l,lonchocarpic acid,Portulaca oleracea,Portulaca oleracea L.,QKTFIWUHGFCLHF,10.1155/2015/925631,Portulaca oleracea_QKTFIWUHGFCLHF
3214,portulaca oleracea l,friedelane,Portulaca oleracea,Portulaca oleracea L.,KVSNMTUIMXZPLU,10.1155/2015/925631,Portulaca oleracea_KVSNMTUIMXZPLU
3216,portulaca oleracea l,phosphorus,Portulaca oleracea,Portulaca oleracea L.,OAICVXFJPJFONN,10.1155/2015/925631,Portulaca oleracea_OAICVXFJPJFONN
3217,portulaca oleracea l,glutathione,Portulaca oleracea,Portulaca oleracea L.,RWSXRVCMGQZWBV,10.1155/2015/925631,Portulaca oleracea_RWSXRVCMGQZWBV
3223,portulaca oleracea l,dopa,Portulaca oleracea,Portulaca oleracea L.,WTDRDQBEARUVNC,10.1155/2015/925631,Portulaca oleracea_WTDRDQBEARUVNC
3225,portulaca oleracea l,manganese,Portulaca oleracea,Portulaca oleracea L.,PWHULOQIROXLJO,10.1155/2015/925631,Portulaca oleracea_PWHULOQIROXLJO
3226,portulaca oleracea l,robustin,Portulaca oleracea,Portulaca oleracea L.,LCSCNPZJBMHOJH,10.1155/2015/925631,Portulaca oleracea_LCSCNPZJBMHOJH
3227,portulaca oleracea l,copper,Portulaca oleracea,Portulaca oleracea L.,RYGMFSIKBFXOCR,10.1155/2015/925631,Portulaca oleracea_RYGMFSIKBFXOCR
3229,portulaca oleracea l,thiamin,Portulaca oleracea,Portulaca oleracea L.,JZRWCGZRTZMZEH,10.1155/2015/925631,Portulaca oleracea_JZRWCGZRTZMZEH
3230,portulaca oleracea l,niacin,Portulaca oleracea,Portulaca oleracea L.,PVNIIMVLHYAWGP,10.1155/2015/925631,Portulaca oleracea_PVNIIMVLHYAWGP
3233,portulaca oleracea l,uracil,Portulaca oleracea,Portulaca oleracea L.,ISAKRJDGNUQOIC,10.1155/2015/925631,Portulaca oleracea_ISAKRJDGNUQOIC
3234,portulaca oleracea l,"1,4-di-o-acetyl-2,3,5-tri-o-methyl-l-arabinitol",Portulaca oleracea,Portulaca oleracea L.,YHSLPTQQWRWXKO,10.1155/2015/925631,Portulaca oleracea_YHSLPTQQWRWXKO
3236,portulaca oleracea l,aurantiamide acetate,Portulaca oleracea,Portulaca oleracea L.,VZPAURMDJZOGHU,10.1155/2015/925631,Portulaca oleracea_VZPAURMDJZOGHU
3237,portulaca oleracea l,pyridoxine,Portulaca oleracea,Portulaca oleracea L.,LXNHXLLTXMVWPM,10.1155/2015/925631,Portulaca oleracea_LXNHXLLTXMVWPM
3238,portulaca oleracea l,docosahexaenoic acid,Portulaca oleracea,Portulaca oleracea L.,MBMBGCFOFBJSGT,10.1155/2015/925631,Portulaca oleracea_MBMBGCFOFBJSGT
3241,dracaena angolensis welw. ex carrière,neoruscogenin,Dracaena angolensis,Dracaena angolensis (Welw. ex Carrière) Byng & Christenh.,ALTRINCJVPIQNK,10.14719/pst.2498,Dracaena angolensis_ALTRINCJVPIQNK
3242,dracaena angolensis welw. ex carrière,saponin,Dracaena angolensis,Dracaena angolensis (Welw. ex Carrière) Byng & Christenh.,MAEBCGDGGATMSC,10.14719/pst.2498,Dracaena angolensis_MAEBCGDGGATMSC
3243,dracaena angolensis welw. ex carrière,homoisoflavanone,Dracaena angolensis,Dracaena angolensis (Welw. ex Carrière) Byng & Christenh.,DSTDMPAJBBOFCE,10.14719/pst.2498,Dracaena angolensis_DSTDMPAJBBOFCE
3244,dracaena angolensis welw. ex carrière,"2,5-dimethoxybenzhydrazide",Dracaena angolensis,Dracaena angolensis (Welw. ex Carrière) Byng & Christenh.,CSGBXTAUNHUMQE,10.14719/pst.2498,Dracaena angolensis_CSGBXTAUNHUMQE
3245,dracaena angolensis welw. ex carrière,ellagic acid,Dracaena angolensis,Dracaena angolensis (Welw. ex Carrière) Byng & Christenh.,AFSDNFLWKVMVRB,10.14719/pst.2498,Dracaena angolensis_AFSDNFLWKVMVRB
3246,dracaena angolensis welw. ex carrière,linoleic acid,Dracaena angolensis,Dracaena angolensis (Welw. ex Carrière) Byng & Christenh.,OYHQOLUKZRVURQ,10.14719/pst.2498,Dracaena angolensis_OYHQOLUKZRVURQ
3247,dracaena angolensis welw. ex carrière,tannin,Dracaena angolensis,Dracaena angolensis (Welw. ex Carrière) Byng & Christenh.,LRBQNJMCXXYXIU,10.14719/pst.2498,Dracaena angolensis_LRBQNJMCXXYXIU
3248,dracaena angolensis welw. ex carrière,"1,2-benzenedicarboxylic acid, bis(2-ethylhexyl) ester",Dracaena angolensis,Dracaena angolensis (Welw. ex Carrière) Byng & Christenh.,BJQHLKABXJIVAM,10.14719/pst.2498,Dracaena angolensis_BJQHLKABXJIVAM
3249,dracaena angolensis welw. ex carrière,n-hexadecanoic acid,Dracaena angolensis,Dracaena angolensis (Welw. ex Carrière) Byng & Christenh.,IPCSVZSSVZVIGE,10.14719/pst.2498,Dracaena angolensis_IPCSVZSSVZVIGE
3250,dracaena angolensis welw. ex carrière,mucic acid,Dracaena angolensis,Dracaena angolensis (Welw. ex Carrière) Byng & Christenh.,DSLZVSRJTYRBFB,10.14719/pst.2498,Dracaena angolensis_DSLZVSRJTYRBFB
3251,dracaena angolensis welw. ex carrière,delta-undecalactone,Dracaena angolensis,Dracaena angolensis (Welw. ex Carrière) Byng & Christenh.,YZRXRLLRSPQHDK,10.14719/pst.2498,Dracaena angolensis_YZRXRLLRSPQHDK
3252,dracaena angolensis welw. ex carrière,ruscogenin,Dracaena angolensis,Dracaena angolensis (Welw. ex Carrière) Byng & Christenh.,QMQIQBOGXYYATH,10.14719/pst.2498,Dracaena angolensis_QMQIQBOGXYYATH
3253,dracaena angolensis welw. ex carrière,gallic acid,Dracaena angolensis,Dracaena angolensis (Welw. ex Carrière) Byng & Christenh.,LNTHITQWFMADLM,10.14719/pst.2498,Dracaena angolensis_LNTHITQWFMADLM
3254,dracaena angolensis welw. ex carrière,corilagin,Dracaena angolensis,Dracaena angolensis (Welw. ex Carrière) Byng & Christenh.,TUSDEZXZIZRFGC,10.14719/pst.2498,Dracaena angolensis_TUSDEZXZIZRFGC
3255,dracaena angolensis welw. ex carrière,dodecanoic acid,Dracaena angolensis,Dracaena angolensis (Welw. ex Carrière) Byng & Christenh.,POULHZVOKOAJMA,10.14719/pst.2498,Dracaena angolensis_POULHZVOKOAJMA
3256,dracaena angolensis welw. ex carrière,chebulinic acid,Dracaena angolensis,Dracaena angolensis (Welw. ex Carrière) Byng & Christenh.,YGVHOSGNOYKRIH,10.14719/pst.2498,Dracaena angolensis_YGVHOSGNOYKRIH
3257,dracaena angolensis welw. ex carrière,abamagenin,Dracaena angolensis,Dracaena angolensis (Welw. ex Carrière) Byng & Christenh.,CHKSBIWGMUSRLX,10.14719/pst.2498,Dracaena angolensis_CHKSBIWGMUSRLX
3258,dracaena angolensis welw. ex carrière,"6,10,14-trimethyl-2-pentadecanone",Dracaena angolensis,Dracaena angolensis (Welw. ex Carrière) Byng & Christenh.,WHWDWIHXSPCOKZ,10.14719/pst.2498,Dracaena angolensis_WHWDWIHXSPCOKZ
3259,dracaena angolensis welw. ex carrière,campesterol,Dracaena angolensis,Dracaena angolensis (Welw. ex Carrière) Byng & Christenh.,SGNBVLSWZMBQTH,10.14719/pst.2498,Dracaena angolensis_SGNBVLSWZMBQTH
3260,dracaena angolensis welw. ex carrière,palmitic acid,Dracaena angolensis,Dracaena angolensis (Welw. ex Carrière) Byng & Christenh.,IPCSVZSSVZVIGE,10.14719/pst.2498,Dracaena angolensis_IPCSVZSSVZVIGE
3261,dracaena angolensis welw. ex carrière,chebulagic acid,Dracaena angolensis,Dracaena angolensis (Welw. ex Carrière) Byng & Christenh.,HGJXAVROWQLCTP,10.14719/pst.2498,Dracaena angolensis_HGJXAVROWQLCTP
3262,dracaena angolensis welw. ex carrière,palmitaldehyde,Dracaena angolensis,Dracaena angolensis (Welw. ex Carrière) Byng & Christenh.,NIOYUNMRJMEDGI,10.14719/pst.2498,Dracaena angolensis_NIOYUNMRJMEDGI
3263,dracaena angolensis welw. ex carrière,1-butyl 2-(8-methylnonyl) phthalate,Dracaena angolensis,Dracaena angolensis (Welw. ex Carrière) Byng & Christenh.,IOVNHINTOHPELQ,10.14719/pst.2498,Dracaena angolensis_IOVNHINTOHPELQ
3264,dracaena angolensis welw. ex carrière,neophytadiene,Dracaena angolensis,Dracaena angolensis (Welw. ex Carrière) Byng & Christenh.,NIDGCIPAMWNKOA,10.14719/pst.2498,Dracaena angolensis_NIDGCIPAMWNKOA
3265,dracaena angolensis welw. ex carrière,terchebin,Dracaena angolensis,Dracaena angolensis (Welw. ex Carrière) Byng & Christenh.,NUPTUAXNMUIMFS,10.14719/pst.2498,Dracaena angolensis_NUPTUAXNMUIMFS
3266,dracaena angolensis welw. ex carrière,homoisoflavone,Dracaena angolensis,Dracaena angolensis (Welw. ex Carrière) Byng & Christenh.,GOMNOOKGLZYEJT,10.14719/pst.2498,Dracaena angolensis_GOMNOOKGLZYEJT
3267,dracaena angolensis welw. ex carrière,squalene,Dracaena angolensis,Dracaena angolensis (Welw. ex Carrière) Byng & Christenh.,YYGNTYWPHWGJRM,10.14719/pst.2498,Dracaena angolensis_YYGNTYWPHWGJRM
3268,dracaena angolensis welw. ex carrière,"3,4-dimethoxybenzoic anhydride",Dracaena angolensis,Dracaena angolensis (Welw. ex Carrière) Byng & Christenh.,PJZFUQAHDYSNLZ,10.14719/pst.2498,Dracaena angolensis_PJZFUQAHDYSNLZ
3272,cinnamomum verum j. presl,glucose,Cinnamomum verum,Cinnamomum verum J.Presl,WQZGKKKJIJFFOK,10.3389/fphar.2021.600139,Cinnamomum verum_WQZGKKKJIJFFOK
3277,cinnamomum verum j. presl,a-thujene,Cinnamomum verum,Cinnamomum verum J.Presl,KQAZVFVOEIRWHN,10.3389/fphar.2021.600139,Cinnamomum verum_KQAZVFVOEIRWHN
3278,cinnamomum verum j. presl,vanillic acid,Cinnamomum verum,Cinnamomum verum J.Presl,WKOLLVMJNQIZCI,10.3389/fphar.2021.600139,Cinnamomum verum_WKOLLVMJNQIZCI
3279,cinnamomum verum j. presl,arabinose,Cinnamomum verum,Cinnamomum verum J.Presl,SRBFZHDQGSBBOR,10.3389/fphar.2021.600139,Cinnamomum verum_SRBFZHDQGSBBOR
3280,cinnamomum verum j. presl,benzoic acid,Cinnamomum verum,Cinnamomum verum J.Presl,WPYMKLBDIGXBTP,10.3389/fphar.2021.600139,Cinnamomum verum_WPYMKLBDIGXBTP
3283,cinnamomum verum j. presl,e-nerolidol,Cinnamomum verum,Cinnamomum verum J.Presl,FQTLCLSUCSAZDY,10.3389/fphar.2021.600139,Cinnamomum verum_FQTLCLSUCSAZDY
3284,cinnamomum verum j. presl,benzyl cinnamate,Cinnamomum verum,Cinnamomum verum J.Presl,NGHOLYJTSCBCGC,10.3389/fphar.2021.600139,Cinnamomum verum_NGHOLYJTSCBCGC
3287,cinnamomum verum j. presl,xylose,Cinnamomum verum,Cinnamomum verum J.Presl,SRBFZHDQGSBBOR,10.3389/fphar.2021.600139,Cinnamomum verum_SRBFZHDQGSBBOR
3294,cinnamomum verum j. presl,anhydrocinnzeylanol,Cinnamomum verum,Cinnamomum verum J.Presl,JFDHTDLZWVKRQT,10.3389/fphar.2021.600139,Cinnamomum verum_JFDHTDLZWVKRQT
3298,cinnamomum cassia (l.) j. presl,syringic acid,Neolitsea cassia,Neolitsea cassia (L.) Kosterm.,JMSVCTWVEWCHDZ,10.3389/fphar.2021.600139,Neolitsea cassia_JMSVCTWVEWCHDZ
3299,cinnamomum cassia (l.) j. presl,glucose,Neolitsea cassia,Neolitsea cassia (L.) Kosterm.,WQZGKKKJIJFFOK,10.3389/fphar.2021.600139,Neolitsea cassia_WQZGKKKJIJFFOK
3302,cinnamomum cassia (l.) j. presl,caryophyllene oxide,Neolitsea cassia,Neolitsea cassia (L.) Kosterm.,NVEQFIOZRFFVFW,10.3389/fphar.2021.600139,Neolitsea cassia_NVEQFIOZRFFVFW
3304,cinnamomum cassia (l.) j. presl,a-thujene,Neolitsea cassia,Neolitsea cassia (L.) Kosterm.,KQAZVFVOEIRWHN,10.3389/fphar.2021.600139,Neolitsea cassia_KQAZVFVOEIRWHN
3305,cinnamomum cassia (l.) j. presl,vanillic acid,Neolitsea cassia,Neolitsea cassia (L.) Kosterm.,WKOLLVMJNQIZCI,10.3389/fphar.2021.600139,Neolitsea cassia_WKOLLVMJNQIZCI
3306,cinnamomum cassia (l.) j. presl,arabinose,Neolitsea cassia,Neolitsea cassia (L.) Kosterm.,SRBFZHDQGSBBOR,10.3389/fphar.2021.600139,Neolitsea cassia_SRBFZHDQGSBBOR
3308,cinnamomum cassia (l.) j. presl,e-nerolidol,Neolitsea cassia,Neolitsea cassia (L.) Kosterm.,FQTLCLSUCSAZDY,10.3389/fphar.2021.600139,Neolitsea cassia_FQTLCLSUCSAZDY
3311,cinnamomum cassia (l.) j. presl,xylose,Neolitsea cassia,Neolitsea cassia (L.) Kosterm.,SRBFZHDQGSBBOR,10.3389/fphar.2021.600139,Neolitsea cassia_SRBFZHDQGSBBOR
3313,cinnamomum cassia (l.) j. presl,terpinolene,Neolitsea cassia,Neolitsea cassia (L.) Kosterm.,MOYAFQVGZZPNRA,10.3389/fphar.2021.600139,Neolitsea cassia_MOYAFQVGZZPNRA
3319,cinnamomum cassia (l.) j. presl,l-bornyl acetate,Neolitsea cassia,Neolitsea cassia (L.) Kosterm.,KGEKLUUHTZCSIP,10.3389/fphar.2021.600139,Neolitsea cassia_KGEKLUUHTZCSIP
3323,cinnamomum zeylanicum blume,glucose,Cinnamomum verum,Cinnamomum verum J.Presl,WQZGKKKJIJFFOK,10.3389/fphar.2021.600139,Cinnamomum verum_WQZGKKKJIJFFOK
3328,cinnamomum zeylanicum blume,a-thujene,Cinnamomum verum,Cinnamomum verum J.Presl,KQAZVFVOEIRWHN,10.3389/fphar.2021.600139,Cinnamomum verum_KQAZVFVOEIRWHN
3329,cinnamomum zeylanicum blume,vanillic acid,Cinnamomum verum,Cinnamomum verum J.Presl,WKOLLVMJNQIZCI,10.3389/fphar.2021.600139,Cinnamomum verum_WKOLLVMJNQIZCI
3330,cinnamomum zeylanicum blume,arabinose,Cinnamomum verum,Cinnamomum verum J.Presl,SRBFZHDQGSBBOR,10.3389/fphar.2021.600139,Cinnamomum verum_SRBFZHDQGSBBOR
3331,cinnamomum zeylanicum blume,benzoic acid,Cinnamomum verum,Cinnamomum verum J.Presl,WPYMKLBDIGXBTP,10.3389/fphar.2021.600139,Cinnamomum verum_WPYMKLBDIGXBTP
3334,cinnamomum zeylanicum blume,e-nerolidol,Cinnamomum verum,Cinnamomum verum J.Presl,FQTLCLSUCSAZDY,10.3389/fphar.2021.600139,Cinnamomum verum_FQTLCLSUCSAZDY
3335,cinnamomum zeylanicum blume,benzyl cinnamate,Cinnamomum verum,Cinnamomum verum J.Presl,NGHOLYJTSCBCGC,10.3389/fphar.2021.600139,Cinnamomum verum_NGHOLYJTSCBCGC
3338,cinnamomum zeylanicum blume,xylose,Cinnamomum verum,Cinnamomum verum J.Presl,SRBFZHDQGSBBOR,10.3389/fphar.2021.600139,Cinnamomum verum_SRBFZHDQGSBBOR
3345,cinnamomum zeylanicum blume,anhydrocinnzeylanol,Cinnamomum verum,Cinnamomum verum J.Presl,JFDHTDLZWVKRQT,10.3389/fphar.2021.600139,Cinnamomum verum_JFDHTDLZWVKRQT
3348,cinnamomum altissimum kosterm,spathulenol,Cinnamomum altissimum,Cinnamomum altissimum Kosterm.,FRMCCTDTYSRUBE,10.3389/fphar.2021.600139,Cinnamomum altissimum_FRMCCTDTYSRUBE
3352,cinnamomum iners (reinw. ex nees & t. nees) blume,caryophyllene oxide,Cinnamomum iners,Cinnamomum iners (Reinw. ex Nees & T.Nees) Blume,NVEQFIOZRFFVFW,10.3389/fphar.2021.600139,Cinnamomum iners_NVEQFIOZRFFVFW
3354,cinnamomum iners (reinw. ex nees & t. nees) blume,β-pinene,Cinnamomum iners,Cinnamomum iners (Reinw. ex Nees & T.Nees) Blume,WTARULDDTDQWMU,10.3389/fphar.2021.600139,Cinnamomum iners_WTARULDDTDQWMU
3356,cinnamomum iners (reinw. ex nees & t. nees) blume,"1,8-cineole",Cinnamomum iners,Cinnamomum iners (Reinw. ex Nees & T.Nees) Blume,WEEGYLXZBRQIMU,10.3389/fphar.2021.600139,Cinnamomum iners_WEEGYLXZBRQIMU
3357,cinnamomum osmophloeum,caryophyllene oxide,Cinnamomum osmophloeum,Cinnamomum osmophloeum Kaneh.,NVEQFIOZRFFVFW,10.3389/fphar.2021.600139,Cinnamomum osmophloeum_NVEQFIOZRFFVFW
3358,cinnamomum osmophloeum,e-nerolidol,Cinnamomum osmophloeum,Cinnamomum osmophloeum Kaneh.,FQTLCLSUCSAZDY,10.3389/fphar.2021.600139,Cinnamomum osmophloeum_FQTLCLSUCSAZDY
3359,cinnamomum osmophloeum,a-thujene,Cinnamomum osmophloeum,Cinnamomum osmophloeum Kaneh.,KQAZVFVOEIRWHN,10.3389/fphar.2021.600139,Cinnamomum osmophloeum_KQAZVFVOEIRWHN
3362,cinnamomum osmophloeum,terpinolene,Cinnamomum osmophloeum,Cinnamomum osmophloeum Kaneh.,MOYAFQVGZZPNRA,10.3389/fphar.2021.600139,Cinnamomum osmophloeum_MOYAFQVGZZPNRA
3364,cinnamomum osmophloeum,a-cubebene,Cinnamomum osmophloeum,Cinnamomum osmophloeum Kaneh.,XUEHVOLRMXNRKQ,10.3389/fphar.2021.600139,Cinnamomum osmophloeum_XUEHVOLRMXNRKQ
3365,cinnamomum osmophloeum,l-bornyl acetate,Cinnamomum osmophloeum,Cinnamomum osmophloeum Kaneh.,KGEKLUUHTZCSIP,10.3389/fphar.2021.600139,Cinnamomum osmophloeum_KGEKLUUHTZCSIP
3367,cinnamomum osmophloeum,eugenol,Cinnamomum osmophloeum,Cinnamomum osmophloeum Kaneh.,RRAFCDWBNXTKKO,10.3389/fphar.2021.600139,Cinnamomum osmophloeum_RRAFCDWBNXTKKO
3368,cinnamomum tamala (buch.-ham.) t. nees & eberm,cinnamyl acetate,Cinnamomum tamala,Cinnamomum tamala (Buch.-Ham.) T.Nees & C.H.Eberm.,WJSDHUCWMSHDCR,10.3389/fphar.2021.600139,Cinnamomum tamala_WJSDHUCWMSHDCR
3369,cinnamomum tamala (buch.-ham.) t. nees & eberm,syringic acid,Cinnamomum tamala,Cinnamomum tamala (Buch.-Ham.) T.Nees & C.H.Eberm.,JMSVCTWVEWCHDZ,10.3389/fphar.2021.600139,Cinnamomum tamala_JMSVCTWVEWCHDZ
3370,cinnamomum tamala (buch.-ham.) t. nees & eberm,glucose,Cinnamomum tamala,Cinnamomum tamala (Buch.-Ham.) T.Nees & C.H.Eberm.,WQZGKKKJIJFFOK,10.3389/fphar.2021.600139,Cinnamomum tamala_WQZGKKKJIJFFOK
3371,cinnamomum tamala (buch.-ham.) t. nees & eberm,l-borneol,Cinnamomum tamala,Cinnamomum tamala (Buch.-Ham.) T.Nees & C.H.Eberm.,DTGKSKDOIYIVQL,10.3389/fphar.2021.600139,Cinnamomum tamala_DTGKSKDOIYIVQL
3373,cinnamomum tamala (buch.-ham.) t. nees & eberm,caryophyllene oxide,Cinnamomum tamala,Cinnamomum tamala (Buch.-Ham.) T.Nees & C.H.Eberm.,NVEQFIOZRFFVFW,10.3389/fphar.2021.600139,Cinnamomum tamala_NVEQFIOZRFFVFW
3375,cinnamomum tamala (buch.-ham.) t. nees & eberm,a-thujene,Cinnamomum tamala,Cinnamomum tamala (Buch.-Ham.) T.Nees & C.H.Eberm.,KQAZVFVOEIRWHN,10.3389/fphar.2021.600139,Cinnamomum tamala_KQAZVFVOEIRWHN
3376,cinnamomum tamala (buch.-ham.) t. nees & eberm,vanillic acid,Cinnamomum tamala,Cinnamomum tamala (Buch.-Ham.) T.Nees & C.H.Eberm.,WKOLLVMJNQIZCI,10.3389/fphar.2021.600139,Cinnamomum tamala_WKOLLVMJNQIZCI
3377,cinnamomum tamala (buch.-ham.) t. nees & eberm,arabinose,Cinnamomum tamala,Cinnamomum tamala (Buch.-Ham.) T.Nees & C.H.Eberm.,SRBFZHDQGSBBOR,10.3389/fphar.2021.600139,Cinnamomum tamala_SRBFZHDQGSBBOR
3378,cinnamomum tamala (buch.-ham.) t. nees & eberm,β-sitosterol,Cinnamomum tamala,Cinnamomum tamala (Buch.-Ham.) T.Nees & C.H.Eberm.,KZJWDPNRJALLNS,10.3389/fphar.2021.600139,Cinnamomum tamala_KZJWDPNRJALLNS
3379,cinnamomum tamala (buch.-ham.) t. nees & eberm,e-nerolidol,Cinnamomum tamala,Cinnamomum tamala (Buch.-Ham.) T.Nees & C.H.Eberm.,FQTLCLSUCSAZDY,10.3389/fphar.2021.600139,Cinnamomum tamala_FQTLCLSUCSAZDY
3380,cinnamomum tamala (buch.-ham.) t. nees & eberm,a-terpineol,Cinnamomum tamala,Cinnamomum tamala (Buch.-Ham.) T.Nees & C.H.Eberm.,WUOACPNHFRMFPN,10.3389/fphar.2021.600139,Cinnamomum tamala_WUOACPNHFRMFPN
3381,cinnamomum tamala (buch.-ham.) t. nees & eberm,cinnamic acid,Cinnamomum tamala,Cinnamomum tamala (Buch.-Ham.) T.Nees & C.H.Eberm.,WBYWAXJHAXSJNI,10.3389/fphar.2021.600139,Cinnamomum tamala_WBYWAXJHAXSJNI
3382,cinnamomum tamala (buch.-ham.) t. nees & eberm,xylose,Cinnamomum tamala,Cinnamomum tamala (Buch.-Ham.) T.Nees & C.H.Eberm.,SRBFZHDQGSBBOR,10.3389/fphar.2021.600139,Cinnamomum tamala_SRBFZHDQGSBBOR
3383,cinnamomum tamala (buch.-ham.) t. nees & eberm,protocatechuic acid,Cinnamomum tamala,Cinnamomum tamala (Buch.-Ham.) T.Nees & C.H.Eberm.,YQUVCSBJEUQKSH,10.3389/fphar.2021.600139,Cinnamomum tamala_YQUVCSBJEUQKSH
3384,cinnamomum tamala (buch.-ham.) t. nees & eberm,terpinolene,Cinnamomum tamala,Cinnamomum tamala (Buch.-Ham.) T.Nees & C.H.Eberm.,MOYAFQVGZZPNRA,10.3389/fphar.2021.600139,Cinnamomum tamala_MOYAFQVGZZPNRA
3385,cinnamomum tamala (buch.-ham.) t. nees & eberm,cinnzeylanine,Cinnamomum tamala,Cinnamomum tamala (Buch.-Ham.) T.Nees & C.H.Eberm.,DFYFOAFKHRTQLA,10.3389/fphar.2021.600139,Cinnamomum tamala_DFYFOAFKHRTQLA
3386,cinnamomum tamala (buch.-ham.) t. nees & eberm,a-cubebene,Cinnamomum tamala,Cinnamomum tamala (Buch.-Ham.) T.Nees & C.H.Eberm.,XUEHVOLRMXNRKQ,10.3389/fphar.2021.600139,Cinnamomum tamala_XUEHVOLRMXNRKQ
3387,cinnamomum tamala (buch.-ham.) t. nees & eberm,coumarin,Cinnamomum tamala,Cinnamomum tamala (Buch.-Ham.) T.Nees & C.H.Eberm.,ZYGHJZDHTFUPRJ,10.3389/fphar.2021.600139,Cinnamomum tamala_ZYGHJZDHTFUPRJ
3388,cinnamomum tamala (buch.-ham.) t. nees & eberm,anhydrocinnzeylanol,Cinnamomum tamala,Cinnamomum tamala (Buch.-Ham.) T.Nees & C.H.Eberm.,JFDHTDLZWVKRQT,10.3389/fphar.2021.600139,Cinnamomum tamala_JFDHTDLZWVKRQT
3389,cinnamomum tamala (buch.-ham.) t. nees & eberm,cinnzeylanol,Cinnamomum tamala,Cinnamomum tamala (Buch.-Ham.) T.Nees & C.H.Eberm.,TVHZPQAYPSOHQT,10.3389/fphar.2021.600139,Cinnamomum tamala_TVHZPQAYPSOHQT
3390,cinnamomum tamala (buch.-ham.) t. nees & eberm,l-bornyl acetate,Cinnamomum tamala,Cinnamomum tamala (Buch.-Ham.) T.Nees & C.H.Eberm.,KGEKLUUHTZCSIP,10.3389/fphar.2021.600139,Cinnamomum tamala_KGEKLUUHTZCSIP
3391,cinnamomum micranthum f. kanehirae (hayata) s. s. ying,caryophyllene oxide,Camphora kanahirae,Camphora kanahirae (Hayata) K.F.Chung & C.L.Hsieh,NVEQFIOZRFFVFW,10.3389/fphar.2021.600139,Camphora kanahirae_NVEQFIOZRFFVFW
3392,cinnamomum micranthum f. kanehirae (hayata) s. s. ying,e-nerolidol,Camphora kanahirae,Camphora kanahirae (Hayata) K.F.Chung & C.L.Hsieh,FQTLCLSUCSAZDY,10.3389/fphar.2021.600139,Camphora kanahirae_FQTLCLSUCSAZDY
3393,cinnamomum micranthum f. kanehirae (hayata) s. s. ying,cinnamaldehyde,Camphora kanahirae,Camphora kanahirae (Hayata) K.F.Chung & C.L.Hsieh,KJPRLNWUNMBNBZ,10.3389/fphar.2021.600139,Camphora kanahirae_KJPRLNWUNMBNBZ
3394,cinnamomum micranthum f. kanehirae (hayata) s. s. ying,a-thujene,Camphora kanahirae,Camphora kanahirae (Hayata) K.F.Chung & C.L.Hsieh,KQAZVFVOEIRWHN,10.3389/fphar.2021.600139,Camphora kanahirae_KQAZVFVOEIRWHN
3395,cinnamomum micranthum f. kanehirae (hayata) s. s. ying,a-terpineol,Camphora kanahirae,Camphora kanahirae (Hayata) K.F.Chung & C.L.Hsieh,WUOACPNHFRMFPN,10.3389/fphar.2021.600139,Camphora kanahirae_WUOACPNHFRMFPN
3396,cinnamomum micranthum f. kanehirae (hayata) s. s. ying,cinnamyl acetate,Camphora kanahirae,Camphora kanahirae (Hayata) K.F.Chung & C.L.Hsieh,WJSDHUCWMSHDCR,10.3389/fphar.2021.600139,Camphora kanahirae_WJSDHUCWMSHDCR
3397,cinnamomum micranthum f. kanehirae (hayata) s. s. ying,terpinolene,Camphora kanahirae,Camphora kanahirae (Hayata) K.F.Chung & C.L.Hsieh,MOYAFQVGZZPNRA,10.3389/fphar.2021.600139,Camphora kanahirae_MOYAFQVGZZPNRA
3398,cinnamomum micranthum f. kanehirae (hayata) s. s. ying,a-cubebene,Camphora kanahirae,Camphora kanahirae (Hayata) K.F.Chung & C.L.Hsieh,XUEHVOLRMXNRKQ,10.3389/fphar.2021.600139,Camphora kanahirae_XUEHVOLRMXNRKQ
3399,cinnamomum micranthum f. kanehirae (hayata) s. s. ying,l-bornyl acetate,Camphora kanahirae,Camphora kanahirae (Hayata) K.F.Chung & C.L.Hsieh,KGEKLUUHTZCSIP,10.3389/fphar.2021.600139,Camphora kanahirae_KGEKLUUHTZCSIP
3400,cinnamomum micranthum f. kanehirae (hayata) s. s. ying,l-borneol,Camphora kanahirae,Camphora kanahirae (Hayata) K.F.Chung & C.L.Hsieh,DTGKSKDOIYIVQL,10.3389/fphar.2021.600139,Camphora kanahirae_DTGKSKDOIYIVQL
3401,cinnamomum micranthum f. kanehirae (hayata) s. s. ying,eugenol,Camphora kanahirae,Camphora kanahirae (Hayata) K.F.Chung & C.L.Hsieh,RRAFCDWBNXTKKO,10.3389/fphar.2021.600139,Camphora kanahirae_RRAFCDWBNXTKKO
3402,cinnamomum bejolghota (buch.-ham.) sweet,caryophyllene oxide,Cinnamomum bejolghota,Cinnamomum bejolghota (Buch.-Ham.) Sweet,NVEQFIOZRFFVFW,10.3389/fphar.2021.600139,Cinnamomum bejolghota_NVEQFIOZRFFVFW
3403,cinnamomum bejolghota (buch.-ham.) sweet,e-nerolidol,Cinnamomum bejolghota,Cinnamomum bejolghota (Buch.-Ham.) Sweet,FQTLCLSUCSAZDY,10.3389/fphar.2021.600139,Cinnamomum bejolghota_FQTLCLSUCSAZDY
3404,cinnamomum bejolghota (buch.-ham.) sweet,cinnamaldehyde,Cinnamomum bejolghota,Cinnamomum bejolghota (Buch.-Ham.) Sweet,KJPRLNWUNMBNBZ,10.3389/fphar.2021.600139,Cinnamomum bejolghota_KJPRLNWUNMBNBZ
3405,cinnamomum bejolghota (buch.-ham.) sweet,a-thujene,Cinnamomum bejolghota,Cinnamomum bejolghota (Buch.-Ham.) Sweet,KQAZVFVOEIRWHN,10.3389/fphar.2021.600139,Cinnamomum bejolghota_KQAZVFVOEIRWHN
3406,cinnamomum bejolghota (buch.-ham.) sweet,a-terpineol,Cinnamomum bejolghota,Cinnamomum bejolghota (Buch.-Ham.) Sweet,WUOACPNHFRMFPN,10.3389/fphar.2021.600139,Cinnamomum bejolghota_WUOACPNHFRMFPN
3407,cinnamomum bejolghota (buch.-ham.) sweet,cinnamyl acetate,Cinnamomum bejolghota,Cinnamomum bejolghota (Buch.-Ham.) Sweet,WJSDHUCWMSHDCR,10.3389/fphar.2021.600139,Cinnamomum bejolghota_WJSDHUCWMSHDCR
3408,cinnamomum bejolghota (buch.-ham.) sweet,terpinolene,Cinnamomum bejolghota,Cinnamomum bejolghota (Buch.-Ham.) Sweet,MOYAFQVGZZPNRA,10.3389/fphar.2021.600139,Cinnamomum bejolghota_MOYAFQVGZZPNRA
3409,cinnamomum bejolghota (buch.-ham.) sweet,a-cubebene,Cinnamomum bejolghota,Cinnamomum bejolghota (Buch.-Ham.) Sweet,XUEHVOLRMXNRKQ,10.3389/fphar.2021.600139,Cinnamomum bejolghota_XUEHVOLRMXNRKQ
3410,cinnamomum bejolghota (buch.-ham.) sweet,l-bornyl acetate,Cinnamomum bejolghota,Cinnamomum bejolghota (Buch.-Ham.) Sweet,KGEKLUUHTZCSIP,10.3389/fphar.2021.600139,Cinnamomum bejolghota_KGEKLUUHTZCSIP
3411,cinnamomum bejolghota (buch.-ham.) sweet,l-borneol,Cinnamomum bejolghota,Cinnamomum bejolghota (Buch.-Ham.) Sweet,DTGKSKDOIYIVQL,10.3389/fphar.2021.600139,Cinnamomum bejolghota_DTGKSKDOIYIVQL
3412,cinnamomum bejolghota (buch.-ham.) sweet,eugenol,Cinnamomum bejolghota,Cinnamomum bejolghota (Buch.-Ham.) Sweet,RRAFCDWBNXTKKO,10.3389/fphar.2021.600139,Cinnamomum bejolghota_RRAFCDWBNXTKKO
3413,cinnamomum impressicostatum kosterm,caryophyllene oxide,Cinnamomum vimineum,Cinnamomum vimineum Nees,NVEQFIOZRFFVFW,10.3389/fphar.2021.600139,Cinnamomum vimineum_NVEQFIOZRFFVFW
3414,cinnamomum impressicostatum kosterm,e-nerolidol,Cinnamomum vimineum,Cinnamomum vimineum Nees,FQTLCLSUCSAZDY,10.3389/fphar.2021.600139,Cinnamomum vimineum_FQTLCLSUCSAZDY
3415,cinnamomum impressicostatum kosterm,cinnamaldehyde,Cinnamomum vimineum,Cinnamomum vimineum Nees,KJPRLNWUNMBNBZ,10.3389/fphar.2021.600139,Cinnamomum vimineum_KJPRLNWUNMBNBZ
3416,cinnamomum impressicostatum kosterm,a-thujene,Cinnamomum vimineum,Cinnamomum vimineum Nees,KQAZVFVOEIRWHN,10.3389/fphar.2021.600139,Cinnamomum vimineum_KQAZVFVOEIRWHN
3417,cinnamomum impressicostatum kosterm,a-terpineol,Cinnamomum vimineum,Cinnamomum vimineum Nees,WUOACPNHFRMFPN,10.3389/fphar.2021.600139,Cinnamomum vimineum_WUOACPNHFRMFPN
3418,cinnamomum impressicostatum kosterm,cinnamyl acetate,Cinnamomum vimineum,Cinnamomum vimineum Nees,WJSDHUCWMSHDCR,10.3389/fphar.2021.600139,Cinnamomum vimineum_WJSDHUCWMSHDCR
3419,cinnamomum impressicostatum kosterm,terpinolene,Cinnamomum vimineum,Cinnamomum vimineum Nees,MOYAFQVGZZPNRA,10.3389/fphar.2021.600139,Cinnamomum vimineum_MOYAFQVGZZPNRA
3420,cinnamomum impressicostatum kosterm,a-cubebene,Cinnamomum vimineum,Cinnamomum vimineum Nees,XUEHVOLRMXNRKQ,10.3389/fphar.2021.600139,Cinnamomum vimineum_XUEHVOLRMXNRKQ
3421,cinnamomum impressicostatum kosterm,l-bornyl acetate,Cinnamomum vimineum,Cinnamomum vimineum Nees,KGEKLUUHTZCSIP,10.3389/fphar.2021.600139,Cinnamomum vimineum_KGEKLUUHTZCSIP
3422,cinnamomum impressicostatum kosterm,l-borneol,Cinnamomum vimineum,Cinnamomum vimineum Nees,DTGKSKDOIYIVQL,10.3389/fphar.2021.600139,Cinnamomum vimineum_DTGKSKDOIYIVQL
3423,cinnamomum impressicostatum kosterm,eugenol,Cinnamomum vimineum,Cinnamomum vimineum Nees,RRAFCDWBNXTKKO,10.3389/fphar.2021.600139,Cinnamomum vimineum_RRAFCDWBNXTKKO
3424,cinnamomum chemungianum m. mohanan and a. n. henry,caryophyllene oxide,Cinnamomum chemungianum,Cinnamomum chemungianum M.Mohanan & A.N.Henry,NVEQFIOZRFFVFW,10.3389/fphar.2021.600139,Cinnamomum chemungianum_NVEQFIOZRFFVFW
3425,cinnamomum chemungianum m. mohanan and a. n. henry,e-nerolidol,Cinnamomum chemungianum,Cinnamomum chemungianum M.Mohanan & A.N.Henry,FQTLCLSUCSAZDY,10.3389/fphar.2021.600139,Cinnamomum chemungianum_FQTLCLSUCSAZDY
3426,cinnamomum chemungianum m. mohanan and a. n. henry,cinnamaldehyde,Cinnamomum chemungianum,Cinnamomum chemungianum M.Mohanan & A.N.Henry,KJPRLNWUNMBNBZ,10.3389/fphar.2021.600139,Cinnamomum chemungianum_KJPRLNWUNMBNBZ
3427,cinnamomum chemungianum m. mohanan and a. n. henry,a-thujene,Cinnamomum chemungianum,Cinnamomum chemungianum M.Mohanan & A.N.Henry,KQAZVFVOEIRWHN,10.3389/fphar.2021.600139,Cinnamomum chemungianum_KQAZVFVOEIRWHN
3428,cinnamomum chemungianum m. mohanan and a. n. henry,a-terpineol,Cinnamomum chemungianum,Cinnamomum chemungianum M.Mohanan & A.N.Henry,WUOACPNHFRMFPN,10.3389/fphar.2021.600139,Cinnamomum chemungianum_WUOACPNHFRMFPN
3429,cinnamomum chemungianum m. mohanan and a. n. henry,cinnamyl acetate,Cinnamomum chemungianum,Cinnamomum chemungianum M.Mohanan & A.N.Henry,WJSDHUCWMSHDCR,10.3389/fphar.2021.600139,Cinnamomum chemungianum_WJSDHUCWMSHDCR
3430,cinnamomum chemungianum m. mohanan and a. n. henry,terpinolene,Cinnamomum chemungianum,Cinnamomum chemungianum M.Mohanan & A.N.Henry,MOYAFQVGZZPNRA,10.3389/fphar.2021.600139,Cinnamomum chemungianum_MOYAFQVGZZPNRA
3431,cinnamomum chemungianum m. mohanan and a. n. henry,a-cubebene,Cinnamomum chemungianum,Cinnamomum chemungianum M.Mohanan & A.N.Henry,XUEHVOLRMXNRKQ,10.3389/fphar.2021.600139,Cinnamomum chemungianum_XUEHVOLRMXNRKQ
3432,cinnamomum chemungianum m. mohanan and a. n. henry,l-bornyl acetate,Cinnamomum chemungianum,Cinnamomum chemungianum M.Mohanan & A.N.Henry,KGEKLUUHTZCSIP,10.3389/fphar.2021.600139,Cinnamomum chemungianum_KGEKLUUHTZCSIP
3433,cinnamomum chemungianum m. mohanan and a. n. henry,l-borneol,Cinnamomum chemungianum,Cinnamomum chemungianum M.Mohanan & A.N.Henry,DTGKSKDOIYIVQL,10.3389/fphar.2021.600139,Cinnamomum chemungianum_DTGKSKDOIYIVQL
3434,cinnamomum chemungianum m. mohanan and a. n. henry,eugenol,Cinnamomum chemungianum,Cinnamomum chemungianum M.Mohanan & A.N.Henry,RRAFCDWBNXTKKO,10.3389/fphar.2021.600139,Cinnamomum chemungianum_RRAFCDWBNXTKKO
3436,cinnamomum porrectum (roxb.) kosterm,e-nerolidol,Camphora parthenoxylon,Camphora parthenoxylon (Jack) Nees,FQTLCLSUCSAZDY,10.3389/fphar.2021.600139,Camphora parthenoxylon_FQTLCLSUCSAZDY
3437,cinnamomum porrectum (roxb.) kosterm,cinnamaldehyde,Camphora parthenoxylon,Camphora parthenoxylon (Jack) Nees,KJPRLNWUNMBNBZ,10.3389/fphar.2021.600139,Camphora parthenoxylon_KJPRLNWUNMBNBZ
3438,cinnamomum porrectum (roxb.) kosterm,a-thujene,Camphora parthenoxylon,Camphora parthenoxylon (Jack) Nees,KQAZVFVOEIRWHN,10.3389/fphar.2021.600139,Camphora parthenoxylon_KQAZVFVOEIRWHN
3439,cinnamomum porrectum (roxb.) kosterm,a-terpineol,Camphora parthenoxylon,Camphora parthenoxylon (Jack) Nees,WUOACPNHFRMFPN,10.3389/fphar.2021.600139,Camphora parthenoxylon_WUOACPNHFRMFPN
3440,cinnamomum porrectum (roxb.) kosterm,cinnamyl acetate,Camphora parthenoxylon,Camphora parthenoxylon (Jack) Nees,WJSDHUCWMSHDCR,10.3389/fphar.2021.600139,Camphora parthenoxylon_WJSDHUCWMSHDCR
3441,cinnamomum porrectum (roxb.) kosterm,terpinolene,Camphora parthenoxylon,Camphora parthenoxylon (Jack) Nees,MOYAFQVGZZPNRA,10.3389/fphar.2021.600139,Camphora parthenoxylon_MOYAFQVGZZPNRA
3443,cinnamomum porrectum (roxb.) kosterm,l-bornyl acetate,Camphora parthenoxylon,Camphora parthenoxylon (Jack) Nees,KGEKLUUHTZCSIP,10.3389/fphar.2021.600139,Camphora parthenoxylon_KGEKLUUHTZCSIP
3444,cinnamomum porrectum (roxb.) kosterm,l-borneol,Camphora parthenoxylon,Camphora parthenoxylon (Jack) Nees,DTGKSKDOIYIVQL,10.3389/fphar.2021.600139,Camphora parthenoxylon_DTGKSKDOIYIVQL
3446,cinnamomum longepaniculatum,caryophyllene oxide,Camphora longepaniculata,"Camphora longepaniculata (Gamble) Y.Yang, Bing Liu & Zhi Yang",NVEQFIOZRFFVFW,10.3389/fphar.2021.600139,Camphora longepaniculata_NVEQFIOZRFFVFW
3447,cinnamomum longepaniculatum,e-nerolidol,Camphora longepaniculata,"Camphora longepaniculata (Gamble) Y.Yang, Bing Liu & Zhi Yang",FQTLCLSUCSAZDY,10.3389/fphar.2021.600139,Camphora longepaniculata_FQTLCLSUCSAZDY
3448,cinnamomum longepaniculatum,cinnamaldehyde,Camphora longepaniculata,"Camphora longepaniculata (Gamble) Y.Yang, Bing Liu & Zhi Yang",KJPRLNWUNMBNBZ,10.3389/fphar.2021.600139,Camphora longepaniculata_KJPRLNWUNMBNBZ
3449,cinnamomum longepaniculatum,a-thujene,Camphora longepaniculata,"Camphora longepaniculata (Gamble) Y.Yang, Bing Liu & Zhi Yang",KQAZVFVOEIRWHN,10.3389/fphar.2021.600139,Camphora longepaniculata_KQAZVFVOEIRWHN
3450,cinnamomum longepaniculatum,a-terpineol,Camphora longepaniculata,"Camphora longepaniculata (Gamble) Y.Yang, Bing Liu & Zhi Yang",WUOACPNHFRMFPN,10.3389/fphar.2021.600139,Camphora longepaniculata_WUOACPNHFRMFPN
3451,cinnamomum longepaniculatum,cinnamyl acetate,Camphora longepaniculata,"Camphora longepaniculata (Gamble) Y.Yang, Bing Liu & Zhi Yang",WJSDHUCWMSHDCR,10.3389/fphar.2021.600139,Camphora longepaniculata_WJSDHUCWMSHDCR
3452,cinnamomum longepaniculatum,terpinolene,Camphora longepaniculata,"Camphora longepaniculata (Gamble) Y.Yang, Bing Liu & Zhi Yang",MOYAFQVGZZPNRA,10.3389/fphar.2021.600139,Camphora longepaniculata_MOYAFQVGZZPNRA
3453,cinnamomum longepaniculatum,a-cubebene,Camphora longepaniculata,"Camphora longepaniculata (Gamble) Y.Yang, Bing Liu & Zhi Yang",XUEHVOLRMXNRKQ,10.3389/fphar.2021.600139,Camphora longepaniculata_XUEHVOLRMXNRKQ
3454,cinnamomum longepaniculatum,l-bornyl acetate,Camphora longepaniculata,"Camphora longepaniculata (Gamble) Y.Yang, Bing Liu & Zhi Yang",KGEKLUUHTZCSIP,10.3389/fphar.2021.600139,Camphora longepaniculata_KGEKLUUHTZCSIP
3455,cinnamomum longepaniculatum,l-borneol,Camphora longepaniculata,"Camphora longepaniculata (Gamble) Y.Yang, Bing Liu & Zhi Yang",DTGKSKDOIYIVQL,10.3389/fphar.2021.600139,Camphora longepaniculata_DTGKSKDOIYIVQL
3456,cinnamomum longepaniculatum,eugenol,Camphora longepaniculata,"Camphora longepaniculata (Gamble) Y.Yang, Bing Liu & Zhi Yang",RRAFCDWBNXTKKO,10.3389/fphar.2021.600139,Camphora longepaniculata_RRAFCDWBNXTKKO
3459,cinnamomum camphora,cinnamaldehyde,Camphora officinarum,Camphora officinarum Boerh. ex Fabr.,KJPRLNWUNMBNBZ,10.3389/fphar.2021.600139,Camphora officinarum_KJPRLNWUNMBNBZ
3462,cinnamomum camphora,cinnamyl acetate,Camphora officinarum,Camphora officinarum Boerh. ex Fabr.,WJSDHUCWMSHDCR,10.3389/fphar.2021.600139,Camphora officinarum_WJSDHUCWMSHDCR
3464,cinnamomum camphora,a-cubebene,Camphora officinarum,Camphora officinarum Boerh. ex Fabr.,XUEHVOLRMXNRKQ,10.3389/fphar.2021.600139,Camphora officinarum_XUEHVOLRMXNRKQ
3471,cinnamomum curvifolium (lam.) nees,cinnamyl acetate,Cinnamomum curvifolium,Cinnamomum curvifolium (Lour.) Nees,WJSDHUCWMSHDCR,10.3389/fphar.2021.600139,Cinnamomum curvifolium_WJSDHUCWMSHDCR
3472,cinnamomum curvifolium (lam.) nees,syringic acid,Cinnamomum curvifolium,Cinnamomum curvifolium (Lour.) Nees,JMSVCTWVEWCHDZ,10.3389/fphar.2021.600139,Cinnamomum curvifolium_JMSVCTWVEWCHDZ
3473,cinnamomum curvifolium (lam.) nees,glucose,Cinnamomum curvifolium,Cinnamomum curvifolium (Lour.) Nees,WQZGKKKJIJFFOK,10.3389/fphar.2021.600139,Cinnamomum curvifolium_WQZGKKKJIJFFOK
3474,cinnamomum curvifolium (lam.) nees,l-borneol,Cinnamomum curvifolium,Cinnamomum curvifolium (Lour.) Nees,DTGKSKDOIYIVQL,10.3389/fphar.2021.600139,Cinnamomum curvifolium_DTGKSKDOIYIVQL
3475,cinnamomum curvifolium (lam.) nees,eugenol,Cinnamomum curvifolium,Cinnamomum curvifolium (Lour.) Nees,RRAFCDWBNXTKKO,10.3389/fphar.2021.600139,Cinnamomum curvifolium_RRAFCDWBNXTKKO
3476,cinnamomum curvifolium (lam.) nees,caryophyllene oxide,Cinnamomum curvifolium,Cinnamomum curvifolium (Lour.) Nees,NVEQFIOZRFFVFW,10.3389/fphar.2021.600139,Cinnamomum curvifolium_NVEQFIOZRFFVFW
3477,cinnamomum curvifolium (lam.) nees,cinnamaldehyde,Cinnamomum curvifolium,Cinnamomum curvifolium (Lour.) Nees,KJPRLNWUNMBNBZ,10.3389/fphar.2021.600139,Cinnamomum curvifolium_KJPRLNWUNMBNBZ
3478,cinnamomum curvifolium (lam.) nees,a-thujene,Cinnamomum curvifolium,Cinnamomum curvifolium (Lour.) Nees,KQAZVFVOEIRWHN,10.3389/fphar.2021.600139,Cinnamomum curvifolium_KQAZVFVOEIRWHN
3479,cinnamomum curvifolium (lam.) nees,vanillic acid,Cinnamomum curvifolium,Cinnamomum curvifolium (Lour.) Nees,WKOLLVMJNQIZCI,10.3389/fphar.2021.600139,Cinnamomum curvifolium_WKOLLVMJNQIZCI
3480,cinnamomum curvifolium (lam.) nees,arabinose,Cinnamomum curvifolium,Cinnamomum curvifolium (Lour.) Nees,SRBFZHDQGSBBOR,10.3389/fphar.2021.600139,Cinnamomum curvifolium_SRBFZHDQGSBBOR
3481,cinnamomum curvifolium (lam.) nees,β-sitosterol,Cinnamomum curvifolium,Cinnamomum curvifolium (Lour.) Nees,KZJWDPNRJALLNS,10.3389/fphar.2021.600139,Cinnamomum curvifolium_KZJWDPNRJALLNS
3482,cinnamomum curvifolium (lam.) nees,e-nerolidol,Cinnamomum curvifolium,Cinnamomum curvifolium (Lour.) Nees,FQTLCLSUCSAZDY,10.3389/fphar.2021.600139,Cinnamomum curvifolium_FQTLCLSUCSAZDY
3483,cinnamomum curvifolium (lam.) nees,a-terpineol,Cinnamomum curvifolium,Cinnamomum curvifolium (Lour.) Nees,WUOACPNHFRMFPN,10.3389/fphar.2021.600139,Cinnamomum curvifolium_WUOACPNHFRMFPN
3484,cinnamomum curvifolium (lam.) nees,cinnamic acid,Cinnamomum curvifolium,Cinnamomum curvifolium (Lour.) Nees,WBYWAXJHAXSJNI,10.3389/fphar.2021.600139,Cinnamomum curvifolium_WBYWAXJHAXSJNI
3485,cinnamomum curvifolium (lam.) nees,xylose,Cinnamomum curvifolium,Cinnamomum curvifolium (Lour.) Nees,SRBFZHDQGSBBOR,10.3389/fphar.2021.600139,Cinnamomum curvifolium_SRBFZHDQGSBBOR
3486,cinnamomum curvifolium (lam.) nees,protocatechuic acid,Cinnamomum curvifolium,Cinnamomum curvifolium (Lour.) Nees,YQUVCSBJEUQKSH,10.3389/fphar.2021.600139,Cinnamomum curvifolium_YQUVCSBJEUQKSH
3487,cinnamomum curvifolium (lam.) nees,terpinolene,Cinnamomum curvifolium,Cinnamomum curvifolium (Lour.) Nees,MOYAFQVGZZPNRA,10.3389/fphar.2021.600139,Cinnamomum curvifolium_MOYAFQVGZZPNRA
3488,cinnamomum curvifolium (lam.) nees,cinnzeylanine,Cinnamomum curvifolium,Cinnamomum curvifolium (Lour.) Nees,DFYFOAFKHRTQLA,10.3389/fphar.2021.600139,Cinnamomum curvifolium_DFYFOAFKHRTQLA
3489,cinnamomum curvifolium (lam.) nees,a-cubebene,Cinnamomum curvifolium,Cinnamomum curvifolium (Lour.) Nees,XUEHVOLRMXNRKQ,10.3389/fphar.2021.600139,Cinnamomum curvifolium_XUEHVOLRMXNRKQ
3490,cinnamomum curvifolium (lam.) nees,coumarin,Cinnamomum curvifolium,Cinnamomum curvifolium (Lour.) Nees,ZYGHJZDHTFUPRJ,10.3389/fphar.2021.600139,Cinnamomum curvifolium_ZYGHJZDHTFUPRJ
3491,cinnamomum curvifolium (lam.) nees,anhydrocinnzeylanol,Cinnamomum curvifolium,Cinnamomum curvifolium (Lour.) Nees,JFDHTDLZWVKRQT,10.3389/fphar.2021.600139,Cinnamomum curvifolium_JFDHTDLZWVKRQT
3492,cinnamomum curvifolium (lam.) nees,cinnzeylanol,Cinnamomum curvifolium,Cinnamomum curvifolium (Lour.) Nees,TVHZPQAYPSOHQT,10.3389/fphar.2021.600139,Cinnamomum curvifolium_TVHZPQAYPSOHQT
3493,cinnamomum curvifolium (lam.) nees,l-bornyl acetate,Cinnamomum curvifolium,Cinnamomum curvifolium (Lour.) Nees,KGEKLUUHTZCSIP,10.3389/fphar.2021.600139,Cinnamomum curvifolium_KGEKLUUHTZCSIP
3494,prosopis fracta,quercetin,Prosopis,Prosopis L.,REFJWTPEDVJJIY,10.24126/jobrc.2020.14.1.585,Prosopis_REFJWTPEDVJJIY
3496,drosera burmannii vahl,reserpin,Drosera,Drosera L.,QEVHRUUCFGRFIF,10.29303/jbt.v21i2.2696,Drosera_QEVHRUUCFGRFIF
3497,drosera burmannii vahl,purpurin,Drosera,Drosera L.,BBNQQADTFFCFGB,10.29303/jbt.v21i2.2696,Drosera_BBNQQADTFFCFGB
3498,drosera burmannii vahl,tannin,Drosera,Drosera L.,LRBQNJMCXXYXIU,10.29303/jbt.v21i2.2696,Drosera_LRBQNJMCXXYXIU
3499,drosera burmannii vahl,saponin,Drosera,Drosera L.,MAEBCGDGGATMSC,10.29303/jbt.v21i2.2696,Drosera_MAEBCGDGGATMSC
3502,drosera peltata j.e. smith,steroid,Drosera peltata,Drosera peltata Thunb.,DNVZSDMHLPWULM,10.29303/jbt.v21i2.2696,Drosera peltata_DNVZSDMHLPWULM
3503,drosera peltata j.e. smith,flavonoid,Drosera peltata,Drosera peltata Thunb.,JVXZRQGOGOXCEC,10.29303/jbt.v21i2.2696,Drosera peltata_JVXZRQGOGOXCEC
3504,hypericum afrum lam,myricetin,Hypericum afrum,Hypericum afrum Lam.,IKMDFBPHZNJCSN,10.3390/molecules26041009,Hypericum afrum_IKMDFBPHZNJCSN
3505,hypericum afrum lam,hyperoside,Hypericum afrum,Hypericum afrum Lam.,OVSQVDMCBVZWGM,10.3390/molecules26041009,Hypericum afrum_OVSQVDMCBVZWGM
3506,hypericum afrum lam,quercetin,Hypericum afrum,Hypericum afrum Lam.,REFJWTPEDVJJIY,10.3390/molecules26041009,Hypericum afrum_REFJWTPEDVJJIY
3507,hypericum afrum lam,myricitrin,Hypericum afrum,Hypericum afrum Lam.,DCYOADKBABEMIQ,10.3390/molecules26041009,Hypericum afrum_DCYOADKBABEMIQ
3508,hypericum afrum lam,biapigenin,Hypericum afrum,Hypericum afrum Lam.,IQAMTZLKUHMPPE,10.3390/molecules26041009,Hypericum afrum_IQAMTZLKUHMPPE
3509,poincianella pyramidalis (tul.) lp queiroz,taxifolin,Cenostigma pyramidale,Cenostigma pyramidale (Tul.) Gagnon & G.P.Lewis,CXQWRCVTCMQVQX,10.4314/ajb.v14i52.,Cenostigma pyramidale_CXQWRCVTCMQVQX
3510,poincianella pyramidalis (tul.) lp queiroz,sitosterol,Cenostigma pyramidale,Cenostigma pyramidale (Tul.) Gagnon & G.P.Lewis,KZJWDPNRJALLNS,10.4314/ajb.v14i52.,Cenostigma pyramidale_KZJWDPNRJALLNS
3512,poincianella pyramidalis (tul.) lp queiroz,podocarpusflavone a,Cenostigma pyramidale,Cenostigma pyramidale (Tul.) Gagnon & G.P.Lewis,RBTRUVNXLDXHBJ,10.4314/ajb.v14i52.,Cenostigma pyramidale_RBTRUVNXLDXHBJ
3513,poincianella pyramidalis (tul.) lp queiroz,amentoflavone,Cenostigma pyramidale,Cenostigma pyramidale (Tul.) Gagnon & G.P.Lewis,YUSWMAULDXZHPY,10.4314/ajb.v14i52.,Cenostigma pyramidale_YUSWMAULDXZHPY
3514,poincianella pyramidalis (tul.) lp queiroz,sequoiaflavone,Cenostigma pyramidale,Cenostigma pyramidale (Tul.) Gagnon & G.P.Lewis,TYUMAYSMJLPFAN,10.4314/ajb.v14i52.,Cenostigma pyramidale_TYUMAYSMJLPFAN
3515,poincianella pyramidalis (tul.) lp queiroz,"4, 4'-dihydroxy-2'-methoxy-chalcone",Cenostigma pyramidale,Cenostigma pyramidale (Tul.) Gagnon & G.P.Lewis,PACBGANPVNHGNP,10.4314/ajb.v14i52.,Cenostigma pyramidale_PACBGANPVNHGNP
3516,poincianella pyramidalis (tul.) lp queiroz,apigenin,Cenostigma pyramidale,Cenostigma pyramidale (Tul.) Gagnon & G.P.Lewis,KZNIFHPLKGYRTM,10.4314/ajb.v14i52.,Cenostigma pyramidale_KZNIFHPLKGYRTM
3518,poincianella pyramidalis (tul.) lp queiroz,methyl gallate,Cenostigma pyramidale,Cenostigma pyramidale (Tul.) Gagnon & G.P.Lewis,FBSFWRHWHYMIOG,10.4314/ajb.v14i52.,Cenostigma pyramidale_FBSFWRHWHYMIOG
3519,poincianella pyramidalis (tul.) lp queiroz,kaempferol,Cenostigma pyramidale,Cenostigma pyramidale (Tul.) Gagnon & G.P.Lewis,IYRMWMYZSQPJKC,10.4314/ajb.v14i52.,Cenostigma pyramidale_IYRMWMYZSQPJKC
3520,poincianella pyramidalis (tul.) lp queiroz,(-)-syringaresinol,Cenostigma pyramidale,Cenostigma pyramidale (Tul.) Gagnon & G.P.Lewis,KOWMJRJXZMEZLD,10.4314/ajb.v14i52.,Cenostigma pyramidale_KOWMJRJXZMEZLD
3521,aloe barbadensis mill,vitamin b2,Aloe vera,Aloe vera (L.) Burm.f.,AUNGANRZJHBGPY,10.55544/jrasb.4.2.10,Aloe vera_AUNGANRZJHBGPY
3523,aloe barbadensis mill,vitamin b6,Aloe vera,Aloe vera (L.) Burm.f.,RBCOYOYDYNXAFA,10.55544/jrasb.4.2.10,Aloe vera_RBCOYOYDYNXAFA
3531,aloe barbadensis mill,vitamin e,Aloe vera,Aloe vera (L.) Burm.f.,GVJHHUAWPYXKBD,10.55544/jrasb.4.2.10,Aloe vera_GVJHHUAWPYXKBD
3533,aloe barbadensis mill,vitamin b1,Aloe vera,Aloe vera (L.) Burm.f.,JZRWCGZRTZMZEH,10.55544/jrasb.4.2.10,Aloe vera_JZRWCGZRTZMZEH
3538,aloe barbadensis mill,quercetine,Aloe vera,Aloe vera (L.) Burm.f.,REFJWTPEDVJJIY,10.55544/jrasb.4.2.10,Aloe vera_REFJWTPEDVJJIY
3540,aloe barbadensis mill,amylase,Aloe vera,Aloe vera (L.) Burm.f.,YMXBQIIPWIMAQE,10.55544/jrasb.4.2.10,Aloe vera_YMXBQIIPWIMAQE
3544,aloe barbadensis mill,"7-hydroxy-2,5 dimethylchromone",Aloe vera,Aloe vera (L.) Burm.f.,CRNGFKXWIYTEPH,10.55544/jrasb.4.2.10,Aloe vera_CRNGFKXWIYTEPH
3546,aloe barbadensis mill,vitamin b12,Aloe vera,Aloe vera (L.) Burm.f.,FDJOLVPMNUYSCM,10.55544/jrasb.4.2.10,Aloe vera_FDJOLVPMNUYSCM
3547,hypericum sampsonii hance,"8-benzoyl-2,2-dimethyl-6-(e-3,7-dimethyl-2,6-octadi-enyl)-3,5,7-trihydroxy chromane",Hypericum sampsonii,Hypericum sampsonii Hance,BVNZELKQHHVQBQ,10.3389/fphar.2023.1247675,Hypericum sampsonii_BVNZELKQHHVQBQ
3551,hypericum sampsonii hance,stigmasterol,Hypericum sampsonii,Hypericum sampsonii Hance,HCXVJBMSMIARIN,10.3389/fphar.2023.1247675,Hypericum sampsonii_HCXVJBMSMIARIN
3552,hypericum sampsonii hance,2-methoxyxanthone,Hypericum sampsonii,Hypericum sampsonii Hance,DVZCOQQFPCMIPO,10.3389/fphar.2023.1247675,Hypericum sampsonii_DVZCOQQFPCMIPO
3553,hypericum sampsonii hance,triacontanoic acid,Hypericum sampsonii,Hypericum sampsonii Hance,VHOCUJPBKOZGJD,10.3389/fphar.2023.1247675,Hypericum sampsonii_VHOCUJPBKOZGJD
3555,hypericum sampsonii hance,benzoic acid,Hypericum sampsonii,Hypericum sampsonii Hance,WPYMKLBDIGXBTP,10.3389/fphar.2023.1247675,Hypericum sampsonii_WPYMKLBDIGXBTP
3556,hypericum sampsonii hance,β-sitosterol,Hypericum sampsonii,Hypericum sampsonii Hance,KZJWDPNRJALLNS,10.3389/fphar.2023.1247675,Hypericum sampsonii_KZJWDPNRJALLNS
3558,hypericum sampsonii hance,"1,3,5-trihydroxy-xanthone",Hypericum sampsonii,Hypericum sampsonii Hance,XESIWQIMUSNPRO,10.3389/fphar.2023.1247675,Hypericum sampsonii_XESIWQIMUSNPRO
3559,hypericum sampsonii hance,"1,7-dihydroxy-4-methoxyxanthone",Hypericum sampsonii,Hypericum sampsonii Hance,YDZGWMWSKOGVLG,10.3389/fphar.2023.1247675,Hypericum sampsonii_YDZGWMWSKOGVLG
3560,hypericum sampsonii hance,"(e)-3-(3,7-dimethylocta-2,6-dienyl)-2,4,6-trihydroxybenzophenone",Hypericum sampsonii,Hypericum sampsonii Hance,ZAIQNYMNZNXUAF,10.3389/fphar.2023.1247675,Hypericum sampsonii_ZAIQNYMNZNXUAF
3561,hypericum sampsonii hance,pseudohypericin,Hypericum sampsonii,Hypericum sampsonii Hance,NODGUBIGZKATOM,10.3389/fphar.2023.1247675,Hypericum sampsonii_NODGUBIGZKATOM
3562,hypericum sampsonii hance,"5,7-dihydroxy-3-methylchromone",Hypericum sampsonii,Hypericum sampsonii Hance,AZTPTPPLNRTTGQ,10.3389/fphar.2023.1247675,Hypericum sampsonii_AZTPTPPLNRTTGQ
3568,hypericum sampsonii hance,caffeic acid methyl ester,Hypericum sampsonii,Hypericum sampsonii Hance,OCNYGKNIVPVPPX,10.3389/fphar.2023.1247675,Hypericum sampsonii_OCNYGKNIVPVPPX
3570,hypericum sampsonii hance,1-hydroxy-7-methoxy-9h-xanthen-9-one,Hypericum sampsonii,Hypericum sampsonii Hance,YYEBGEJSHOBJIB,10.3389/fphar.2023.1247675,Hypericum sampsonii_YYEBGEJSHOBJIB
3572,hypericum sampsonii hance,quercetin-3-o-arabinoside,Hypericum sampsonii,Hypericum sampsonii Hance,PZZRDJXEMZMZFD,10.3389/fphar.2023.1247675,Hypericum sampsonii_PZZRDJXEMZMZFD
3573,hypericum sampsonii hance,petiolin f,Hypericum sampsonii,Hypericum sampsonii Hance,DWDGUCPATVTPNQ,10.3389/fphar.2023.1247675,Hypericum sampsonii_DWDGUCPATVTPNQ
3575,hypericum sampsonii hance,chlorophyll a,Hypericum sampsonii,Hypericum sampsonii Hance,ATNHDLDRLWWWCB,10.3389/fphar.2023.1247675,Hypericum sampsonii_ATNHDLDRLWWWCB
3576,hypericum sampsonii hance,octadecyl ferulate,Hypericum sampsonii,Hypericum sampsonii Hance,SESLBPIXVOYQJJ,10.3389/fphar.2023.1247675,Hypericum sampsonii_SESLBPIXVOYQJJ
3577,hypericum sampsonii hance,jacareubin,Hypericum sampsonii,Hypericum sampsonii Hance,UCLUVPCGXYTYEK,10.3389/fphar.2023.1247675,Hypericum sampsonii_UCLUVPCGXYTYEK
3578,hypericum sampsonii hance,"1,3-dihydroxy-2-methoxyxanthone",Hypericum sampsonii,Hypericum sampsonii Hance,PVNLFOMDIZUYGA,10.3389/fphar.2023.1247675,Hypericum sampsonii_PVNLFOMDIZUYGA
3579,hypericum sampsonii hance,"3,4-dihydroxybenzoic acid ethyl ester",Hypericum sampsonii,Hypericum sampsonii Hance,KBPUBCVJHFXPOC,10.3389/fphar.2023.1247675,Hypericum sampsonii_KBPUBCVJHFXPOC
3581,hypericum sampsonii hance,gallic acid,Hypericum sampsonii,Hypericum sampsonii Hance,LNTHITQWFMADLM,10.3389/fphar.2023.1247675,Hypericum sampsonii_LNTHITQWFMADLM
3582,hypericum sampsonii hance,hyperixanthone a,Hypericum sampsonii,Hypericum sampsonii Hance,PJKSIBQLLLINDT,10.3389/fphar.2023.1247675,Hypericum sampsonii_PJKSIBQLLLINDT
3583,hypericum sampsonii hance,plukenetione a,Hypericum sampsonii,Hypericum sampsonii Hance,OXIJJPXPEHKVOL,10.3389/fphar.2023.1247675,Hypericum sampsonii_OXIJJPXPEHKVOL
3586,hypericum sampsonii hance,"3-(2-hydroxy-7-methyl-3-methyleneoct-6-enyl)-5-isoprenyl-2,4,6-trihydroxybenzophenone",Hypericum sampsonii,Hypericum sampsonii Hance,DFCCKTJEGOPIGH,10.3389/fphar.2023.1247675,Hypericum sampsonii_DFCCKTJEGOPIGH
3587,hypericum sampsonii hance,physcion,Hypericum sampsonii,Hypericum sampsonii Hance,FFWOKTFYGVYKIR,10.3389/fphar.2023.1247675,Hypericum sampsonii_FFWOKTFYGVYKIR
3591,hypericum sampsonii hance,"2-hydroxy-4,6-dimethoxybenzophenone",Hypericum sampsonii,Hypericum sampsonii Hance,RVXZNIXBABAEQZ,10.3389/fphar.2023.1247675,Hypericum sampsonii_RVXZNIXBABAEQZ
3592,hypericum sampsonii hance,"1,3,5,8-tetrahydroxy-6-methoxy-7-isoprenylxanthone",Hypericum sampsonii,Hypericum sampsonii Hance,MMDVRXWHWNYZKC,10.3389/fphar.2023.1247675,Hypericum sampsonii_MMDVRXWHWNYZKC
3593,hypericum sampsonii hance,"1,3,6,7-tetrahydroxy-8-(3-methyl-but-2-enyl)-xanthone",Hypericum sampsonii,Hypericum sampsonii Hance,XRUKGBABAGTMIR,10.3389/fphar.2023.1247675,Hypericum sampsonii_XRUKGBABAGTMIR
3595,hypericum sampsonii hance,"3-ethyl-1,8-dihydroxy-6-methoxyanthracene-9,10-dione",Hypericum sampsonii,Hypericum sampsonii Hance,SGONPPPWQSAUOO,10.3389/fphar.2023.1247675,Hypericum sampsonii_SGONPPPWQSAUOO
3596,hypericum sampsonii hance,p-hydroxybenzoic acid,Hypericum sampsonii,Hypericum sampsonii Hance,FJKROLUGYXJWQN,10.3389/fphar.2023.1247675,Hypericum sampsonii_FJKROLUGYXJWQN
3597,hypericum sampsonii hance,4-geranyloxy-2-hydroxy-6-isoprenyloxybenzophenone,Hypericum sampsonii,Hypericum sampsonii Hance,IFIIPMHADXLXES,10.3389/fphar.2023.1247675,Hypericum sampsonii_IFIIPMHADXLXES
3600,hypericum sampsonii hance,rutin,Hypericum sampsonii,Hypericum sampsonii Hance,IKGXIBQEEMLURG,10.3389/fphar.2023.1247675,Hypericum sampsonii_IKGXIBQEEMLURG
3601,hypericum sampsonii hance,hyperforin,Hypericum sampsonii,Hypericum sampsonii Hance,KGSZHKRKHXOAMG,10.3389/fphar.2023.1247675,Hypericum sampsonii_KGSZHKRKHXOAMG
3604,hypericum sampsonii hance,"2-β-d-glucopyranosyl-4,6-dihydroxyphenyl phenyl ketone",Hypericum sampsonii,Hypericum sampsonii Hance,PJCLTCPMFVHAFT,10.3389/fphar.2023.1247675,Hypericum sampsonii_PJCLTCPMFVHAFT
3605,hypericum sampsonii hance,"6-ethoxy-1h-pyrimidine-2,4-dione",Hypericum sampsonii,Hypericum sampsonii Hance,PPVBIBBPUZQUKI,10.3389/fphar.2023.1247675,Hypericum sampsonii_PPVBIBBPUZQUKI
3606,hypericum sampsonii hance,hypericin,Hypericum sampsonii,Hypericum sampsonii Hance,YDOIFHVUBCIUHF,10.3389/fphar.2023.1247675,Hypericum sampsonii_YDOIFHVUBCIUHF
3607,hypericum sampsonii hance,"2,4,6-trihydroxybenzophenone",Hypericum sampsonii,Hypericum sampsonii Hance,CPEXFJVZFNYXGU,10.3389/fphar.2023.1247675,Hypericum sampsonii_CPEXFJVZFNYXGU
3608,hypericum sampsonii hance,2-hydroxy-5-methoxyxanthone,Hypericum sampsonii,Hypericum sampsonii Hance,CBMAAZVYXIBRLC,10.3389/fphar.2023.1247675,Hypericum sampsonii_CBMAAZVYXIBRLC
3610,hypericum sampsonii hance,"2,4,6,3′,5′-pentamethoxylbenzophenone",Hypericum sampsonii,Hypericum sampsonii Hance,AWYMRTKEVGBNRW,10.3389/fphar.2023.1247675,Hypericum sampsonii_AWYMRTKEVGBNRW
3611,hypericum sampsonii hance,hyperibone k,Hypericum sampsonii,Hypericum sampsonii Hance,HZHJUCBGNDWAOV,10.3389/fphar.2023.1247675,Hypericum sampsonii_HZHJUCBGNDWAOV
3612,hypericum sampsonii hance,"1,3-dihydroxy-5-methoxyxanthone",Hypericum sampsonii,Hypericum sampsonii Hance,CCLPDGXDCPXOCN,10.3389/fphar.2023.1247675,Hypericum sampsonii_CCLPDGXDCPXOCN
3614,hypericum sampsonii hance,catechin,Hypericum sampsonii,Hypericum sampsonii Hance,PFTAWBLQPZVEMU,10.3389/fphar.2023.1247675,Hypericum sampsonii_PFTAWBLQPZVEMU
3617,hypericum sampsonii hance,vanillic acid,Hypericum sampsonii,Hypericum sampsonii Hance,WKOLLVMJNQIZCI,10.3389/fphar.2023.1247675,Hypericum sampsonii_WKOLLVMJNQIZCI
3618,hypericum sampsonii hance,naringenin,Hypericum sampsonii,Hypericum sampsonii Hance,FTVWIRXFELQLPI,10.3389/fphar.2023.1247675,Hypericum sampsonii_FTVWIRXFELQLPI
3620,hypericum sampsonii hance,octacosanol,Hypericum sampsonii,Hypericum sampsonii Hance,CNNRPFQICPFDPO,10.3389/fphar.2023.1247675,Hypericum sampsonii_CNNRPFQICPFDPO
3623,hypericum sampsonii hance,"1,7-dihydroxy-2-methoxyxanthone",Hypericum sampsonii,Hypericum sampsonii Hance,YLEVBVPXOPFABE,10.3389/fphar.2023.1247675,Hypericum sampsonii_YLEVBVPXOPFABE
3624,hypericum sampsonii hance,"(z)-3-(3,7-dimethylocta-2,6-dienyl)-2,4,6-trihydroxybenzophenone",Hypericum sampsonii,Hypericum sampsonii Hance,ZAIQNYMNZNXUAF,10.3389/fphar.2023.1247675,Hypericum sampsonii_ZAIQNYMNZNXUAF
3625,hypericum sampsonii hance,"7-methoxy-1,5,6-trihydroxyxanthone",Hypericum sampsonii,Hypericum sampsonii Hance,XCGNJCDCHNDFBZ,10.3389/fphar.2023.1247675,Hypericum sampsonii_XCGNJCDCHNDFBZ
3627,codonopsis pilosula (franch.) nannf,angelicin,Codonopsis pilosula,Codonopsis pilosula (Franch.) Nannf.,XDROKJSWHURZGO,10.1007/s11418-014-0861-9,Codonopsis pilosula_XDROKJSWHURZGO
3628,codonopsis pilosula (franch.) nannf,psoralen,Codonopsis pilosula,Codonopsis pilosula (Franch.) Nannf.,ZCCUUQDIBDJBTK,10.1007/s11418-014-0861-9,Codonopsis pilosula_ZCCUUQDIBDJBTK
3629,codonopsis pilosula (franch.) nannf,β-daucosterol,Codonopsis pilosula,Codonopsis pilosula (Franch.) Nannf.,NPJICTMALKLTFW,10.1007/s11418-014-0861-9,Codonopsis pilosula_NPJICTMALKLTFW
3630,codonopsis pilosula (franch.) nannf,stigmast-7-en-3-one,Codonopsis pilosula,Codonopsis pilosula (Franch.) Nannf.,JWANJDUXWSJWER,10.1007/s11418-014-0861-9,Codonopsis pilosula_JWANJDUXWSJWER
3631,codonopsis pilosula (franch.) nannf,emodin,Codonopsis pilosula,Codonopsis pilosula (Franch.) Nannf.,RHMXXJGYXNZAPX,10.1007/s11418-014-0861-9,Codonopsis pilosula_RHMXXJGYXNZAPX
3635,codonopsis pilosula (franch.) nannf,hesperidin,Codonopsis pilosula,Codonopsis pilosula (Franch.) Nannf.,QUQPHWDTPGMPEX,10.1007/s11418-014-0861-9,Codonopsis pilosula_QUQPHWDTPGMPEX
3638,codonopsis pilosula (franch.) nannf,uracil,Codonopsis pilosula,Codonopsis pilosula (Franch.) Nannf.,ISAKRJDGNUQOIC,10.1007/s11418-014-0861-9,Codonopsis pilosula_ISAKRJDGNUQOIC
3641,codonopsis pilosula (franch.) nannf,geniposide,Codonopsis pilosula,Codonopsis pilosula (Franch.) Nannf.,IBFYXTRXDNAPMM,10.1007/s11418-014-0861-9,Codonopsis pilosula_IBFYXTRXDNAPMM
3642,codonopsis pilosula (franch.) nannf,stigmast-7-en-3-ol,Codonopsis pilosula,Codonopsis pilosula (Franch.) Nannf.,YSKVBPGQYRAUQO,10.1007/s11418-014-0861-9,Codonopsis pilosula_YSKVBPGQYRAUQO
3644,codonopsis pilosula (franch.) nannf,lobetyolinin,Codonopsis pilosula,Codonopsis pilosula (Franch.) Nannf.,GDLSOFWVVAOUJI,10.1007/s11418-014-0861-9,Codonopsis pilosula_GDLSOFWVVAOUJI
3647,codonopsis pilosula (franch.) nannf,5-hydroxymethyl-2-furaldehyde,Codonopsis pilosula,Codonopsis pilosula (Franch.) Nannf.,NOEGNKMFWQHSLB,10.1007/s11418-014-0861-9,Codonopsis pilosula_NOEGNKMFWQHSLB
3650,codonopsis pilosula (franch.) nannf,1-friedelen-3-one,Codonopsis pilosula,Codonopsis pilosula (Franch.) Nannf.,MBWGRAHRCWMYAX,10.1007/s11418-014-0861-9,Codonopsis pilosula_MBWGRAHRCWMYAX
3651,codonopsis pilosula (franch.) nannf,tryptophan,Codonopsis pilosula,Codonopsis pilosula (Franch.) Nannf.,QIVBCDIJIAJPQS,10.1007/s11418-014-0861-9,Codonopsis pilosula_QIVBCDIJIAJPQS
3652,codonopsis pilosula (franch.) nannf,24-methylenecycloartan-3-ol,Codonopsis pilosula,Codonopsis pilosula (Franch.) Nannf.,BDHQMRXFDYJGII,10.1007/s11418-014-0861-9,Codonopsis pilosula_BDHQMRXFDYJGII
3653,codonopsis pilosula (franch.) nannf,hexyl-β-d-glucopyranoside,Codonopsis pilosula,Codonopsis pilosula (Franch.) Nannf.,JVAZJLFFSJARQM,10.1007/s11418-014-0861-9,Codonopsis pilosula_JVAZJLFFSJARQM
3654,codonopsis pilosula (franch.) nannf,"9,10,13-trihydroxy-(e)-octadec-11-enoic acid",Codonopsis pilosula,Codonopsis pilosula (Franch.) Nannf.,NTVFQBIHLSPEGQ,10.1007/s11418-014-0861-9,Codonopsis pilosula_NTVFQBIHLSPEGQ
3655,codonopsis pilosula (franch.) nannf,radicamine a,Codonopsis pilosula,Codonopsis pilosula (Franch.) Nannf.,NEAQPVOYHYPSER,10.1007/s11418-014-0861-9,Codonopsis pilosula_NEAQPVOYHYPSER
3656,codonopsis pilosula (franch.) nannf,succinic acid,Codonopsis pilosula,Codonopsis pilosula (Franch.) Nannf.,KDYFGRWQOYBRFD,10.1007/s11418-014-0861-9,Codonopsis pilosula_KDYFGRWQOYBRFD
3658,codonopsis pilosula nannf. var. modesta (nannf.) l. d. shen,lobetyol,Codonopsis pilosula subsp. pilosula,Codonopsis pilosula subsp. pilosula,RKOQCMNXJZJWBU,10.1007/s11418-014-0861-9,Codonopsis pilosula subsp. pilosula_RKOQCMNXJZJWBU
3659,codonopsis pilosula nannf. var. modesta (nannf.) l. d. shen,lobetyolin,Codonopsis pilosula subsp. pilosula,Codonopsis pilosula subsp. pilosula,MMMUDYVKKPDZHS,10.1007/s11418-014-0861-9,Codonopsis pilosula subsp. pilosula_MMMUDYVKKPDZHS
3660,codonopsis pilosula nannf. var. modesta (nannf.) l. d. shen,lobetyolinin,Codonopsis pilosula subsp. pilosula,Codonopsis pilosula subsp. pilosula,GDLSOFWVVAOUJI,10.1007/s11418-014-0861-9,Codonopsis pilosula subsp. pilosula_GDLSOFWVVAOUJI
3661,codonopsis pilosula nannf. var. modesta (nannf.) l. d. shen,tangshenoside i,Codonopsis pilosula subsp. pilosula,Codonopsis pilosula subsp. pilosula,ABKPQICIFGNRAA,10.1007/s11418-014-0861-9,Codonopsis pilosula subsp. pilosula_ABKPQICIFGNRAA
3662,codonopsis tangshen oliv,lobetyol,Codonopsis pilosula subsp. tangshen,Codonopsis pilosula subsp. tangshen (Oliv.) D.Y.Hong,RKOQCMNXJZJWBU,10.1007/s11418-014-0861-9,Codonopsis pilosula subsp. tangshen_RKOQCMNXJZJWBU
3666,codonopsis tangshen oliv,tangshenoside iv,Codonopsis pilosula subsp. tangshen,Codonopsis pilosula subsp. tangshen (Oliv.) D.Y.Hong,ULGBUJXRALOERZ,10.1007/s11418-014-0861-9,Codonopsis pilosula subsp. tangshen_ULGBUJXRALOERZ
3667,codonopsis tangshen oliv,tangshenoside i,Codonopsis pilosula subsp. tangshen,Codonopsis pilosula subsp. tangshen (Oliv.) D.Y.Hong,ABKPQICIFGNRAA,10.1007/s11418-014-0861-9,Codonopsis pilosula subsp. tangshen_ABKPQICIFGNRAA
3668,codonopsis tangshen oliv,tangshenoside ii,Codonopsis pilosula subsp. tangshen,Codonopsis pilosula subsp. tangshen (Oliv.) D.Y.Hong,MATKEAOBTGAMFZ,10.1007/s11418-014-0861-9,Codonopsis pilosula subsp. tangshen_MATKEAOBTGAMFZ
3669,codonopsis tangshen oliv,tangshenoside iii,Codonopsis pilosula subsp. tangshen,Codonopsis pilosula subsp. tangshen (Oliv.) D.Y.Hong,ARZBVSLYYBTHNA,10.1007/s11418-014-0861-9,Codonopsis pilosula subsp. tangshen_ARZBVSLYYBTHNA
3671,codonopsis tangshen oliv,lobetyolinin,Codonopsis pilosula subsp. tangshen,Codonopsis pilosula subsp. tangshen (Oliv.) D.Y.Hong,GDLSOFWVVAOUJI,10.1007/s11418-014-0861-9,Codonopsis pilosula subsp. tangshen_GDLSOFWVVAOUJI
3673,codonopsis tangshen oliv,α-spinasterol,Codonopsis pilosula subsp. tangshen,Codonopsis pilosula subsp. tangshen (Oliv.) D.Y.Hong,JZVFJDZBLUFKCA,10.1007/s11418-014-0861-9,Codonopsis pilosula subsp. tangshen_JZVFJDZBLUFKCA
3674,codonopsis tangshen oliv,vanillic acid,Codonopsis pilosula subsp. tangshen,Codonopsis pilosula subsp. tangshen (Oliv.) D.Y.Hong,WKOLLVMJNQIZCI,10.1007/s11418-014-0861-9,Codonopsis pilosula subsp. tangshen_WKOLLVMJNQIZCI
3675,codonopsis tangshen oliv,5-hydroxymethyl-2-furaldehyde,Codonopsis pilosula subsp. tangshen,Codonopsis pilosula subsp. tangshen (Oliv.) D.Y.Hong,NOEGNKMFWQHSLB,10.1007/s11418-014-0861-9,Codonopsis pilosula subsp. tangshen_NOEGNKMFWQHSLB
3676,codonopsis tangshen oliv,taraxeryl acetate,Codonopsis pilosula subsp. tangshen,Codonopsis pilosula subsp. tangshen (Oliv.) D.Y.Hong,YWJGYBXHXATAQY,10.1007/s11418-014-0861-9,Codonopsis pilosula subsp. tangshen_YWJGYBXHXATAQY
3679,codonopsis lanceolata (sieb. et zucc.) benth. & hook. f. ex trautv,eclalbasaponin xiii,Codonopsis lanceolata,Codonopsis lanceolata (Siebold & Zucc.) Benth. & Hook.f. ex Trautv.,UKUKDKRGVVIVIE,10.1007/s11418-014-0861-9,Codonopsis lanceolata_UKUKDKRGVVIVIE
3680,codonopsis lanceolata (sieb. et zucc.) benth. & hook. f. ex trautv,friedelin,Codonopsis lanceolata,Codonopsis lanceolata (Siebold & Zucc.) Benth. & Hook.f. ex Trautv.,OFMXGFHWLZPCFL,10.1007/s11418-014-0861-9,Codonopsis lanceolata_OFMXGFHWLZPCFL
3682,codonopsis lanceolata (sieb. et zucc.) benth. & hook. f. ex trautv,oleanolic acid,Codonopsis lanceolata,Codonopsis lanceolata (Siebold & Zucc.) Benth. & Hook.f. ex Trautv.,MIJYXULNPSFWEK,10.1007/s11418-014-0861-9,Codonopsis lanceolata_MIJYXULNPSFWEK
3684,codonopsis lanceolata (sieb. et zucc.) benth. & hook. f. ex trautv,tangshenoside iv,Codonopsis lanceolata,Codonopsis lanceolata (Siebold & Zucc.) Benth. & Hook.f. ex Trautv.,ULGBUJXRALOERZ,10.1007/s11418-014-0861-9,Codonopsis lanceolata_ULGBUJXRALOERZ
3686,codonopsis lanceolata (sieb. et zucc.) benth. & hook. f. ex trautv,"1,2,3,4-tetrahydro-β-carboline-3-carboxylic acid",Codonopsis lanceolata,Codonopsis lanceolata (Siebold & Zucc.) Benth. & Hook.f. ex Trautv.,FSNCEEGOMTYXKY,10.1007/s11418-014-0861-9,Codonopsis lanceolata_FSNCEEGOMTYXKY
3688,codonopsis lanceolata (sieb. et zucc.) benth. & hook. f. ex trautv,norharman,Codonopsis lanceolata,Codonopsis lanceolata (Siebold & Zucc.) Benth. & Hook.f. ex Trautv.,AIFRHYZBTHREPW,10.1007/s11418-014-0861-9,Codonopsis lanceolata_AIFRHYZBTHREPW
3691,codonopsis lanceolata (sieb. et zucc.) benth. & hook. f. ex trautv,tangshenoside iii,Codonopsis lanceolata,Codonopsis lanceolata (Siebold & Zucc.) Benth. & Hook.f. ex Trautv.,ARZBVSLYYBTHNA,10.1007/s11418-014-0861-9,Codonopsis lanceolata_ARZBVSLYYBTHNA
3692,codonopsis lanceolata (sieb. et zucc.) benth. & hook. f. ex trautv,lobetyolin,Codonopsis lanceolata,Codonopsis lanceolata (Siebold & Zucc.) Benth. & Hook.f. ex Trautv.,MMMUDYVKKPDZHS,10.1007/s11418-014-0861-9,Codonopsis lanceolata_MMMUDYVKKPDZHS
3695,codonopsis lanceolata (sieb. et zucc.) benth. & hook. f. ex trautv,stigmasterol,Codonopsis lanceolata,Codonopsis lanceolata (Siebold & Zucc.) Benth. & Hook.f. ex Trautv.,HCXVJBMSMIARIN,10.1007/s11418-014-0861-9,Codonopsis lanceolata_HCXVJBMSMIARIN
3697,codonopsis lanceolata (sieb. et zucc.) benth. & hook. f. ex trautv,tryptophan,Codonopsis lanceolata,Codonopsis lanceolata (Siebold & Zucc.) Benth. & Hook.f. ex Trautv.,QIVBCDIJIAJPQS,10.1007/s11418-014-0861-9,Codonopsis lanceolata_QIVBCDIJIAJPQS
3698,codonopsis lanceolata (sieb. et zucc.) benth. & hook. f. ex trautv,shikimic acid,Codonopsis lanceolata,Codonopsis lanceolata (Siebold & Zucc.) Benth. & Hook.f. ex Trautv.,JXOHGGNKMLTUBP,10.1007/s11418-014-0861-9,Codonopsis lanceolata_JXOHGGNKMLTUBP
3710,codonopsis cordifolioidea,isoconiferin,Codonopsis cordifolioidea,Codonopsis cordifolioidea P.C.Tsoong,KEOQVSSHVYLFJO,10.1007/s11418-014-0861-9,Codonopsis cordifolioidea_KEOQVSSHVYLFJO
3713,codonopsis nervosa,luteolin-5-o-β-d-glucopyranoside,Codonopsis foetens subsp. nervosa,Codonopsis foetens subsp. nervosa (Chipp) D.Y.Hong,KBGKQZVCLWKUDQ,10.1007/s11418-014-0861-9,Codonopsis foetens subsp. nervosa_KBGKQZVCLWKUDQ
3714,codonopsis nervosa,lupeol,Codonopsis foetens subsp. nervosa,Codonopsis foetens subsp. nervosa (Chipp) D.Y.Hong,MQYXUWHLBZFQQO,10.1007/s11418-014-0861-9,Codonopsis foetens subsp. nervosa_MQYXUWHLBZFQQO
3715,codonopsis nervosa,kaempferol,Codonopsis foetens subsp. nervosa,Codonopsis foetens subsp. nervosa (Chipp) D.Y.Hong,IYRMWMYZSQPJKC,10.1007/s11418-014-0861-9,Codonopsis foetens subsp. nervosa_IYRMWMYZSQPJKC
3716,codonopsis nervosa,3-o-caffeoylquinic acid,Codonopsis foetens subsp. nervosa,Codonopsis foetens subsp. nervosa (Chipp) D.Y.Hong,CWVRJTMFETXNAD,10.1007/s11418-014-0861-9,Codonopsis foetens subsp. nervosa_CWVRJTMFETXNAD
3717,codonopsis nervosa,lobetyolin,Codonopsis foetens subsp. nervosa,Codonopsis foetens subsp. nervosa (Chipp) D.Y.Hong,MMMUDYVKKPDZHS,10.1007/s11418-014-0861-9,Codonopsis foetens subsp. nervosa_MMMUDYVKKPDZHS
3718,codonopsis nervosa,5-o-caffeoylquinic acid,Codonopsis foetens subsp. nervosa,Codonopsis foetens subsp. nervosa (Chipp) D.Y.Hong,CWVRJTMFETXNAD,10.1007/s11418-014-0861-9,Codonopsis foetens subsp. nervosa_CWVRJTMFETXNAD
3719,codonopsis nervosa,4-(β-d-glucopyranosyl)-benzoic acid,Codonopsis foetens subsp. nervosa,Codonopsis foetens subsp. nervosa (Chipp) D.Y.Hong,SWYCIYFAARWVPM,10.1007/s11418-014-0861-9,Codonopsis foetens subsp. nervosa_SWYCIYFAARWVPM
3720,codonopsis nervosa,syringin,Codonopsis foetens subsp. nervosa,Codonopsis foetens subsp. nervosa (Chipp) D.Y.Hong,QJVXKWHHAMZTBY,10.1007/s11418-014-0861-9,Codonopsis foetens subsp. nervosa_QJVXKWHHAMZTBY
3721,codonopsis nervosa,zeorin,Codonopsis foetens subsp. nervosa,Codonopsis foetens subsp. nervosa (Chipp) D.Y.Hong,KYBLAIAGFNCVHL,10.1007/s11418-014-0861-9,Codonopsis foetens subsp. nervosa_KYBLAIAGFNCVHL
3722,codonopsis nervosa,β-sitosterol,Codonopsis foetens subsp. nervosa,Codonopsis foetens subsp. nervosa (Chipp) D.Y.Hong,KZJWDPNRJALLNS,10.1007/s11418-014-0861-9,Codonopsis foetens subsp. nervosa_KZJWDPNRJALLNS
3723,codonopsis nervosa,apigenin-7-o-β-d-glucopyranoside,Codonopsis foetens subsp. nervosa,Codonopsis foetens subsp. nervosa (Chipp) D.Y.Hong,KMOUJOKENFFTPU,10.1007/s11418-014-0861-9,Codonopsis foetens subsp. nervosa_KMOUJOKENFFTPU
3724,codonopsis nervosa,succinic acid,Codonopsis foetens subsp. nervosa,Codonopsis foetens subsp. nervosa (Chipp) D.Y.Hong,KDYFGRWQOYBRFD,10.1007/s11418-014-0861-9,Codonopsis foetens subsp. nervosa_KDYFGRWQOYBRFD
3725,codonopsis nervosa,sweroside,Codonopsis foetens subsp. nervosa,Codonopsis foetens subsp. nervosa (Chipp) D.Y.Hong,VSJGJMKGNMDJCI,10.1007/s11418-014-0861-9,Codonopsis foetens subsp. nervosa_VSJGJMKGNMDJCI
3726,codonopsis thalictrifolia,β-amyrin acetate,Codonopsis thalictrifolia,Codonopsis thalictrifolia Wall.,UMRPOGLIBDXFNK,10.1007/s11418-014-0861-9,Codonopsis thalictrifolia_UMRPOGLIBDXFNK
3727,codonopsis thalictrifolia,luteolin-5-o-β-d-glucopyranoside,Codonopsis thalictrifolia,Codonopsis thalictrifolia Wall.,KBGKQZVCLWKUDQ,10.1007/s11418-014-0861-9,Codonopsis thalictrifolia_KBGKQZVCLWKUDQ
3728,codonopsis thalictrifolia,linoleic acid,Codonopsis thalictrifolia,Codonopsis thalictrifolia Wall.,OYHQOLUKZRVURQ,10.1007/s11418-014-0861-9,Codonopsis thalictrifolia_OYHQOLUKZRVURQ
3729,codonopsis thalictrifolia,3-o-caffeoylquinic acid,Codonopsis thalictrifolia,Codonopsis thalictrifolia Wall.,CWVRJTMFETXNAD,10.1007/s11418-014-0861-9,Codonopsis thalictrifolia_CWVRJTMFETXNAD
3730,codonopsis thalictrifolia,lobetyolin,Codonopsis thalictrifolia,Codonopsis thalictrifolia Wall.,MMMUDYVKKPDZHS,10.1007/s11418-014-0861-9,Codonopsis thalictrifolia_MMMUDYVKKPDZHS
3731,codonopsis thalictrifolia,caffeic acid,Codonopsis thalictrifolia,Codonopsis thalictrifolia Wall.,QAIPRVGONGVQAS,10.1007/s11418-014-0861-9,Codonopsis thalictrifolia_QAIPRVGONGVQAS
3732,codonopsis thalictrifolia,syringin,Codonopsis thalictrifolia,Codonopsis thalictrifolia Wall.,QJVXKWHHAMZTBY,10.1007/s11418-014-0861-9,Codonopsis thalictrifolia_QJVXKWHHAMZTBY
3733,codonopsis thalictrifolia,α-spinasterol,Codonopsis thalictrifolia,Codonopsis thalictrifolia Wall.,JZVFJDZBLUFKCA,10.1007/s11418-014-0861-9,Codonopsis thalictrifolia_JZVFJDZBLUFKCA
3734,codonopsis xundianensis,chrysoeriol,Codonopsis,Codonopsis Wall.,SCZVLDHREVKTSH,10.1007/s11418-014-0861-9,Codonopsis_SCZVLDHREVKTSH
3735,codonopsis xundianensis,wogonin,Codonopsis,Codonopsis Wall.,XLTFNNCXVBYBSX,10.1007/s11418-014-0861-9,Codonopsis_XLTFNNCXVBYBSX
3736,codonopsis xundianensis,tricin,Codonopsis,Codonopsis Wall.,HRGUSFBJBOKSML,10.1007/s11418-014-0861-9,Codonopsis_HRGUSFBJBOKSML
3737,codonopsis tubulosa,lobetyolin,Codonopsis tubulosa,Codonopsis tubulosa Kom.,MMMUDYVKKPDZHS,10.1007/s11418-014-0861-9,Codonopsis tubulosa_MMMUDYVKKPDZHS
3739,aloe barbadensis miller,cinnamic acid,Aloe vera,Aloe vera (L.) Burm.f.,WBYWAXJHAXSJNI,10.46488/nept.2025.v24i01.b4182,Aloe vera_WBYWAXJHAXSJNI
3741,aloe barbadensis miller,mannose-6-phosphate,Aloe vera,Aloe vera (L.) Burm.f.,VFRROHXSMXFLSN,10.46488/nept.2025.v24i01.b4182,Aloe vera_VFRROHXSMXFLSN
3744,aloe barbadensis miller,peroxidase,Aloe vera,Aloe vera (L.) Burm.f.,HRNLUBSXIHFDHP,10.46488/nept.2025.v24i01.b4182,Aloe vera_HRNLUBSXIHFDHP
3746,aloe barbadensis miller,anthraquinones,Aloe vera,Aloe vera (L.) Burm.f.,RZVHIXYEVGDQDX,10.46488/nept.2025.v24i01.b4182,Aloe vera_RZVHIXYEVGDQDX
3748,aloe barbadensis miller,alkaline phosphatase,Aloe vera,Aloe vera (L.) Burm.f.,ITZMJCSORYKOSI,10.46488/nept.2025.v24i01.b4182,Aloe vera_ITZMJCSORYKOSI
3749,aloe barbadensis miller,saponin,Aloe vera,Aloe vera (L.) Burm.f.,MAEBCGDGGATMSC,10.46488/nept.2025.v24i01.b4182,Aloe vera_MAEBCGDGGATMSC
3750,aloe barbadensis miller,gibberellin,Aloe vera,Aloe vera (L.) Burm.f.,IXORZMNAPKEEDV,10.46488/nept.2025.v24i01.b4182,Aloe vera_IXORZMNAPKEEDV
3752,micromeria albanica (griseb. ex k. maly) silic,piperitenone oxide,Clinopodium albanicum,Clinopodium albanicum (Griseb. ex K.Malý) Melnikov,AKASWINDKIEEBO,10.30495/tpr.2022.694114,Clinopodium albanicum_AKASWINDKIEEBO
3753,micromeria albanica (griseb. ex k. maly) silic,piperitone,Clinopodium albanicum,Clinopodium albanicum (Griseb. ex K.Malý) Melnikov,YSTPAHQEHQSRJD,10.30495/tpr.2022.694114,Clinopodium albanicum_YSTPAHQEHQSRJD
3754,micromeria albanica (griseb. ex k. maly) silic,piperitone oxide,Clinopodium albanicum,Clinopodium albanicum (Griseb. ex K.Malý) Melnikov,IAFONZHDZMCORS,10.30495/tpr.2022.694114,Clinopodium albanicum_IAFONZHDZMCORS
3755,micromeria albanica (griseb. ex k. maly) silic,piperitenone,Clinopodium albanicum,Clinopodium albanicum (Griseb. ex K.Malý) Melnikov,HKZQJZIFODOLFR,10.30495/tpr.2022.694114,Clinopodium albanicum_HKZQJZIFODOLFR
3756,micromeria albanica (griseb. ex k. maly) silic,limonene,Clinopodium albanicum,Clinopodium albanicum (Griseb. ex K.Malý) Melnikov,XMGQYMWWDOXHJM,10.30495/tpr.2022.694114,Clinopodium albanicum_XMGQYMWWDOXHJM
3757,micromeria albanica (griseb. ex k. maly) silic,spathulenol,Clinopodium albanicum,Clinopodium albanicum (Griseb. ex K.Malý) Melnikov,FRMCCTDTYSRUBE,10.30495/tpr.2022.694114,Clinopodium albanicum_FRMCCTDTYSRUBE
3758,micromeria albanica (griseb. ex k. maly) silic,pulegone,Clinopodium albanicum,Clinopodium albanicum (Griseb. ex K.Malý) Melnikov,NZGWDASTMWDZIW,10.30495/tpr.2022.694114,Clinopodium albanicum_NZGWDASTMWDZIW
3759,micromeria barbata fisch. & c.a.mey,piperitone,Clinopodium douglasii,Clinopodium douglasii (Benth.) Kuntze,YSTPAHQEHQSRJD,10.30495/tpr.2022.694114,Clinopodium douglasii_YSTPAHQEHQSRJD
3760,micromeria barbata fisch. & c.a.mey,neomenthol,Clinopodium douglasii,Clinopodium douglasii (Benth.) Kuntze,NOOLISFMXDJSKH,10.30495/tpr.2022.694114,Clinopodium douglasii_NOOLISFMXDJSKH
3761,micromeria barbata fisch. & c.a.mey,menthol,Clinopodium douglasii,Clinopodium douglasii (Benth.) Kuntze,NOOLISFMXDJSKH,10.30495/tpr.2022.694114,Clinopodium douglasii_NOOLISFMXDJSKH
3762,micromeria barbata fisch. & c.a.mey,β-pinene,Clinopodium douglasii,Clinopodium douglasii (Benth.) Kuntze,WTARULDDTDQWMU,10.30495/tpr.2022.694114,Clinopodium douglasii_WTARULDDTDQWMU
3763,micromeria barbata fisch. & c.a.mey,limonene,Clinopodium douglasii,Clinopodium douglasii (Benth.) Kuntze,XMGQYMWWDOXHJM,10.30495/tpr.2022.694114,Clinopodium douglasii_XMGQYMWWDOXHJM
3766,micromeria biflora (buch. ham. ex d. don) benth,germacrene-d,Micromeria biflora,Micromeria biflora (Buch.-Ham. ex D.Don) Benth.,GAIBLDCXCZKKJE,10.30495/tpr.2022.694114,Micromeria biflora_GAIBLDCXCZKKJE
3769,micromeria biflora (buch. ham. ex d. don) benth,α-myrcene,Micromeria biflora,Micromeria biflora (Buch.-Ham. ex D.Don) Benth.,VYBREYKSZAROCT,10.30495/tpr.2022.694114,Micromeria biflora_VYBREYKSZAROCT
3777,micromeria carminea p.h. davis,cedrol,Micromeria cristata subsp. carminea,Micromeria cristata subsp. carminea (P.H.Davis) P.H.Davis,SVURIXNDRWRAFU,10.30495/tpr.2022.694114,Micromeria cristata subsp. carminea_SVURIXNDRWRAFU
3778,micromeria carminea p.h. davis,camphor,Micromeria cristata subsp. carminea,Micromeria cristata subsp. carminea (P.H.Davis) P.H.Davis,DSSYKIVIOFKYAU,10.30495/tpr.2022.694114,Micromeria cristata subsp. carminea_DSSYKIVIOFKYAU
3779,micromeria carminea p.h. davis,borneol,Micromeria cristata subsp. carminea,Micromeria cristata subsp. carminea (P.H.Davis) P.H.Davis,DTGKSKDOIYIVQL,10.30495/tpr.2022.694114,Micromeria cristata subsp. carminea_DTGKSKDOIYIVQL
3780,micromeria cilicica hausskn. ex p.h.davis,nerol,Clinopodium cilicicum,Clinopodium cilicicum (Hausskn. ex P.H.Davis) Bräuchler & Heubl,GLZPCOQZEFWAFX,10.30495/tpr.2022.694114,Clinopodium cilicicum_GLZPCOQZEFWAFX
3781,micromeria cilicica hausskn. ex p.h.davis,trans-p-menthone,Clinopodium cilicicum,Clinopodium cilicicum (Hausskn. ex P.H.Davis) Bräuchler & Heubl,NFLGAXVYCFJBMK,10.30495/tpr.2022.694114,Clinopodium cilicicum_NFLGAXVYCFJBMK
3782,micromeria cilicica hausskn. ex p.h.davis,cis-p-menthone,Clinopodium cilicicum,Clinopodium cilicicum (Hausskn. ex P.H.Davis) Bräuchler & Heubl,NFLGAXVYCFJBMK,10.30495/tpr.2022.694114,Clinopodium cilicicum_NFLGAXVYCFJBMK
3783,micromeria cilicica hausskn. ex p.h.davis,pulegone,Clinopodium cilicicum,Clinopodium cilicicum (Hausskn. ex P.H.Davis) Bräuchler & Heubl,NZGWDASTMWDZIW,10.30495/tpr.2022.694114,Clinopodium cilicicum_NZGWDASTMWDZIW
3785,micromeria congesta boiss. et hausskn. ex boiss,trans-piperitone epoxide,Clinopodium congestum,Clinopodium congestum (Boiss. & Hausskn.) Kuntze,IAFONZHDZMCORS,10.30495/tpr.2022.694114,Clinopodium congestum_IAFONZHDZMCORS
3786,micromeria congesta boiss. et hausskn. ex boiss,piperitone oxide,Clinopodium congestum,Clinopodium congestum (Boiss. & Hausskn.) Kuntze,IAFONZHDZMCORS,10.30495/tpr.2022.694114,Clinopodium congestum_IAFONZHDZMCORS
3790,micromeria cremnophila boiss. et heldr,(e)-β-farnesene,Micromeria cremnophila,Micromeria cremnophila Boiss. & Heldr.,JSNRRGGBADWTMC,10.30495/tpr.2022.694114,Micromeria cremnophila_JSNRRGGBADWTMC
3791,micromeria cremnophila boiss. et heldr,bicyclogermacrene,Micromeria cremnophila,Micromeria cremnophila Boiss. & Heldr.,VPDZRSSKICPUEY,10.30495/tpr.2022.694114,Micromeria cremnophila_VPDZRSSKICPUEY
3792,micromeria cremnophila boiss. et heldr,caryophyllene oxide,Micromeria cremnophila,Micromeria cremnophila Boiss. & Heldr.,NVEQFIOZRFFVFW,10.30495/tpr.2022.694114,Micromeria cremnophila_NVEQFIOZRFFVFW
3794,micromeria cristata (hampe) griseb,camphor,Micromeria cristata,Micromeria cristata (Hampe) Griseb.,DSSYKIVIOFKYAU,10.30495/tpr.2022.694114,Micromeria cristata_DSSYKIVIOFKYAU
3795,micromeria cristata (hampe) griseb,isoborneol,Micromeria cristata,Micromeria cristata (Hampe) Griseb.,DTGKSKDOIYIVQL,10.30495/tpr.2022.694114,Micromeria cristata_DTGKSKDOIYIVQL
3796,micromeria cristata (hampe) griseb,10-epi-α-cadinol,Micromeria cristata,Micromeria cristata (Hampe) Griseb.,LHYHMMRYTDARSZ,10.30495/tpr.2022.694114,Micromeria cristata_LHYHMMRYTDARSZ
3797,micromeria cristata (hampe) griseb,bornyl acetate,Micromeria cristata,Micromeria cristata (Hampe) Griseb.,KGEKLUUHTZCSIP,10.30495/tpr.2022.694114,Micromeria cristata_KGEKLUUHTZCSIP
3798,micromeria cristata (hampe) griseb,"1,8-cineole",Micromeria cristata,Micromeria cristata (Hampe) Griseb.,WEEGYLXZBRQIMU,10.30495/tpr.2022.694114,Micromeria cristata_WEEGYLXZBRQIMU
3799,micromeria cristata (hampe) griseb,verbenone,Micromeria cristata,Micromeria cristata (Hampe) Griseb.,DCSCXTJOXBUFGB,10.30495/tpr.2022.694114,Micromeria cristata_DCSCXTJOXBUFGB
3800,micromeria cristata (hampe) griseb,thujan-3-ol,Micromeria cristata,Micromeria cristata (Hampe) Griseb.,DZVXRFMREAADPP,10.30495/tpr.2022.694114,Micromeria cristata_DZVXRFMREAADPP
3801,micromeria cristata (hampe) griseb,cis-thujone,Micromeria cristata,Micromeria cristata (Hampe) Griseb.,USMNOWBWPHYOEA,10.30495/tpr.2022.694114,Micromeria cristata_USMNOWBWPHYOEA
3802,micromeria cristata (hampe) griseb,globulol,Micromeria cristata,Micromeria cristata (Hampe) Griseb.,AYXPYQRXGNDJFU,10.30495/tpr.2022.694114,Micromeria cristata_AYXPYQRXGNDJFU
3803,micromeria cristata (hampe) griseb,caryophyllene oxide,Micromeria cristata,Micromeria cristata (Hampe) Griseb.,NVEQFIOZRFFVFW,10.30495/tpr.2022.694114,Micromeria cristata_NVEQFIOZRFFVFW
3804,micromeria cristata (hampe) griseb,spathulenol,Micromeria cristata,Micromeria cristata (Hampe) Griseb.,FRMCCTDTYSRUBE,10.30495/tpr.2022.694114,Micromeria cristata_FRMCCTDTYSRUBE
3805,micromeria cristata (hampe) griseb,borneol,Micromeria cristata,Micromeria cristata (Hampe) Griseb.,DTGKSKDOIYIVQL,10.30495/tpr.2022.694114,Micromeria cristata_DTGKSKDOIYIVQL
3806,micromeria cristata (hampe) griseb,(e)-nerolidol,Micromeria cristata,Micromeria cristata (Hampe) Griseb.,FQTLCLSUCSAZDY,10.30495/tpr.2022.694114,Micromeria cristata_FQTLCLSUCSAZDY
3807,micromeria cristata (hampe) griseb,α-cadinol,Micromeria cristata,Micromeria cristata (Hampe) Griseb.,LHYHMMRYTDARSZ,10.30495/tpr.2022.694114,Micromeria cristata_LHYHMMRYTDARSZ
3808,micromeria croatica (pers.) schott,myrtenol,Micromeria croatica,Micromeria croatica (Pers.) Schott,RXBQNMWIQKOSCS,10.30495/tpr.2022.694114,Micromeria croatica_RXBQNMWIQKOSCS
3809,micromeria croatica (pers.) schott,"cis-p-mentha-1(7),8-dien-2-ol",Micromeria croatica,Micromeria croatica (Pers.) Schott,PNVTXOFNJFHXOK,10.30495/tpr.2022.694114,Micromeria croatica_PNVTXOFNJFHXOK
3810,micromeria croatica (pers.) schott,α-terpinene,Micromeria croatica,Micromeria croatica (Pers.) Schott,YHQGMYUVUMAZJR,10.30495/tpr.2022.694114,Micromeria croatica_YHQGMYUVUMAZJR
3811,micromeria croatica (pers.) schott,geranial,Micromeria croatica,Micromeria croatica (Pers.) Schott,WTEVQBCEXWBHNA,10.30495/tpr.2022.694114,Micromeria croatica_WTEVQBCEXWBHNA
3812,micromeria croatica (pers.) schott,β-bisabolol,Micromeria croatica,Micromeria croatica (Pers.) Schott,WTVHAMTYZJGJLJ,10.30495/tpr.2022.694114,Micromeria croatica_WTVHAMTYZJGJLJ
3813,micromeria croatica (pers.) schott,neryl acetate,Micromeria croatica,Micromeria croatica (Pers.) Schott,HIGQPQRQIQDZMP,10.30495/tpr.2022.694114,Micromeria croatica_HIGQPQRQIQDZMP
3814,micromeria croatica (pers.) schott,β-vetivenene,Micromeria croatica,Micromeria croatica (Pers.) Schott,QSUQBXKPPUWLTH,10.30495/tpr.2022.694114,Micromeria croatica_QSUQBXKPPUWLTH
3815,micromeria croatica (pers.) schott,thymol methyl ether,Micromeria croatica,Micromeria croatica (Pers.) Schott,LSQXNMXDFRRDSJ,10.30495/tpr.2022.694114,Micromeria croatica_LSQXNMXDFRRDSJ
3817,micromeria croatica (pers.) schott,caryophyllene acetate,Micromeria croatica,Micromeria croatica (Pers.) Schott,SJDDHMSVZMBJPH,10.30495/tpr.2022.694114,Micromeria croatica_SJDDHMSVZMBJPH
3819,micromeria croatica (pers.) schott,α-cubebene,Micromeria croatica,Micromeria croatica (Pers.) Schott,XUEHVOLRMXNRKQ,10.30495/tpr.2022.694114,Micromeria croatica_XUEHVOLRMXNRKQ
3820,micromeria croatica (pers.) schott,α-cadinene,Micromeria croatica,Micromeria croatica (Pers.) Schott,QMAYBMKBYCGXDH,10.30495/tpr.2022.694114,Micromeria croatica_QMAYBMKBYCGXDH
3822,micromeria croatica (pers.) schott,δ-cadinene,Micromeria croatica,Micromeria croatica (Pers.) Schott,FUCYIEXQVQJBKY,10.30495/tpr.2022.694114,Micromeria croatica_FUCYIEXQVQJBKY
3823,micromeria croatica (pers.) schott,"cis-p-mentha-1(7),8-dien-ol",Micromeria croatica,Micromeria croatica (Pers.) Schott,QYNSYIHTNODQME,10.30495/tpr.2022.694114,Micromeria croatica_QYNSYIHTNODQME
3824,micromeria croatica (pers.) schott,viridiflorol,Micromeria croatica,Micromeria croatica (Pers.) Schott,AYXPYQRXGNDJFU,10.30495/tpr.2022.694114,Micromeria croatica_AYXPYQRXGNDJFU
3826,micromeria croatica (pers.) schott,linalool,Micromeria croatica,Micromeria croatica (Pers.) Schott,CDOSHBSSFJOMGT,10.30495/tpr.2022.694114,Micromeria croatica_CDOSHBSSFJOMGT
3827,micromeria croatica (pers.) schott,thymol acetate,Micromeria croatica,Micromeria croatica (Pers.) Schott,WFMIUXMJJBBOGJ,10.30495/tpr.2022.694114,Micromeria croatica_WFMIUXMJJBBOGJ
3829,micromeria croatica (pers.) schott,β-caryophyllene,Micromeria croatica,Micromeria croatica (Pers.) Schott,NPNUFJAVOOONJE,10.30495/tpr.2022.694114,Micromeria croatica_NPNUFJAVOOONJE
3831,micromeria croatica (pers.) schott,geraniol,Micromeria croatica,Micromeria croatica (Pers.) Schott,GLZPCOQZEFWAFX,10.30495/tpr.2022.694114,Micromeria croatica_GLZPCOQZEFWAFX
3833,micromeria dalmatica benth,menthone,Clinopodium dalmaticum,Clinopodium dalmaticum (Benth.) Bräuchler & Heubl,NFLGAXVYCFJBMK,10.30495/tpr.2022.694114,Clinopodium dalmaticum_NFLGAXVYCFJBMK
3834,micromeria dalmatica benth,piperitenone oxide,Clinopodium dalmaticum,Clinopodium dalmaticum (Benth.) Bräuchler & Heubl,AKASWINDKIEEBO,10.30495/tpr.2022.694114,Clinopodium dalmaticum_AKASWINDKIEEBO
3835,micromeria dalmatica benth,piperitone,Clinopodium dalmaticum,Clinopodium dalmaticum (Benth.) Bräuchler & Heubl,YSTPAHQEHQSRJD,10.30495/tpr.2022.694114,Clinopodium dalmaticum_YSTPAHQEHQSRJD
3836,micromeria dalmatica benth,germacrene d,Clinopodium dalmaticum,Clinopodium dalmaticum (Benth.) Bräuchler & Heubl,GAIBLDCXCZKKJE,10.30495/tpr.2022.694114,Clinopodium dalmaticum_GAIBLDCXCZKKJE
3837,micromeria dalmatica benth,isomenthone,Clinopodium dalmaticum,Clinopodium dalmaticum (Benth.) Bräuchler & Heubl,NFLGAXVYCFJBMK,10.30495/tpr.2022.694114,Clinopodium dalmaticum_NFLGAXVYCFJBMK
3838,micromeria dalmatica benth,piperitenone,Clinopodium dalmaticum,Clinopodium dalmaticum (Benth.) Bräuchler & Heubl,HKZQJZIFODOLFR,10.30495/tpr.2022.694114,Clinopodium dalmaticum_HKZQJZIFODOLFR
3839,micromeria dalmatica benth,limonene,Clinopodium dalmaticum,Clinopodium dalmaticum (Benth.) Bräuchler & Heubl,XMGQYMWWDOXHJM,10.30495/tpr.2022.694114,Clinopodium dalmaticum_XMGQYMWWDOXHJM
3840,micromeria dalmatica benth,spathulenol,Clinopodium dalmaticum,Clinopodium dalmaticum (Benth.) Bräuchler & Heubl,FRMCCTDTYSRUBE,10.30495/tpr.2022.694114,Clinopodium dalmaticum_FRMCCTDTYSRUBE
3841,micromeria dalmatica benth,pulegone,Clinopodium dalmaticum,Clinopodium dalmaticum (Benth.) Bräuchler & Heubl,NZGWDASTMWDZIW,10.30495/tpr.2022.694114,Clinopodium dalmaticum_NZGWDASTMWDZIW
3842,micromeria debilis pomel,linalool,Micromeria debilis,Micromeria debilis Pomel,CDOSHBSSFJOMGT,10.30495/tpr.2022.694114,Micromeria debilis_CDOSHBSSFJOMGT
3843,micromeria debilis pomel,geranial,Micromeria debilis,Micromeria debilis Pomel,WTEVQBCEXWBHNA,10.30495/tpr.2022.694114,Micromeria debilis_WTEVQBCEXWBHNA
3844,micromeria debilis pomel,β-pinene,Micromeria debilis,Micromeria debilis Pomel,WTARULDDTDQWMU,10.30495/tpr.2022.694114,Micromeria debilis_WTARULDDTDQWMU
3845,micromeria debilis pomel,caryophyllene oxide,Micromeria debilis,Micromeria debilis Pomel,NVEQFIOZRFFVFW,10.30495/tpr.2022.694114,Micromeria debilis_NVEQFIOZRFFVFW
3846,micromeria debilis pomel,(e)-β-caryophyllene,Micromeria debilis,Micromeria debilis Pomel,NPNUFJAVOOONJE,10.30495/tpr.2022.694114,Micromeria debilis_NPNUFJAVOOONJE
3847,micromeria debilis pomel,germacrene d,Micromeria debilis,Micromeria debilis Pomel,GAIBLDCXCZKKJE,10.30495/tpr.2022.694114,Micromeria debilis_GAIBLDCXCZKKJE
3848,micromeria dolichodontha p. h. davis,β-caryophyllene,Clinopodium dolichodontum,Clinopodium dolichodontum (P.H.Davis) Bräuchler & Heubl,NPNUFJAVOOONJE,10.30495/tpr.2022.694114,Clinopodium dolichodontum_NPNUFJAVOOONJE
3849,micromeria dolichodontha p. h. davis,(e)-β-farnesene,Clinopodium dolichodontum,Clinopodium dolichodontum (P.H.Davis) Bräuchler & Heubl,JSNRRGGBADWTMC,10.30495/tpr.2022.694114,Clinopodium dolichodontum_JSNRRGGBADWTMC
3850,micromeria dolichodontha p. h. davis,bicyclogermacrene,Clinopodium dolichodontum,Clinopodium dolichodontum (P.H.Davis) Bräuchler & Heubl,VPDZRSSKICPUEY,10.30495/tpr.2022.694114,Clinopodium dolichodontum_VPDZRSSKICPUEY
3851,micromeria dolichodontha p. h. davis,caryophyllene oxide,Clinopodium dolichodontum,Clinopodium dolichodontum (P.H.Davis) Bräuchler & Heubl,NVEQFIOZRFFVFW,10.30495/tpr.2022.694114,Clinopodium dolichodontum_NVEQFIOZRFFVFW
3852,micromeria dolichodontha p. h. davis,germacrene d,Clinopodium dolichodontum,Clinopodium dolichodontum (P.H.Davis) Bräuchler & Heubl,GAIBLDCXCZKKJE,10.30495/tpr.2022.694114,Clinopodium dolichodontum_GAIBLDCXCZKKJE
3853,micromeria frivaldszkyana (degen) velen,menthone,Clinopodium frivaldszkyanum,Clinopodium frivaldszkyanum (Degen) Bräuchler & Heubl,NFLGAXVYCFJBMK,10.30495/tpr.2022.694114,Clinopodium frivaldszkyanum_NFLGAXVYCFJBMK
3854,micromeria frivaldszkyana (degen) velen,neomenthol,Clinopodium frivaldszkyanum,Clinopodium frivaldszkyanum (Degen) Bräuchler & Heubl,NOOLISFMXDJSKH,10.30495/tpr.2022.694114,Clinopodium frivaldszkyanum_NOOLISFMXDJSKH
3855,micromeria frivaldszkyana (degen) velen,pulegone,Clinopodium frivaldszkyanum,Clinopodium frivaldszkyanum (Degen) Bräuchler & Heubl,NZGWDASTMWDZIW,10.30495/tpr.2022.694114,Clinopodium frivaldszkyanum_NZGWDASTMWDZIW
3856,micromeria frivaldszkyana (degen) velen,limonene,Clinopodium frivaldszkyanum,Clinopodium frivaldszkyanum (Degen) Bräuchler & Heubl,XMGQYMWWDOXHJM,10.30495/tpr.2022.694114,Clinopodium frivaldszkyanum_XMGQYMWWDOXHJM
3857,micromeria frivaldszkyana (degen) velen,germacrene d,Clinopodium frivaldszkyanum,Clinopodium frivaldszkyanum (Degen) Bräuchler & Heubl,GAIBLDCXCZKKJE,10.30495/tpr.2022.694114,Clinopodium frivaldszkyanum_GAIBLDCXCZKKJE
3858,micromeria fruticosa (l.) druce,menthone,Clinopodium serpyllifolium subsp. fruticosum,Clinopodium serpyllifolium subsp. fruticosum (L.) Bräuchler,NFLGAXVYCFJBMK,10.30495/tpr.2022.694114,Clinopodium serpyllifolium subsp. fruticosum_NFLGAXVYCFJBMK
3859,micromeria fruticosa (l.) druce,piperitenone oxide,Clinopodium serpyllifolium subsp. fruticosum,Clinopodium serpyllifolium subsp. fruticosum (L.) Bräuchler,AKASWINDKIEEBO,10.30495/tpr.2022.694114,Clinopodium serpyllifolium subsp. fruticosum_AKASWINDKIEEBO
3860,micromeria fruticosa (l.) druce,β-caryophyllene,Clinopodium serpyllifolium subsp. fruticosum,Clinopodium serpyllifolium subsp. fruticosum (L.) Bräuchler,NPNUFJAVOOONJE,10.30495/tpr.2022.694114,Clinopodium serpyllifolium subsp. fruticosum_NPNUFJAVOOONJE
3861,micromeria fruticosa (l.) druce,piperitone,Clinopodium serpyllifolium subsp. fruticosum,Clinopodium serpyllifolium subsp. fruticosum (L.) Bräuchler,YSTPAHQEHQSRJD,10.30495/tpr.2022.694114,Clinopodium serpyllifolium subsp. fruticosum_YSTPAHQEHQSRJD
3862,micromeria fruticosa (l.) druce,isomenthone,Clinopodium serpyllifolium subsp. fruticosum,Clinopodium serpyllifolium subsp. fruticosum (L.) Bräuchler,NFLGAXVYCFJBMK,10.30495/tpr.2022.694114,Clinopodium serpyllifolium subsp. fruticosum_NFLGAXVYCFJBMK
3863,micromeria fruticosa (l.) druce,piperitenone,Clinopodium serpyllifolium subsp. fruticosum,Clinopodium serpyllifolium subsp. fruticosum (L.) Bräuchler,HKZQJZIFODOLFR,10.30495/tpr.2022.694114,Clinopodium serpyllifolium subsp. fruticosum_HKZQJZIFODOLFR
3864,micromeria fruticosa (l.) druce,"para-mentha-3,8-diene",Clinopodium serpyllifolium subsp. fruticosum,Clinopodium serpyllifolium subsp. fruticosum (L.) Bräuchler,AJSJXSBFZDIRIS,10.30495/tpr.2022.694114,Clinopodium serpyllifolium subsp. fruticosum_AJSJXSBFZDIRIS
3865,micromeria fruticosa (l.) druce,linalool,Clinopodium serpyllifolium subsp. fruticosum,Clinopodium serpyllifolium subsp. fruticosum (L.) Bräuchler,CDOSHBSSFJOMGT,10.30495/tpr.2022.694114,Clinopodium serpyllifolium subsp. fruticosum_CDOSHBSSFJOMGT
3866,micromeria fruticosa (l.) druce,isopulegone,Clinopodium serpyllifolium subsp. fruticosum,Clinopodium serpyllifolium subsp. fruticosum (L.) Bräuchler,RMIANEGNSBUGDJ,10.30495/tpr.2022.694114,Clinopodium serpyllifolium subsp. fruticosum_RMIANEGNSBUGDJ
3867,micromeria fruticosa (l.) druce,pulegone,Clinopodium serpyllifolium subsp. fruticosum,Clinopodium serpyllifolium subsp. fruticosum (L.) Bräuchler,NZGWDASTMWDZIW,10.30495/tpr.2022.694114,Clinopodium serpyllifolium subsp. fruticosum_NZGWDASTMWDZIW
3868,micromeria fruticulosa (bertol.) grande,β-caryophyllene,Micromeria graeca subsp. fruticulosa,Micromeria graeca subsp. fruticulosa (Bertol.) Guinea,NPNUFJAVOOONJE,10.30495/tpr.2022.694114,Micromeria graeca subsp. fruticulosa_NPNUFJAVOOONJE
3869,micromeria fruticulosa (bertol.) grande,γ-terpinene,Micromeria graeca subsp. fruticulosa,Micromeria graeca subsp. fruticulosa (Bertol.) Guinea,YKFLAYDHMOASIY,10.30495/tpr.2022.694114,Micromeria graeca subsp. fruticulosa_YKFLAYDHMOASIY
3870,micromeria fruticulosa (bertol.) grande,linalool,Micromeria graeca subsp. fruticulosa,Micromeria graeca subsp. fruticulosa (Bertol.) Guinea,CDOSHBSSFJOMGT,10.30495/tpr.2022.694114,Micromeria graeca subsp. fruticulosa_CDOSHBSSFJOMGT
3871,micromeria fruticulosa (bertol.) grande,β-bisabolene,Micromeria graeca subsp. fruticulosa,Micromeria graeca subsp. fruticulosa (Bertol.) Guinea,XZRVRYFILCSYSP,10.30495/tpr.2022.694114,Micromeria graeca subsp. fruticulosa_XZRVRYFILCSYSP
3872,micromeria fruticulosa (bertol.) grande,pinocarvone,Micromeria graeca subsp. fruticulosa,Micromeria graeca subsp. fruticulosa (Bertol.) Guinea,TZDMGBLPGZXHJI,10.30495/tpr.2022.694114,Micromeria graeca subsp. fruticulosa_TZDMGBLPGZXHJI
3873,micromeria fruticulosa (bertol.) grande,α-bisabolol,Micromeria graeca subsp. fruticulosa,Micromeria graeca subsp. fruticulosa (Bertol.) Guinea,RGZSQWQPBWRIAQ,10.30495/tpr.2022.694114,Micromeria graeca subsp. fruticulosa_RGZSQWQPBWRIAQ
3874,micromeria fruticulosa (bertol.) grande,α-pinene,Micromeria graeca subsp. fruticulosa,Micromeria graeca subsp. fruticulosa (Bertol.) Guinea,GRWFGVWFFZKLTI,10.30495/tpr.2022.694114,Micromeria graeca subsp. fruticulosa_GRWFGVWFFZKLTI
3875,micromeria fruticulosa (bertol.) grande,p-cymene,Micromeria graeca subsp. fruticulosa,Micromeria graeca subsp. fruticulosa (Bertol.) Guinea,HFPZCAJZSCWRBC,10.30495/tpr.2022.694114,Micromeria graeca subsp. fruticulosa_HFPZCAJZSCWRBC
3876,micromeria fruticulosa (bertol.) grande,caryophyllene oxide,Micromeria graeca subsp. fruticulosa,Micromeria graeca subsp. fruticulosa (Bertol.) Guinea,NVEQFIOZRFFVFW,10.30495/tpr.2022.694114,Micromeria graeca subsp. fruticulosa_NVEQFIOZRFFVFW
3877,micromeria fruticulosa (bertol.) grande,borneol,Micromeria graeca subsp. fruticulosa,Micromeria graeca subsp. fruticulosa (Bertol.) Guinea,DTGKSKDOIYIVQL,10.30495/tpr.2022.694114,Micromeria graeca subsp. fruticulosa_DTGKSKDOIYIVQL
3878,micromeria graeca (l.) bentham et reichenb,trans-linalool oxide,Micromeria graeca,Micromeria graeca (L.) Benth. ex Rchb.,BRHDDEIRQPDPMG,10.30495/tpr.2022.694114,Micromeria graeca_BRHDDEIRQPDPMG
3879,micromeria graeca (l.) bentham et reichenb,camphor,Micromeria graeca,Micromeria graeca (L.) Benth. ex Rchb.,DSSYKIVIOFKYAU,10.30495/tpr.2022.694114,Micromeria graeca_DSSYKIVIOFKYAU
3880,micromeria graeca (l.) bentham et reichenb,β-chamigrene,Micromeria graeca,Micromeria graeca (L.) Benth. ex Rchb.,WLNGPDPILFYWKF,10.30495/tpr.2022.694114,Micromeria graeca_WLNGPDPILFYWKF
3881,micromeria graeca (l.) bentham et reichenb,trans-verbenol,Micromeria graeca,Micromeria graeca (L.) Benth. ex Rchb.,WONIGEXYPVIKFS,10.30495/tpr.2022.694114,Micromeria graeca_WONIGEXYPVIKFS
3882,micromeria graeca (l.) bentham et reichenb,caryophyllene oxide,Micromeria graeca,Micromeria graeca (L.) Benth. ex Rchb.,NVEQFIOZRFFVFW,10.30495/tpr.2022.694114,Micromeria graeca_NVEQFIOZRFFVFW
3883,micromeria graeca (l.) bentham et reichenb,α-bisabolol,Micromeria graeca,Micromeria graeca (L.) Benth. ex Rchb.,RGZSQWQPBWRIAQ,10.30495/tpr.2022.694114,Micromeria graeca_RGZSQWQPBWRIAQ
3884,micromeria graeca (l.) bentham et reichenb,allo-aromadendrene,Micromeria graeca,Micromeria graeca (L.) Benth. ex Rchb.,ITYNGVSTWVVPIC,10.30495/tpr.2022.694114,Micromeria graeca_ITYNGVSTWVVPIC
3885,micromeria graeca (l.) bentham et reichenb,epi-α-bisabolol,Micromeria graeca,Micromeria graeca (L.) Benth. ex Rchb.,RGZSQWQPBWRIAQ,10.30495/tpr.2022.694114,Micromeria graeca_RGZSQWQPBWRIAQ
3886,micromeria graeca (l.) bentham et reichenb,linalool,Micromeria graeca,Micromeria graeca (L.) Benth. ex Rchb.,CDOSHBSSFJOMGT,10.30495/tpr.2022.694114,Micromeria graeca_CDOSHBSSFJOMGT
3887,micromeria graeca (l.) bentham et reichenb,spathulenol,Micromeria graeca,Micromeria graeca (L.) Benth. ex Rchb.,FRMCCTDTYSRUBE,10.30495/tpr.2022.694114,Micromeria graeca_FRMCCTDTYSRUBE
3888,micromeria graeca (l.) bentham et reichenb,germacrene d,Micromeria graeca,Micromeria graeca (L.) Benth. ex Rchb.,GAIBLDCXCZKKJE,10.30495/tpr.2022.694114,Micromeria graeca_GAIBLDCXCZKKJE
3889,micromeria hedgei rech. f,neral,Micromeria hedgei,Micromeria hedgei Rech.f.,WTEVQBCEXWBHNA,10.30495/tpr.2022.694114,Micromeria hedgei_WTEVQBCEXWBHNA
3890,micromeria hedgei rech. f,α-humulene,Micromeria hedgei,Micromeria hedgei Rech.f.,FAMPSKZZVDUYOS,10.30495/tpr.2022.694114,Micromeria hedgei_FAMPSKZZVDUYOS
3891,micromeria hedgei rech. f,carvacrol,Micromeria hedgei,Micromeria hedgei Rech.f.,RECUKUPTGUEGMW,10.30495/tpr.2022.694114,Micromeria hedgei_RECUKUPTGUEGMW
3892,micromeria hedgei rech. f,(e)-caryophyllene,Micromeria hedgei,Micromeria hedgei Rech.f.,NPNUFJAVOOONJE,10.30495/tpr.2022.694114,Micromeria hedgei_NPNUFJAVOOONJE
3893,micromeria hedgei rech. f,geranial,Micromeria hedgei,Micromeria hedgei Rech.f.,WTEVQBCEXWBHNA,10.30495/tpr.2022.694114,Micromeria hedgei_WTEVQBCEXWBHNA
3894,micromeria hedgei rech. f,thymol,Micromeria hedgei,Micromeria hedgei Rech.f.,MGSRCZKZVOBKFT,10.30495/tpr.2022.694114,Micromeria hedgei_MGSRCZKZVOBKFT
3895,micromeria hedgei rech. f,geranyl acetate,Micromeria hedgei,Micromeria hedgei Rech.f.,HIGQPQRQIQDZMP,10.30495/tpr.2022.694114,Micromeria hedgei_HIGQPQRQIQDZMP
3896,micromeria hedgei rech. f,geraniol,Micromeria hedgei,Micromeria hedgei Rech.f.,GLZPCOQZEFWAFX,10.30495/tpr.2022.694114,Micromeria hedgei_GLZPCOQZEFWAFX
3897,micromeria hedgei rech. f,nerol,Micromeria hedgei,Micromeria hedgei Rech.f.,GLZPCOQZEFWAFX,10.30495/tpr.2022.694114,Micromeria hedgei_GLZPCOQZEFWAFX
3898,micromeria hedgei rech. f,caryophyllene oxide,Micromeria hedgei,Micromeria hedgei Rech.f.,NVEQFIOZRFFVFW,10.30495/tpr.2022.694114,Micromeria hedgei_NVEQFIOZRFFVFW
3899,micromeria herpyllomorpha webb and berth,"p-mentha-1,5-dien-8-ol",Micromeria herpyllomorpha,Micromeria herpyllomorpha Webb & Berthel.,FQEXRDMYDXBXEO,10.30495/tpr.2022.694114,Micromeria herpyllomorpha_FQEXRDMYDXBXEO
3900,micromeria herpyllomorpha webb and berth,β-bourbonene,Micromeria herpyllomorpha,Micromeria herpyllomorpha Webb & Berthel.,YIRAHEODBQONHI,10.30495/tpr.2022.694114,Micromeria herpyllomorpha_YIRAHEODBQONHI
3901,micromeria herpyllomorpha webb and berth,myrtenal,Micromeria herpyllomorpha,Micromeria herpyllomorpha Webb & Berthel.,KMRMUZKLFIEVAO,10.30495/tpr.2022.694114,Micromeria herpyllomorpha_KMRMUZKLFIEVAO
3902,micromeria herpyllomorpha webb and berth,α-pinene,Micromeria herpyllomorpha,Micromeria herpyllomorpha Webb & Berthel.,GRWFGVWFFZKLTI,10.30495/tpr.2022.694114,Micromeria herpyllomorpha_GRWFGVWFFZKLTI
3903,micromeria herpyllomorpha webb and berth,trans-verbenol,Micromeria herpyllomorpha,Micromeria herpyllomorpha Webb & Berthel.,WONIGEXYPVIKFS,10.30495/tpr.2022.694114,Micromeria herpyllomorpha_WONIGEXYPVIKFS
3904,micromeria herpyllomorpha webb and berth,verbenone,Micromeria herpyllomorpha,Micromeria herpyllomorpha Webb & Berthel.,DCSCXTJOXBUFGB,10.30495/tpr.2022.694114,Micromeria herpyllomorpha_DCSCXTJOXBUFGB
3905,micromeria herpyllomorpha webb and berth,dehydrosabinene,Micromeria herpyllomorpha,Micromeria herpyllomorpha Webb & Berthel.,LBVRQJWOZIMWNY,10.30495/tpr.2022.694114,Micromeria herpyllomorpha_LBVRQJWOZIMWNY
3906,micromeria herpyllomorpha webb and berth,p-cymene,Micromeria herpyllomorpha,Micromeria herpyllomorpha Webb & Berthel.,HFPZCAJZSCWRBC,10.30495/tpr.2022.694114,Micromeria herpyllomorpha_HFPZCAJZSCWRBC
3907,micromeria herpyllomorpha webb and berth,borneol,Micromeria herpyllomorpha,Micromeria herpyllomorpha Webb & Berthel.,DTGKSKDOIYIVQL,10.30495/tpr.2022.694114,Micromeria herpyllomorpha_DTGKSKDOIYIVQL
3908,micromeria herpyllomorpha webb and berth,trans-pinocarveol,Micromeria herpyllomorpha,Micromeria herpyllomorpha Webb & Berthel.,LCYXQUJDODZYIJ,10.30495/tpr.2022.694114,Micromeria herpyllomorpha_LCYXQUJDODZYIJ
3909,micromeria hyssopifolia webb and berth,"p-mentha-1,5-dien-8-ol",Micromeria ericifolia var. ericifolia,Micromeria ericifolia var. ericifolia,FQEXRDMYDXBXEO,10.30495/tpr.2022.694114,Micromeria ericifolia var. ericifolia_FQEXRDMYDXBXEO
3910,micromeria hyssopifolia webb and berth,camphene,Micromeria ericifolia var. ericifolia,Micromeria ericifolia var. ericifolia,CRPUJAZIXJMDBK,10.30495/tpr.2022.694114,Micromeria ericifolia var. ericifolia_CRPUJAZIXJMDBK
3911,micromeria hyssopifolia webb and berth,camphor,Micromeria ericifolia var. ericifolia,Micromeria ericifolia var. ericifolia,DSSYKIVIOFKYAU,10.30495/tpr.2022.694114,Micromeria ericifolia var. ericifolia_DSSYKIVIOFKYAU
3912,micromeria hyssopifolia webb and berth,p-cymen-8-ol,Micromeria ericifolia var. ericifolia,Micromeria ericifolia var. ericifolia,XLPDVYGDNRIQFV,10.30495/tpr.2022.694114,Micromeria ericifolia var. ericifolia_XLPDVYGDNRIQFV
3913,micromeria hyssopifolia webb and berth,verbenone,Micromeria ericifolia var. ericifolia,Micromeria ericifolia var. ericifolia,DCSCXTJOXBUFGB,10.30495/tpr.2022.694114,Micromeria ericifolia var. ericifolia_DCSCXTJOXBUFGB
3914,micromeria hyssopifolia webb and berth,α-pinene,Micromeria ericifolia var. ericifolia,Micromeria ericifolia var. ericifolia,GRWFGVWFFZKLTI,10.30495/tpr.2022.694114,Micromeria ericifolia var. ericifolia_GRWFGVWFFZKLTI
3915,micromeria hyssopifolia webb and berth,p-cymene,Micromeria ericifolia var. ericifolia,Micromeria ericifolia var. ericifolia,HFPZCAJZSCWRBC,10.30495/tpr.2022.694114,Micromeria ericifolia var. ericifolia_HFPZCAJZSCWRBC
3916,micromeria hyssopifolia webb and berth,borneol,Micromeria ericifolia var. ericifolia,Micromeria ericifolia var. ericifolia,DTGKSKDOIYIVQL,10.30495/tpr.2022.694114,Micromeria ericifolia var. ericifolia_DTGKSKDOIYIVQL
3917,micromeria inodora (desf.) benth,β-bisabolol,Micromeria inodora,Micromeria inodora (Desf.) Benth.,WTVHAMTYZJGJLJ,10.30495/tpr.2022.694114,Micromeria inodora_WTVHAMTYZJGJLJ
3918,micromeria inodora (desf.) benth,trans-7-epi-sesquisabinene hydrate,Micromeria inodora,Micromeria inodora (Desf.) Benth.,IRDFGGRWKUKANK,10.30495/tpr.2022.694114,Micromeria inodora_IRDFGGRWKUKANK
3919,micromeria inodora (desf.) benth,globulol,Micromeria inodora,Micromeria inodora (Desf.) Benth.,AYXPYQRXGNDJFU,10.30495/tpr.2022.694114,Micromeria inodora_AYXPYQRXGNDJFU
3920,micromeria inodora (desf.) benth,caryophyllene oxide,Micromeria inodora,Micromeria inodora (Desf.) Benth.,NVEQFIOZRFFVFW,10.30495/tpr.2022.694114,Micromeria inodora_NVEQFIOZRFFVFW
3921,micromeria inodora (desf.) benth,α-terpinyl acetate,Micromeria inodora,Micromeria inodora (Desf.) Benth.,IGODOXYLBBXFDW,10.30495/tpr.2022.694114,Micromeria inodora_IGODOXYLBBXFDW
3923,micromeria juliana l. bentham ex reichenb,α-cadinol,Micromeria juliana,Micromeria juliana (L.) Benth. ex Rchb.,LHYHMMRYTDARSZ,10.30495/tpr.2022.694114,Micromeria juliana_LHYHMMRYTDARSZ
3924,micromeria juliana l. bentham ex reichenb,trans-linalool oxide,Micromeria juliana,Micromeria juliana (L.) Benth. ex Rchb.,BRHDDEIRQPDPMG,10.30495/tpr.2022.694114,Micromeria juliana_BRHDDEIRQPDPMG
3925,micromeria juliana l. bentham ex reichenb,hexahydrofarnesyl acetone,Micromeria juliana,Micromeria juliana (L.) Benth. ex Rchb.,WHWDWIHXSPCOKZ,10.30495/tpr.2022.694114,Micromeria juliana_WHWDWIHXSPCOKZ
3927,micromeria juliana l. bentham ex reichenb,piperitoneoxide,Micromeria juliana,Micromeria juliana (L.) Benth. ex Rchb.,IAFONZHDZMCORS,10.30495/tpr.2022.694114,Micromeria juliana_IAFONZHDZMCORS
3928,micromeria juliana l. bentham ex reichenb,α-gurjunene,Micromeria juliana,Micromeria juliana (L.) Benth. ex Rchb.,SPCXZDDGSGTVAW,10.30495/tpr.2022.694114,Micromeria juliana_SPCXZDDGSGTVAW
3930,micromeria juliana l. bentham ex reichenb,caryophyllene oxide,Micromeria juliana,Micromeria juliana (L.) Benth. ex Rchb.,NVEQFIOZRFFVFW,10.30495/tpr.2022.694114,Micromeria juliana_NVEQFIOZRFFVFW
3931,micromeria juliana l. bentham ex reichenb,spathulenol,Micromeria juliana,Micromeria juliana (L.) Benth. ex Rchb.,FRMCCTDTYSRUBE,10.30495/tpr.2022.694114,Micromeria juliana_FRMCCTDTYSRUBE
3935,micromeria juliana l. bentham ex reichenb,borneol,Micromeria juliana,Micromeria juliana (L.) Benth. ex Rchb.,DTGKSKDOIYIVQL,10.30495/tpr.2022.694114,Micromeria juliana_DTGKSKDOIYIVQL
3937,micromeria juliana l. bentham ex reichenb,verbenol,Micromeria juliana,Micromeria juliana (L.) Benth. ex Rchb.,WONIGEXYPVIKFS,10.30495/tpr.2022.694114,Micromeria juliana_WONIGEXYPVIKFS
3939,micromeria juliana l. bentham ex reichenb,myrtenal,Micromeria juliana,Micromeria juliana (L.) Benth. ex Rchb.,KMRMUZKLFIEVAO,10.30495/tpr.2022.694114,Micromeria juliana_KMRMUZKLFIEVAO
3940,micromeria juliana l. bentham ex reichenb,cis-linalool oxide,Micromeria juliana,Micromeria juliana (L.) Benth. ex Rchb.,BRHDDEIRQPDPMG,10.30495/tpr.2022.694114,Micromeria juliana_BRHDDEIRQPDPMG
3941,micromeria juliana l. bentham ex reichenb,β-cubebene,Micromeria juliana,Micromeria juliana (L.) Benth. ex Rchb.,FSRZGYRCMPZNJF,10.30495/tpr.2022.694114,Micromeria juliana_FSRZGYRCMPZNJF
3942,micromeria juliana l. bentham ex reichenb,allo-aromadendrene,Micromeria juliana,Micromeria juliana (L.) Benth. ex Rchb.,ITYNGVSTWVVPIC,10.30495/tpr.2022.694114,Micromeria juliana_ITYNGVSTWVVPIC
3943,micromeria juliana l. bentham ex reichenb,o-cymene,Micromeria juliana,Micromeria juliana (L.) Benth. ex Rchb.,WWRCMNKATXZARA,10.30495/tpr.2022.694114,Micromeria juliana_WWRCMNKATXZARA
3945,micromeria kerneri murb,(e)-caryophyllene,Micromeria kerneri,Micromeria kerneri Murb.,NPNUFJAVOOONJE,10.30495/tpr.2022.694114,Micromeria kerneri_NPNUFJAVOOONJE
3946,micromeria kerneri murb,β-pinene,Micromeria kerneri,Micromeria kerneri Murb.,WTARULDDTDQWMU,10.30495/tpr.2022.694114,Micromeria kerneri_WTARULDDTDQWMU
3947,micromeria kerneri murb,terpinen-4-ol,Micromeria kerneri,Micromeria kerneri Murb.,WRYLYDPHFGVWKC,10.30495/tpr.2022.694114,Micromeria kerneri_WRYLYDPHFGVWKC
3948,micromeria kerneri murb,caryophyllene oxide,Micromeria kerneri,Micromeria kerneri Murb.,NVEQFIOZRFFVFW,10.30495/tpr.2022.694114,Micromeria kerneri_NVEQFIOZRFFVFW
3949,micromeria kerneri murb,borneol,Micromeria kerneri,Micromeria kerneri Murb.,DTGKSKDOIYIVQL,10.30495/tpr.2022.694114,Micromeria kerneri_DTGKSKDOIYIVQL
3950,micromeria kosaninii šilic,borneol,Micromeria cristata subsp. kosaninii,Micromeria cristata subsp. kosaninii (Šilic) ined.,DTGKSKDOIYIVQL,10.30495/tpr.2022.694114,Micromeria cristata subsp. kosaninii_DTGKSKDOIYIVQL
3951,micromeria lachnophylla webb and berth,camphene,Micromeria lachnophylla,Micromeria lachnophylla Webb & Berthel.,CRPUJAZIXJMDBK,10.30495/tpr.2022.694114,Micromeria lachnophylla_CRPUJAZIXJMDBK
3952,micromeria lachnophylla webb and berth,camphor,Micromeria lachnophylla,Micromeria lachnophylla Webb & Berthel.,DSSYKIVIOFKYAU,10.30495/tpr.2022.694114,Micromeria lachnophylla_DSSYKIVIOFKYAU
3953,micromeria lachnophylla webb and berth,bornyl acetate,Micromeria lachnophylla,Micromeria lachnophylla Webb & Berthel.,KGEKLUUHTZCSIP,10.30495/tpr.2022.694114,Micromeria lachnophylla_KGEKLUUHTZCSIP
3954,micromeria lachnophylla webb and berth,verbenone,Micromeria lachnophylla,Micromeria lachnophylla Webb & Berthel.,DCSCXTJOXBUFGB,10.30495/tpr.2022.694114,Micromeria lachnophylla_DCSCXTJOXBUFGB
3955,micromeria lachnophylla webb and berth,α-pinene,Micromeria lachnophylla,Micromeria lachnophylla Webb & Berthel.,GRWFGVWFFZKLTI,10.30495/tpr.2022.694114,Micromeria lachnophylla_GRWFGVWFFZKLTI
3956,micromeria lachnophylla webb and berth,borneol,Micromeria lachnophylla,Micromeria lachnophylla Webb & Berthel.,DTGKSKDOIYIVQL,10.30495/tpr.2022.694114,Micromeria lachnophylla_DTGKSKDOIYIVQL
3957,micromeria lasiophylla webb and berth,camphene,Micromeria lasiophylla,Micromeria lasiophylla Webb & Berthel.,CRPUJAZIXJMDBK,10.30495/tpr.2022.694114,Micromeria lasiophylla_CRPUJAZIXJMDBK
3958,micromeria lasiophylla webb and berth,camphor,Micromeria lasiophylla,Micromeria lasiophylla Webb & Berthel.,DSSYKIVIOFKYAU,10.30495/tpr.2022.694114,Micromeria lasiophylla_DSSYKIVIOFKYAU
3959,micromeria lasiophylla webb and berth,β-caryophyllene,Micromeria lasiophylla,Micromeria lasiophylla Webb & Berthel.,NPNUFJAVOOONJE,10.30495/tpr.2022.694114,Micromeria lasiophylla_NPNUFJAVOOONJE
3960,micromeria lasiophylla webb and berth,β-caryophyllene oxide,Micromeria lasiophylla,Micromeria lasiophylla Webb & Berthel.,NVEQFIOZRFFVFW,10.30495/tpr.2022.694114,Micromeria lasiophylla_NVEQFIOZRFFVFW
3961,micromeria lasiophylla webb and berth,α-pinene,Micromeria lasiophylla,Micromeria lasiophylla Webb & Berthel.,GRWFGVWFFZKLTI,10.30495/tpr.2022.694114,Micromeria lasiophylla_GRWFGVWFFZKLTI
3962,micromeria lasiophylla webb and berth,linalool,Micromeria lasiophylla,Micromeria lasiophylla Webb & Berthel.,CDOSHBSSFJOMGT,10.30495/tpr.2022.694114,Micromeria lasiophylla_CDOSHBSSFJOMGT
3963,micromeria lasiophylla webb and berth,borneol,Micromeria lasiophylla,Micromeria lasiophylla Webb & Berthel.,DTGKSKDOIYIVQL,10.30495/tpr.2022.694114,Micromeria lasiophylla_DTGKSKDOIYIVQL
3964,micromeria libanotica boiss,pulegone,Clinopodium libanoticum,Clinopodium libanoticum (Boiss.) Kuntze,NZGWDASTMWDZIW,10.30495/tpr.2022.694114,Clinopodium libanoticum_NZGWDASTMWDZIW
3965,micromeria libanotica boiss,isopulegone,Clinopodium libanoticum,Clinopodium libanoticum (Boiss.) Kuntze,RMIANEGNSBUGDJ,10.30495/tpr.2022.694114,Clinopodium libanoticum_RMIANEGNSBUGDJ
3966,micromeria libanotica boiss,isomenthone,Clinopodium libanoticum,Clinopodium libanoticum (Boiss.) Kuntze,NFLGAXVYCFJBMK,10.30495/tpr.2022.694114,Clinopodium libanoticum_NFLGAXVYCFJBMK
3967,micromeria longipedunculata bräuchler,piperitone oxide,Micromeria longipedunculata,Micromeria longipedunculata Bräuchler,IAFONZHDZMCORS,10.30495/tpr.2022.694114,Micromeria longipedunculata_IAFONZHDZMCORS
3968,micromeria longipedunculata bräuchler,spathulenol,Micromeria longipedunculata,Micromeria longipedunculata Bräuchler,FRMCCTDTYSRUBE,10.30495/tpr.2022.694114,Micromeria longipedunculata_FRMCCTDTYSRUBE
3969,micromeria longipedunculata bräuchler,piperitone,Micromeria longipedunculata,Micromeria longipedunculata Bräuchler,YSTPAHQEHQSRJD,10.30495/tpr.2022.694114,Micromeria longipedunculata_YSTPAHQEHQSRJD
3972,micromeria myrtifolia boiss. et hohen,hexadecanoic acid,Micromeria myrtifolia,Micromeria myrtifolia Boiss. & Hohen.,IPCSVZSSVZVIGE,10.30495/tpr.2022.694114,Micromeria myrtifolia_IPCSVZSSVZVIGE
3973,micromeria myrtifolia boiss. et hohen,caryophyllene oxide,Micromeria myrtifolia,Micromeria myrtifolia Boiss. & Hohen.,NVEQFIOZRFFVFW,10.30495/tpr.2022.694114,Micromeria myrtifolia_NVEQFIOZRFFVFW
3976,micromeria nubigena h.b.k,carvacrol,Clinopodium nubigenum,Clinopodium nubigenum (Kunth) Kuntze,RECUKUPTGUEGMW,10.30495/tpr.2022.694114,Clinopodium nubigenum_RECUKUPTGUEGMW
3977,micromeria nubigena h.b.k,(z)-2-hexenol,Clinopodium nubigenum,Clinopodium nubigenum (Kunth) Kuntze,ZCHHRLHTBGRGOT,10.30495/tpr.2022.694114,Clinopodium nubigenum_ZCHHRLHTBGRGOT
3978,micromeria nubigena h.b.k,thymol,Clinopodium nubigenum,Clinopodium nubigenum (Kunth) Kuntze,MGSRCZKZVOBKFT,10.30495/tpr.2022.694114,Clinopodium nubigenum_MGSRCZKZVOBKFT
3979,micromeria nubigena h.b.k,(z)-3-hexenol,Clinopodium nubigenum,Clinopodium nubigenum (Kunth) Kuntze,UFLHIIWVXFIJGU,10.30495/tpr.2022.694114,Clinopodium nubigenum_UFLHIIWVXFIJGU
3980,micromeria nubigena h.b.k,(e)-phytol,Clinopodium nubigenum,Clinopodium nubigenum (Kunth) Kuntze,BOTWFXYSPFMFNR,10.30495/tpr.2022.694114,Clinopodium nubigenum_BOTWFXYSPFMFNR
3981,micromeria nubigena h.b.k,caryophyllene oxide,Clinopodium nubigenum,Clinopodium nubigenum (Kunth) Kuntze,NVEQFIOZRFFVFW,10.30495/tpr.2022.694114,Clinopodium nubigenum_NVEQFIOZRFFVFW
3982,micromeria nubigena h.b.k,pulegone,Clinopodium nubigenum,Clinopodium nubigenum (Kunth) Kuntze,NZGWDASTMWDZIW,10.30495/tpr.2022.694114,Clinopodium nubigenum_NZGWDASTMWDZIW
3983,micromeria nubigena h.b.k,δ-cadinene,Clinopodium nubigenum,Clinopodium nubigenum (Kunth) Kuntze,FUCYIEXQVQJBKY,10.30495/tpr.2022.694114,Clinopodium nubigenum_FUCYIEXQVQJBKY
3984,micromeria parviflora (vis.) re-incheb,humulene epoxide ii,Micromeria longipedunculata,Micromeria longipedunculata Bräuchler,QTGAEXCCAPTGLB,10.30495/tpr.2022.694114,Micromeria longipedunculata_QTGAEXCCAPTGLB
3985,micromeria parviflora (vis.) re-incheb,β-bourbonene,Micromeria longipedunculata,Micromeria longipedunculata Bräuchler,YIRAHEODBQONHI,10.30495/tpr.2022.694114,Micromeria longipedunculata_YIRAHEODBQONHI
3986,micromeria parviflora (vis.) re-incheb,linalool,Micromeria longipedunculata,Micromeria longipedunculata Bräuchler,CDOSHBSSFJOMGT,10.30495/tpr.2022.694114,Micromeria longipedunculata_CDOSHBSSFJOMGT
3987,micromeria parviflora (vis.) re-incheb,hexadecanoic acid,Micromeria longipedunculata,Micromeria longipedunculata Bräuchler,IPCSVZSSVZVIGE,10.30495/tpr.2022.694114,Micromeria longipedunculata_IPCSVZSSVZVIGE
3988,micromeria parviflora (vis.) re-incheb,thymol,Micromeria longipedunculata,Micromeria longipedunculata Bräuchler,MGSRCZKZVOBKFT,10.30495/tpr.2022.694114,Micromeria longipedunculata_MGSRCZKZVOBKFT
3989,micromeria parviflora (vis.) re-incheb,hexahydrofarnesyl acetone,Micromeria longipedunculata,Micromeria longipedunculata Bräuchler,WHWDWIHXSPCOKZ,10.30495/tpr.2022.694114,Micromeria longipedunculata_WHWDWIHXSPCOKZ
3990,micromeria parviflora (vis.) re-incheb,isomenthone,Micromeria longipedunculata,Micromeria longipedunculata Bräuchler,NFLGAXVYCFJBMK,10.30495/tpr.2022.694114,Micromeria longipedunculata_NFLGAXVYCFJBMK
3991,micromeria parviflora (vis.) re-incheb,pentadecanoic acid,Micromeria longipedunculata,Micromeria longipedunculata Bräuchler,WQEPLUUGTLDZJY,10.30495/tpr.2022.694114,Micromeria longipedunculata_WQEPLUUGTLDZJY
3992,micromeria parviflora (vis.) re-incheb,caryophyllene oxide,Micromeria longipedunculata,Micromeria longipedunculata Bräuchler,NVEQFIOZRFFVFW,10.30495/tpr.2022.694114,Micromeria longipedunculata_NVEQFIOZRFFVFW
3993,micromeria parviflora (vis.) re-incheb,bicyclogermacrene,Micromeria longipedunculata,Micromeria longipedunculata Bräuchler,VPDZRSSKICPUEY,10.30495/tpr.2022.694114,Micromeria longipedunculata_VPDZRSSKICPUEY
3994,micromeria parviflora (vis.) re-incheb,p-cymene,Micromeria longipedunculata,Micromeria longipedunculata Bräuchler,HFPZCAJZSCWRBC,10.30495/tpr.2022.694114,Micromeria longipedunculata_HFPZCAJZSCWRBC
3995,micromeria parviflora (vis.) re-incheb,limonene,Micromeria longipedunculata,Micromeria longipedunculata Bräuchler,XMGQYMWWDOXHJM,10.30495/tpr.2022.694114,Micromeria longipedunculata_XMGQYMWWDOXHJM
3996,micromeria parviflora (vis.) re-incheb,spathulenol,Micromeria longipedunculata,Micromeria longipedunculata Bräuchler,FRMCCTDTYSRUBE,10.30495/tpr.2022.694114,Micromeria longipedunculata_FRMCCTDTYSRUBE
3997,micromeria parviflora (vis.) re-incheb,germacrene d,Micromeria longipedunculata,Micromeria longipedunculata Bräuchler,GAIBLDCXCZKKJE,10.30495/tpr.2022.694114,Micromeria longipedunculata_GAIBLDCXCZKKJE
3998,micromeria persica boiss,linolenic acid,Micromeria persica,Micromeria persica Boiss.,DTOSIQBPPRVQHS,10.30495/tpr.2022.694114,Micromeria persica_DTOSIQBPPRVQHS
3999,micromeria persica boiss,linoleic acid,Micromeria persica,Micromeria persica Boiss.,OYHQOLUKZRVURQ,10.30495/tpr.2022.694114,Micromeria persica_OYHQOLUKZRVURQ
4000,micromeria persica boiss,γ-terpinene,Micromeria persica,Micromeria persica Boiss.,YKFLAYDHMOASIY,10.30495/tpr.2022.694114,Micromeria persica_YKFLAYDHMOASIY
4001,micromeria persica boiss,linalool,Micromeria persica,Micromeria persica Boiss.,CDOSHBSSFJOMGT,10.30495/tpr.2022.694114,Micromeria persica_CDOSHBSSFJOMGT
4002,micromeria persica boiss,carvacrol,Micromeria persica,Micromeria persica Boiss.,RECUKUPTGUEGMW,10.30495/tpr.2022.694114,Micromeria persica_RECUKUPTGUEGMW
4003,micromeria persica boiss,thymol,Micromeria persica,Micromeria persica Boiss.,MGSRCZKZVOBKFT,10.30495/tpr.2022.694114,Micromeria persica_MGSRCZKZVOBKFT
4004,micromeria persica boiss,n-hexadecanoic acid,Micromeria persica,Micromeria persica Boiss.,IPCSVZSSVZVIGE,10.30495/tpr.2022.694114,Micromeria persica_IPCSVZSSVZVIGE
4005,micromeria persica boiss,"1,8-cineole",Micromeria persica,Micromeria persica Boiss.,WEEGYLXZBRQIMU,10.30495/tpr.2022.694114,Micromeria persica_WEEGYLXZBRQIMU
4006,micromeria persica boiss,α-pinene,Micromeria persica,Micromeria persica Boiss.,GRWFGVWFFZKLTI,10.30495/tpr.2022.694114,Micromeria persica_GRWFGVWFFZKLTI
4007,micromeria persica boiss,p-cymene,Micromeria persica,Micromeria persica Boiss.,HFPZCAJZSCWRBC,10.30495/tpr.2022.694114,Micromeria persica_HFPZCAJZSCWRBC
4008,micromeria persica boiss,limonene,Micromeria persica,Micromeria persica Boiss.,XMGQYMWWDOXHJM,10.30495/tpr.2022.694114,Micromeria persica_XMGQYMWWDOXHJM
4009,micromeria persica boiss,(e)-nerolidol,Micromeria persica,Micromeria persica Boiss.,FQTLCLSUCSAZDY,10.30495/tpr.2022.694114,Micromeria persica_FQTLCLSUCSAZDY
4010,micromeria persica boiss,borneol,Micromeria persica,Micromeria persica Boiss.,DTGKSKDOIYIVQL,10.30495/tpr.2022.694114,Micromeria persica_DTGKSKDOIYIVQL
4011,micromeria persica boiss,pulegone,Micromeria persica,Micromeria persica Boiss.,NZGWDASTMWDZIW,10.30495/tpr.2022.694114,Micromeria persica_NZGWDASTMWDZIW
4012,micromeria persica boiss,α-cadinol,Micromeria persica,Micromeria persica Boiss.,LHYHMMRYTDARSZ,10.30495/tpr.2022.694114,Micromeria persica_LHYHMMRYTDARSZ
4013,micromeria pseudocroatica šilić,β-caryophyllene,Micromeria pseudocroatica,Micromeria pseudocroatica Šilic,NPNUFJAVOOONJE,10.30495/tpr.2022.694114,Micromeria pseudocroatica_NPNUFJAVOOONJE
4014,micromeria pseudocroatica šilić,camphor,Micromeria pseudocroatica,Micromeria pseudocroatica Šilic,DSSYKIVIOFKYAU,10.30495/tpr.2022.694114,Micromeria pseudocroatica_DSSYKIVIOFKYAU
4015,micromeria pseudocroatica šilić,caryophyllene oxide,Micromeria pseudocroatica,Micromeria pseudocroatica Šilic,NVEQFIOZRFFVFW,10.30495/tpr.2022.694114,Micromeria pseudocroatica_NVEQFIOZRFFVFW
4016,micromeria pseudocroatica šilić,borneol,Micromeria pseudocroatica,Micromeria pseudocroatica Šilic,DTGKSKDOIYIVQL,10.30495/tpr.2022.694114,Micromeria pseudocroatica_DTGKSKDOIYIVQL
4017,micromeria pulegium (rochel) benth,menthone,Clinopodium pulegium,Clinopodium pulegium (Rochel) Bräuchler,NFLGAXVYCFJBMK,10.30495/tpr.2022.694114,Clinopodium pulegium_NFLGAXVYCFJBMK
4018,micromeria pulegium (rochel) benth,piperitenone oxide,Clinopodium pulegium,Clinopodium pulegium (Rochel) Bräuchler,AKASWINDKIEEBO,10.30495/tpr.2022.694114,Clinopodium pulegium_AKASWINDKIEEBO
4019,micromeria pulegium (rochel) benth,isomenthone,Clinopodium pulegium,Clinopodium pulegium (Rochel) Bräuchler,NFLGAXVYCFJBMK,10.30495/tpr.2022.694114,Clinopodium pulegium_NFLGAXVYCFJBMK
4020,micromeria pulegium (rochel) benth,piperitone oxide,Clinopodium pulegium,Clinopodium pulegium (Rochel) Bräuchler,IAFONZHDZMCORS,10.30495/tpr.2022.694114,Clinopodium pulegium_IAFONZHDZMCORS
4021,micromeria pulegium (rochel) benth,piperitenone,Clinopodium pulegium,Clinopodium pulegium (Rochel) Bräuchler,HKZQJZIFODOLFR,10.30495/tpr.2022.694114,Clinopodium pulegium_HKZQJZIFODOLFR
4022,micromeria pulegium (rochel) benth,limonene,Clinopodium pulegium,Clinopodium pulegium (Rochel) Bräuchler,XMGQYMWWDOXHJM,10.30495/tpr.2022.694114,Clinopodium pulegium_XMGQYMWWDOXHJM
4023,micromeria pulegium (rochel) benth,pulegone,Clinopodium pulegium,Clinopodium pulegium (Rochel) Bräuchler,NZGWDASTMWDZIW,10.30495/tpr.2022.694114,Clinopodium pulegium_NZGWDASTMWDZIW
4028,micromeria sinaica benth,isoeugenol,Micromeria sinaica,Micromeria sinaica Benth.,BJIOGJUNALELMI,10.30495/tpr.2022.694114,Micromeria sinaica_BJIOGJUNALELMI
4039,micromeria thymifolia (scop.) fritsch,spathulenol,Clinopodium album,Clinopodium album (Waldst. & Kit.) Bräuchler & Govaerts,FRMCCTDTYSRUBE,10.30495/tpr.2022.694114,Clinopodium album_FRMCCTDTYSRUBE
4041,micromeria varia benth,camphene,Micromeria ericifolia,Micromeria ericifolia (Roth) Bornm.,CRPUJAZIXJMDBK,10.30495/tpr.2022.694114,Micromeria ericifolia_CRPUJAZIXJMDBK
4042,micromeria varia benth,camphor,Micromeria ericifolia,Micromeria ericifolia (Roth) Bornm.,DSSYKIVIOFKYAU,10.30495/tpr.2022.694114,Micromeria ericifolia_DSSYKIVIOFKYAU
4043,micromeria varia benth,geranial,Micromeria ericifolia,Micromeria ericifolia (Roth) Bornm.,WTEVQBCEXWBHNA,10.30495/tpr.2022.694114,Micromeria ericifolia_WTEVQBCEXWBHNA
4044,micromeria varia benth,α-pinene,Micromeria ericifolia,Micromeria ericifolia (Roth) Bornm.,GRWFGVWFFZKLTI,10.30495/tpr.2022.694114,Micromeria ericifolia_GRWFGVWFFZKLTI
4045,micromeria varia benth,α-terpineol,Micromeria ericifolia,Micromeria ericifolia (Roth) Bornm.,WUOACPNHFRMFPN,10.30495/tpr.2022.694114,Micromeria ericifolia_WUOACPNHFRMFPN
4046,micromeria varia benth,borneol,Micromeria ericifolia,Micromeria ericifolia (Roth) Bornm.,DTGKSKDOIYIVQL,10.30495/tpr.2022.694114,Micromeria ericifolia_DTGKSKDOIYIVQL
4047,euclea pseudebenus,mamegakinone,Euclea pseudebenus,Euclea pseudebenus E.Mey. ex A.DC.,FMQQGWMGTKBWHR,10.3389/fphar.2023.1170145,Euclea pseudebenus_FMQQGWMGTKBWHR
4048,euclea pseudebenus,2-methylnaphthazarin,Euclea pseudebenus,Euclea pseudebenus E.Mey. ex A.DC.,YKPXIWHBRBFRQM,10.3389/fphar.2023.1170145,Euclea pseudebenus_YKPXIWHBRBFRQM
4050,euclea undulata,diospyrin,Euclea undulata,Euclea undulata Thunb.,WRFTYMHHWSAKSK,10.3389/fphar.2023.1170145,Euclea undulata_WRFTYMHHWSAKSK
4051,euclea undulata,epicatechin,Euclea undulata,Euclea undulata Thunb.,PFTAWBLQPZVEMU,10.3389/fphar.2023.1170145,Euclea undulata_PFTAWBLQPZVEMU
4052,euclea undulata,lupeol,Euclea undulata,Euclea undulata Thunb.,MQYXUWHLBZFQQO,10.3389/fphar.2023.1170145,Euclea undulata_MQYXUWHLBZFQQO
4053,euclea undulata,7-methyl-juglone,Euclea undulata,Euclea undulata Thunb.,OZUSCVSONBBWOR,10.3389/fphar.2023.1170145,Euclea undulata_OZUSCVSONBBWOR
4054,euclea undulata,isodiospyrin,Euclea undulata,Euclea undulata Thunb.,OEEOHKZVBKYMBA,10.3389/fphar.2023.1170145,Euclea undulata_OEEOHKZVBKYMBA
4065,euclea divinorum,quercetin-3-o-α-l-rhamnopyranoside,Euclea divinorum,Euclea divinorum Hiern,OXGUCUVFOIWWQJ,10.3389/fphar.2023.1170145,Euclea divinorum_OXGUCUVFOIWWQJ
4066,euclea divinorum,mamegakinone,Euclea divinorum,Euclea divinorum Hiern,FMQQGWMGTKBWHR,10.3389/fphar.2023.1170145,Euclea divinorum_FMQQGWMGTKBWHR
4067,euclea divinorum,diospyrin,Euclea divinorum,Euclea divinorum Hiern,WRFTYMHHWSAKSK,10.3389/fphar.2023.1170145,Euclea divinorum_WRFTYMHHWSAKSK
4068,euclea divinorum,γ-sitosterol,Euclea divinorum,Euclea divinorum Hiern,KZJWDPNRJALLNS,10.3389/fphar.2023.1170145,Euclea divinorum_KZJWDPNRJALLNS
4069,euclea divinorum,germanicol,Euclea divinorum,Euclea divinorum Hiern,QMUXVPRGNJLGRT,10.3389/fphar.2023.1170145,Euclea divinorum_QMUXVPRGNJLGRT
4074,euclea lanceolata,mamegakinone,Euclea crispa subsp. crispa,Euclea crispa subsp. crispa,FMQQGWMGTKBWHR,10.3389/fphar.2023.1170145,Euclea crispa subsp. crispa_FMQQGWMGTKBWHR
4075,euclea crispa var crispa,diospyrin,Euclea crispa subsp. crispa,Euclea crispa subsp. crispa,WRFTYMHHWSAKSK,10.3389/fphar.2023.1170145,Euclea crispa subsp. crispa_WRFTYMHHWSAKSK
4076,euclea crispa subsp. crispa,betulin,Euclea crispa subsp. crispa,Euclea crispa subsp. crispa,FVWJYYTZTCVBKE,10.3389/fphar.2023.1170145,Euclea crispa subsp. crispa_FVWJYYTZTCVBKE
4077,euclea racemosa ssp. schimperi,mamegakinone,Euclea racemosa,Euclea racemosa L.,FMQQGWMGTKBWHR,10.3389/fphar.2023.1170145,Euclea racemosa_FMQQGWMGTKBWHR
4078,euclea racemosa ssp. schimperi,neodiospyrin,Euclea racemosa,Euclea racemosa L.,LZAXNDGRDVWTFX,10.3389/fphar.2023.1170145,Euclea racemosa_LZAXNDGRDVWTFX
4079,euclea racemosa ssp. schimperi,isodiospyrin,Euclea racemosa,Euclea racemosa L.,OEEOHKZVBKYMBA,10.3389/fphar.2023.1170145,Euclea racemosa_OEEOHKZVBKYMBA
4080,euclea racemosa ssp. schimperi,rutin,Euclea racemosa,Euclea racemosa L.,IKGXIBQEEMLURG,10.3389/fphar.2023.1170145,Euclea racemosa_IKGXIBQEEMLURG
4081,euclea racemosa ssp. schimperi,7-methyl-juglone,Euclea racemosa,Euclea racemosa L.,OZUSCVSONBBWOR,10.3389/fphar.2023.1170145,Euclea racemosa_OZUSCVSONBBWOR
4082,euclea kellau,ursolic acid lactone,Euclea racemosa subsp. schimperi,Euclea racemosa subsp. schimperi (A.DC.) F.White,JGZVNQDYYGVIBP,10.3389/fphar.2023.1170145,Euclea racemosa subsp. schimperi_JGZVNQDYYGVIBP
4083,euclea kellau,lupeol,Euclea racemosa subsp. schimperi,Euclea racemosa subsp. schimperi (A.DC.) F.White,MQYXUWHLBZFQQO,10.3389/fphar.2023.1170145,Euclea racemosa subsp. schimperi_MQYXUWHLBZFQQO
4084,euclea kellau,betulin,Euclea racemosa subsp. schimperi,Euclea racemosa subsp. schimperi (A.DC.) F.White,FVWJYYTZTCVBKE,10.3389/fphar.2023.1170145,Euclea racemosa subsp. schimperi_FVWJYYTZTCVBKE
4085,euclea kellau,ursolic acid,Euclea racemosa subsp. schimperi,Euclea racemosa subsp. schimperi (A.DC.) F.White,WCGUUGGRBIKTOS,10.3389/fphar.2023.1170145,Euclea racemosa subsp. schimperi_WCGUUGGRBIKTOS
4086,euclea kellau,α-amyrin,Euclea racemosa subsp. schimperi,Euclea racemosa subsp. schimperi (A.DC.) F.White,FSLPMRQHCOLESF,10.3389/fphar.2023.1170145,Euclea racemosa subsp. schimperi_FSLPMRQHCOLESF
4087,euclea kellau,uvaol,Euclea racemosa subsp. schimperi,Euclea racemosa subsp. schimperi (A.DC.) F.White,XUARCIYIVXVTAE,10.3389/fphar.2023.1170145,Euclea racemosa subsp. schimperi_XUARCIYIVXVTAE
4088,euclea latideus,lupeol,Euclea,Euclea L.,MQYXUWHLBZFQQO,10.3389/fphar.2023.1170145,Euclea_MQYXUWHLBZFQQO
4089,euclea latideus,betulin,Euclea,Euclea L.,FVWJYYTZTCVBKE,10.3389/fphar.2023.1170145,Euclea_FVWJYYTZTCVBKE
4090,euclea schimperi,mamegakinone,Euclea racemosa subsp. schimperi,Euclea racemosa subsp. schimperi (A.DC.) F.White,FMQQGWMGTKBWHR,10.3389/fphar.2023.1170145,Euclea racemosa subsp. schimperi_FMQQGWMGTKBWHR
4091,euclea crispa,farnesol,Euclea crispa,Euclea crispa (Thunb.) Gürke,CRDAMVZIKSXKFV,10.3389/fphar.2023.1170145,Euclea crispa_CRDAMVZIKSXKFV
4092,euclea crispa,isodiospyrin,Euclea crispa,Euclea crispa (Thunb.) Gürke,OEEOHKZVBKYMBA,10.3389/fphar.2023.1170145,Euclea crispa_OEEOHKZVBKYMBA
4093,euclea racemosa,rutin,Euclea racemosa,Euclea racemosa L.,IKGXIBQEEMLURG,10.3389/fphar.2023.1170145,Euclea racemosa_IKGXIBQEEMLURG
4096,panax ginseng,β-phellandrene,Panax ginseng,Panax ginseng C.A.Mey.,LFJQCDVYDGGFCH,10.5772/intechopen.99646,Panax ginseng_LFJQCDVYDGGFCH
4127,panax quinquefolius,ginsenosides,Panax quinquefolius,Panax quinquefolius L.,NLHQJXWYMZLQJY,10.5772/intechopen.99646,Panax quinquefolius_NLHQJXWYMZLQJY
4128,panax notoginseng,ginsenosides,Panax notoginseng,Panax notoginseng (Burkill) F.H.Chen,NLHQJXWYMZLQJY,10.5772/intechopen.99646,Panax notoginseng_NLHQJXWYMZLQJY
4129,thymus × josephi-angeli mansanet & aguil,γ-muurolene,Thymus × josephi-angeli,Thymus × josephi-angeli Mansanet & Aguil.,WRHGORWNJGOVQY,10.3390/horticulturae8121188,Thymus × josephi-angeli_WRHGORWNJGOVQY
4130,thymus × josephi-angeli mansanet & aguil,d-limonene,Thymus × josephi-angeli,Thymus × josephi-angeli Mansanet & Aguil.,XMGQYMWWDOXHJM,10.3390/horticulturae8121188,Thymus × josephi-angeli_XMGQYMWWDOXHJM
4131,thymus × josephi-angeli mansanet & aguil,β-pinene,Thymus × josephi-angeli,Thymus × josephi-angeli Mansanet & Aguil.,WTARULDDTDQWMU,10.3390/horticulturae8121188,Thymus × josephi-angeli_WTARULDDTDQWMU
4132,thymus × josephi-angeli mansanet & aguil,humulene,Thymus × josephi-angeli,Thymus × josephi-angeli Mansanet & Aguil.,FAMPSKZZVDUYOS,10.3390/horticulturae8121188,Thymus × josephi-angeli_FAMPSKZZVDUYOS
4133,thymus × josephi-angeli mansanet & aguil,terpinen-4-ol,Thymus × josephi-angeli,Thymus × josephi-angeli Mansanet & Aguil.,WRYLYDPHFGVWKC,10.3390/horticulturae8121188,Thymus × josephi-angeli_WRYLYDPHFGVWKC
4134,thymus × josephi-angeli mansanet & aguil,endo-borneol,Thymus × josephi-angeli,Thymus × josephi-angeli Mansanet & Aguil.,DTGKSKDOIYIVQL,10.3390/horticulturae8121188,Thymus × josephi-angeli_DTGKSKDOIYIVQL
4135,thymus × josephi-angeli mansanet & aguil,p-cymene,Thymus × josephi-angeli,Thymus × josephi-angeli Mansanet & Aguil.,HFPZCAJZSCWRBC,10.3390/horticulturae8121188,Thymus × josephi-angeli_HFPZCAJZSCWRBC
4136,thymus × josephi-angeli mansanet & aguil,1-octene-3-ol,Thymus × josephi-angeli,Thymus × josephi-angeli Mansanet & Aguil.,VSMOENVRRABVKN,10.3390/horticulturae8121188,Thymus × josephi-angeli_VSMOENVRRABVKN
4137,thymus × josephi-angeli mansanet & aguil,cubenene,Thymus × josephi-angeli,Thymus × josephi-angeli Mansanet & Aguil.,KWFAQPWLROZBAY,10.3390/horticulturae8121188,Thymus × josephi-angeli_KWFAQPWLROZBAY
4138,thymus × josephi-angeli mansanet & aguil,guaiene,Thymus × josephi-angeli,Thymus × josephi-angeli Mansanet & Aguil.,GIBQERSGRNPMEH,10.3390/horticulturae8121188,Thymus × josephi-angeli_GIBQERSGRNPMEH
4139,thymus × josephi-angeli mansanet & aguil,hexadecane,Thymus × josephi-angeli,Thymus × josephi-angeli Mansanet & Aguil.,DCAYPVUWAIABOU,10.3390/horticulturae8121188,Thymus × josephi-angeli_DCAYPVUWAIABOU
4140,thymus × josephi-angeli mansanet & aguil,isothymol methyl ether,Thymus × josephi-angeli,Thymus × josephi-angeli Mansanet & Aguil.,CVUAHQAQHICPSF,10.3390/horticulturae8121188,Thymus × josephi-angeli_CVUAHQAQHICPSF
4141,thymus × josephi-angeli mansanet & aguil,"2,4-di-tert-butylphenol",Thymus × josephi-angeli,Thymus × josephi-angeli Mansanet & Aguil.,ICKWICRCANNIBI,10.3390/horticulturae8121188,Thymus × josephi-angeli_ICKWICRCANNIBI
4142,thymus × josephi-angeli mansanet & aguil,β-ocimene,Thymus × josephi-angeli,Thymus × josephi-angeli Mansanet & Aguil.,IHPKGUQCSIINRJ,10.3390/horticulturae8121188,Thymus × josephi-angeli_IHPKGUQCSIINRJ
4143,thymus × josephi-angeli mansanet & aguil,α-calacorene,Thymus × josephi-angeli,Thymus × josephi-angeli Mansanet & Aguil.,CUUMXRBKJIDIAY,10.3390/horticulturae8121188,Thymus × josephi-angeli_CUUMXRBKJIDIAY
4144,thymus × josephi-angeli mansanet & aguil,thymol,Thymus × josephi-angeli,Thymus × josephi-angeli Mansanet & Aguil.,MGSRCZKZVOBKFT,10.3390/horticulturae8121188,Thymus × josephi-angeli_MGSRCZKZVOBKFT
4145,thymus × josephi-angeli mansanet & aguil,thymoquinone,Thymus × josephi-angeli,Thymus × josephi-angeli Mansanet & Aguil.,KEQHJBNSCLWCAE,10.3390/horticulturae8121188,Thymus × josephi-angeli_KEQHJBNSCLWCAE
4146,thymus × josephi-angeli mansanet & aguil,terpinolene,Thymus × josephi-angeli,Thymus × josephi-angeli Mansanet & Aguil.,MOYAFQVGZZPNRA,10.3390/horticulturae8121188,Thymus × josephi-angeli_MOYAFQVGZZPNRA
4147,thymus × josephi-angeli mansanet & aguil,α-phellandrene,Thymus × josephi-angeli,Thymus × josephi-angeli Mansanet & Aguil.,OGLDWXZKYODSOB,10.3390/horticulturae8121188,Thymus × josephi-angeli_OGLDWXZKYODSOB
4148,thymus × josephi-angeli mansanet & aguil,(-)-α-cadinene,Thymus × josephi-angeli,Thymus × josephi-angeli Mansanet & Aguil.,QMAYBMKBYCGXDH,10.3390/horticulturae8121188,Thymus × josephi-angeli_QMAYBMKBYCGXDH
4149,thymus × josephi-angeli mansanet & aguil,cis-sabinene hydrate,Thymus × josephi-angeli,Thymus × josephi-angeli Mansanet & Aguil.,KXSDPILWMGFJMM,10.3390/horticulturae8121188,Thymus × josephi-angeli_KXSDPILWMGFJMM
4150,thymus × josephi-angeli mansanet & aguil,α-pinene,Thymus × josephi-angeli,Thymus × josephi-angeli Mansanet & Aguil.,GRWFGVWFFZKLTI,10.3390/horticulturae8121188,Thymus × josephi-angeli_GRWFGVWFFZKLTI
4151,thymus × josephi-angeli mansanet & aguil,α-cubebene,Thymus × josephi-angeli,Thymus × josephi-angeli Mansanet & Aguil.,XUEHVOLRMXNRKQ,10.3390/horticulturae8121188,Thymus × josephi-angeli_XUEHVOLRMXNRKQ
4152,thymus × josephi-angeli mansanet & aguil,umbellulone,Thymus × josephi-angeli,Thymus × josephi-angeli Mansanet & Aguil.,LTTVJAQLCIHAFV,10.3390/horticulturae8121188,Thymus × josephi-angeli_LTTVJAQLCIHAFV
4153,thymus × josephi-angeli mansanet & aguil,eucalyptol,Thymus × josephi-angeli,Thymus × josephi-angeli Mansanet & Aguil.,WEEGYLXZBRQIMU,10.3390/horticulturae8121188,Thymus × josephi-angeli_WEEGYLXZBRQIMU
4154,thymus × josephi-angeli mansanet & aguil,"2,6,10,15-tetramethylheptadecane",Thymus × josephi-angeli,Thymus × josephi-angeli Mansanet & Aguil.,ZZEQNXPBKOFTBG,10.3390/horticulturae8121188,Thymus × josephi-angeli_ZZEQNXPBKOFTBG
4155,thymus × josephi-angeli mansanet & aguil,thymol acetate,Thymus × josephi-angeli,Thymus × josephi-angeli Mansanet & Aguil.,WFMIUXMJJBBOGJ,10.3390/horticulturae8121188,Thymus × josephi-angeli_WFMIUXMJJBBOGJ
4156,thymus × josephi-angeli mansanet & aguil,γ-terpinene,Thymus × josephi-angeli,Thymus × josephi-angeli Mansanet & Aguil.,YKFLAYDHMOASIY,10.3390/horticulturae8121188,Thymus × josephi-angeli_YKFLAYDHMOASIY
4157,thymus × josephi-angeli mansanet & aguil,(+)-δ-cadinene,Thymus × josephi-angeli,Thymus × josephi-angeli Mansanet & Aguil.,FUCYIEXQVQJBKY,10.3390/horticulturae8121188,Thymus × josephi-angeli_FUCYIEXQVQJBKY
4158,thymus × josephi-angeli mansanet & aguil,β-myrcene,Thymus × josephi-angeli,Thymus × josephi-angeli Mansanet & Aguil.,UAHWPYUMFXYFJY,10.3390/horticulturae8121188,Thymus × josephi-angeli_UAHWPYUMFXYFJY
4159,thymus × josephi-angeli mansanet & aguil,linalool,Thymus × josephi-angeli,Thymus × josephi-angeli Mansanet & Aguil.,CDOSHBSSFJOMGT,10.3390/horticulturae8121188,Thymus × josephi-angeli_CDOSHBSSFJOMGT
4160,thymus × josephi-angeli mansanet & aguil,α-terpinene,Thymus × josephi-angeli,Thymus × josephi-angeli Mansanet & Aguil.,YHQGMYUVUMAZJR,10.3390/horticulturae8121188,Thymus × josephi-angeli_YHQGMYUVUMAZJR
4161,thymus × josephi-angeli mansanet & aguil,carvacrol,Thymus × josephi-angeli,Thymus × josephi-angeli Mansanet & Aguil.,RECUKUPTGUEGMW,10.3390/horticulturae8121188,Thymus × josephi-angeli_RECUKUPTGUEGMW
4162,thymus × josephi-angeli mansanet & aguil,β-caryophyllene,Thymus × josephi-angeli,Thymus × josephi-angeli Mansanet & Aguil.,NPNUFJAVOOONJE,10.3390/horticulturae8121188,Thymus × josephi-angeli_NPNUFJAVOOONJE
4163,piper betle l,4-chromanol,Piper betle,Piper betle L.,MGSHXMOLUWTMGP,10.22146/ijp.7071,Piper betle_MGSHXMOLUWTMGP
4167,piper betle l,phytol,Piper betle,Piper betle L.,BOTWFXYSPFMFNR,10.22146/ijp.7071,Piper betle_BOTWFXYSPFMFNR
4169,achyrocline satureioides,isochlorogenic acid,Achyrocline saturejoides,Achyrocline saturejoides (Lam.) DC.,CWVRJTMFETXNAD,10.5772/26989,Achyrocline saturejoides_CWVRJTMFETXNAD
4170,achyrocline satureioides,quercetin,Achyrocline saturejoides,Achyrocline saturejoides (Lam.) DC.,REFJWTPEDVJJIY,10.5772/26989,Achyrocline saturejoides_REFJWTPEDVJJIY
4171,achyrocline satureioides,3-o-methyl quercetin,Achyrocline saturejoides,Achyrocline saturejoides (Lam.) DC.,WEPBGSIAWZTEJR,10.5772/26989,Achyrocline saturejoides_WEPBGSIAWZTEJR
4172,achyrocline satureioides,caffeic acid,Achyrocline saturejoides,Achyrocline saturejoides (Lam.) DC.,QAIPRVGONGVQAS,10.5772/26989,Achyrocline saturejoides_QAIPRVGONGVQAS
4173,achyrocline satureioides,chlorogenic acid,Achyrocline saturejoides,Achyrocline saturejoides (Lam.) DC.,CWVRJTMFETXNAD,10.5772/26989,Achyrocline saturejoides_CWVRJTMFETXNAD
4177,anemopaegma arvense,catuabine a,Anemopaegma arvense,Anemopaegma arvense (Vell.) Stellfeld ex De Souza,CAHAQCHLZKGNOA,10.5772/26989,Anemopaegma arvense_CAHAQCHLZKGNOA
4180,arrabidaea chica,"4'-hydroxy-3,7-dimethoxyflavone",Fridericia chica,Fridericia chica (Bonpl.) L.G.Lohmann,IMMRJZZMQZTLKV,10.5772/26989,Fridericia chica_IMMRJZZMQZTLKV
4181,arrabidaea chica,kaempferol,Fridericia chica,Fridericia chica (Bonpl.) L.G.Lohmann,IYRMWMYZSQPJKC,10.5772/26989,Fridericia chica_IYRMWMYZSQPJKC
4182,arrabidaea chica,"6,7,3',4'-tetrahydroxy-5-methoxyflavylium",Fridericia chica,Fridericia chica (Bonpl.) L.G.Lohmann,RWHPULDSKOTXCX,10.5772/26989,Fridericia chica_RWHPULDSKOTXCX
4183,arrabidaea chica,carajurin,Fridericia chica,Fridericia chica (Bonpl.) L.G.Lohmann,FSJUPZYXNVQNCU,10.5772/26989,Fridericia chica_FSJUPZYXNVQNCU
4184,arrabidaea chica,"6,7,4'-trihydroxy-5-methoxyflavylium",Fridericia chica,Fridericia chica (Bonpl.) L.G.Lohmann,MXJMVGRLWVFVOP,10.5772/26989,Fridericia chica_MXJMVGRLWVFVOP
4185,davilla rugosa,narigenin,Davilla rugosa,Davilla rugosa Poir.,FTVWIRXFELQLPI,10.5772/26989,Davilla rugosa_FTVWIRXFELQLPI
4186,davilla rugosa,quercetin,Davilla rugosa,Davilla rugosa Poir.,REFJWTPEDVJJIY,10.5772/26989,Davilla rugosa_REFJWTPEDVJJIY
4187,davilla rugosa,4'-o-methyltaxifolin,Davilla rugosa,Davilla rugosa Poir.,KQNGHARGJDXHKF,10.5772/26989,Davilla rugosa_KQNGHARGJDXHKF
4190,mimosa tenuiflora,l-dopa,Mimosa tenuiflora,Mimosa tenuiflora (Willd.) Poir.,WTDRDQBEARUVNC,10.5772/26989,Mimosa tenuiflora_WTDRDQBEARUVNC
4191,mimosa tenuiflora,5-hydroxytryptamine,Mimosa tenuiflora,Mimosa tenuiflora (Willd.) Poir.,QZAYGJVTTNCVMB,10.5772/26989,Mimosa tenuiflora_QZAYGJVTTNCVMB
4194,passiflora sp,chrysin,Passiflora,Passiflora L.,RTIXKCRFFJGDFG,10.5772/26989,Passiflora_RTIXKCRFFJGDFG
4195,passiflora sp,apigenin,Passiflora,Passiflora L.,KZNIFHPLKGYRTM,10.5772/26989,Passiflora_KZNIFHPLKGYRTM
4196,passiflora sp,scoparin,Passiflora,Passiflora L.,YXHFXGHAELQJGK,10.5772/26989,Passiflora_YXHFXGHAELQJGK
4197,passiflora sp,orientin,Passiflora,Passiflora L.,PLAPMLGJVGLZOV,10.5772/26989,Passiflora_PLAPMLGJVGLZOV
4199,passiflora sp,harmalol,Passiflora,Passiflora L.,RHVPEFQDYMMNSY,10.5772/26989,Passiflora_RHVPEFQDYMMNSY
4200,passiflora sp,harmalin,Passiflora,Passiflora L.,RERZNCLIYCABFS,10.5772/26989,Passiflora_RERZNCLIYCABFS
4201,passiflora sp,harmin,Passiflora,Passiflora L.,BXNJHAXVSOCGBA,10.5772/26989,Passiflora_BXNJHAXVSOCGBA
4202,passiflora sp,harmol,Passiflora,Passiflora L.,LBBJNGFCXDOYMQ,10.5772/26989,Passiflora_LBBJNGFCXDOYMQ
4203,passiflora sp,vitexin,Passiflora,Passiflora L.,SGEWCQFRYRRZDC,10.5772/26989,Passiflora_SGEWCQFRYRRZDC
4206,schinus terebinthifolius,myricetin,Schinus terebinthifolia,Schinus terebinthifolia Raddi,IKMDFBPHZNJCSN,10.5772/26989,Schinus terebinthifolia_IKMDFBPHZNJCSN
4207,schinus terebinthifolius,quercetin,Schinus terebinthifolia,Schinus terebinthifolia Raddi,REFJWTPEDVJJIY,10.5772/26989,Schinus terebinthifolia_REFJWTPEDVJJIY
4208,schinus terebinthifolius,kaempferol,Schinus terebinthifolia,Schinus terebinthifolia Raddi,IYRMWMYZSQPJKC,10.5772/26989,Schinus terebinthifolia_IYRMWMYZSQPJKC
4210,trichilia catigua,chlorogenic acid,Trichilia catigua,Trichilia catigua A.Juss.,CWVRJTMFETXNAD,10.5772/26989,Trichilia catigua_CWVRJTMFETXNAD
4212,turnera diffusa,vitexin,Turnera diffusa,Turnera diffusa Willd. ex Schult.,SGEWCQFRYRRZDC,10.5772/26989,Turnera diffusa_SGEWCQFRYRRZDC
4220,hippeastrum psittacinum,hippeastrine,Hippeastrum psittacinum,Hippeastrum psittacinum (Ker Gawl.) Herb.,DGQPIOQRPAGNGB,10.5772/26989,Hippeastrum psittacinum_DGQPIOQRPAGNGB
4221,hippeastrum psittacinum,montanine,Hippeastrum psittacinum,Hippeastrum psittacinum (Ker Gawl.) Herb.,MKYLOMHWHWEFCT,10.5772/26989,Hippeastrum psittacinum_MKYLOMHWHWEFCT
4222,hippeastrum psittacinum,lycorine,Hippeastrum psittacinum,Hippeastrum psittacinum (Ker Gawl.) Herb.,XGVJWXAYKUHDOO,10.5772/26989,Hippeastrum psittacinum_XGVJWXAYKUHDOO
4223,hippeastrum psittacinum,pretazettine,Hippeastrum psittacinum,Hippeastrum psittacinum (Ker Gawl.) Herb.,KLJOYDMUWKSYBP,10.5772/26989,Hippeastrum psittacinum_KLJOYDMUWKSYBP
4224,hippeastrum psittacinum,galanthamine,Hippeastrum psittacinum,Hippeastrum psittacinum (Ker Gawl.) Herb.,ASUTZQLVASHGKV,10.5772/26989,Hippeastrum psittacinum_ASUTZQLVASHGKV
4227,ptychopetalum olacoides,adenine,Ptychopetalum olacoides,Ptychopetalum olacoides Benth.,GFFGJBXGBJISGV,10.5772/26989,Ptychopetalum olacoides_GFFGJBXGBJISGV
4228,ptychopetalum olacoides,caffeine,Ptychopetalum olacoides,Ptychopetalum olacoides Benth.,RYYVLZVUVIJVGH,10.5772/26989,Ptychopetalum olacoides_RYYVLZVUVIJVGH
4229,ptychopetalum olacoides,theobromine,Ptychopetalum olacoides,Ptychopetalum olacoides Benth.,YAPQBXQYLJRXSA,10.5772/26989,Ptychopetalum olacoides_YAPQBXQYLJRXSA
4233,raphanus sativus l,γ-tocopherol,Raphanus raphanistrum subsp. sativus,Raphanus raphanistrum subsp. sativus (L.) Schmalh.,QUEDXNHFTDJVIY,10.1155/2013/636194,Raphanus raphanistrum subsp. sativus_QUEDXNHFTDJVIY
4235,raphanus sativus l,erucic acid,Raphanus raphanistrum subsp. sativus,Raphanus raphanistrum subsp. sativus (L.) Schmalh.,DPUOLQHDNGRHBS,10.1155/2013/636194,Raphanus raphanistrum subsp. sativus_DPUOLQHDNGRHBS
4237,raphanus sativus l,arachidic acid,Raphanus raphanistrum subsp. sativus,Raphanus raphanistrum subsp. sativus (L.) Schmalh.,VKOBVWXKNCXXDE,10.1155/2013/636194,Raphanus raphanistrum subsp. sativus_VKOBVWXKNCXXDE
4238,raphanus sativus l,oleic acid,Raphanus raphanistrum subsp. sativus,Raphanus raphanistrum subsp. sativus (L.) Schmalh.,ZQPPMHVWECSIRJ,10.1155/2013/636194,Raphanus raphanistrum subsp. sativus_ZQPPMHVWECSIRJ
4241,raphanus sativus l,stearic acid,Raphanus raphanistrum subsp. sativus,Raphanus raphanistrum subsp. sativus (L.) Schmalh.,QIQXTHQIDYTFRH,10.1155/2013/636194,Raphanus raphanistrum subsp. sativus_QIQXTHQIDYTFRH
4243,raphanus sativus l,α-tocopherol,Raphanus raphanistrum subsp. sativus,Raphanus raphanistrum subsp. sativus (L.) Schmalh.,GVJHHUAWPYXKBD,10.1155/2013/636194,Raphanus raphanistrum subsp. sativus_GVJHHUAWPYXKBD
4244,raphanus sativus l,β-tocopherol,Raphanus raphanistrum subsp. sativus,Raphanus raphanistrum subsp. sativus (L.) Schmalh.,WGVKWNUPNGFDFJ,10.1155/2013/636194,Raphanus raphanistrum subsp. sativus_WGVKWNUPNGFDFJ
4245,raphanus sativus l,sinapine thiocyanate,Raphanus raphanistrum subsp. sativus,Raphanus raphanistrum subsp. sativus (L.) Schmalh.,YLELSNOPYHTYTB,10.1155/2013/636194,Raphanus raphanistrum subsp. sativus_YLELSNOPYHTYTB
4248,raphanus sativus l,behenic acid,Raphanus raphanistrum subsp. sativus,Raphanus raphanistrum subsp. sativus (L.) Schmalh.,UKMSUNONTOPOIO,10.1155/2013/636194,Raphanus raphanistrum subsp. sativus_UKMSUNONTOPOIO
4249,raphanus sativus l,δ-tocopherol,Raphanus raphanistrum subsp. sativus,Raphanus raphanistrum subsp. sativus (L.) Schmalh.,GZIFEOYASATJEH,10.1155/2013/636194,Raphanus raphanistrum subsp. sativus_GZIFEOYASATJEH
4250,raphanus sativus l,palmitic acid,Raphanus raphanistrum subsp. sativus,Raphanus raphanistrum subsp. sativus (L.) Schmalh.,IPCSVZSSVZVIGE,10.1155/2013/636194,Raphanus raphanistrum subsp. sativus_IPCSVZSSVZVIGE
4251,aronia melanocarpa (michx.) elliott,kaempferol 3-o-glucoside,Aronia melanocarpa,Aronia melanocarpa (Michx.) Elliott,JPUKWEQWGBDDQB,10.5772/intechopen.92238,Aronia melanocarpa_JPUKWEQWGBDDQB
4252,aronia melanocarpa (michx.) elliott,cyanidin-3-arabinoside,Aronia melanocarpa,Aronia melanocarpa (Michx.) Elliott,ORTBMTXABUAMJS,10.5772/intechopen.92238,Aronia melanocarpa_ORTBMTXABUAMJS
4253,aronia melanocarpa (michx.) elliott,procyanidin b2,Aronia melanocarpa,Aronia melanocarpa (Michx.) Elliott,XFZJEEAOWLFHDH,10.5772/intechopen.92238,Aronia melanocarpa_XFZJEEAOWLFHDH
4254,aronia melanocarpa (michx.) elliott,procyanidin c1,Aronia melanocarpa,Aronia melanocarpa (Michx.) Elliott,MOJZMWJRUKIQGL,10.5772/intechopen.92238,Aronia melanocarpa_MOJZMWJRUKIQGL
4255,aronia melanocarpa (michx.) elliott,prunasin,Aronia melanocarpa,Aronia melanocarpa (Michx.) Elliott,ZKSZEJFBGODIJW,10.5772/intechopen.92238,Aronia melanocarpa_ZKSZEJFBGODIJW
4256,aronia melanocarpa (michx.) elliott,quercetin-3-robinobioside,Aronia melanocarpa,Aronia melanocarpa (Michx.) Elliott,IKGXIBQEEMLURG,10.5772/intechopen.92238,Aronia melanocarpa_IKGXIBQEEMLURG
4258,aronia melanocarpa (michx.) elliott,quercetin 3-o-arabinoside,Aronia melanocarpa,Aronia melanocarpa (Michx.) Elliott,BDCDNTVZSILEOY,10.5772/intechopen.92238,Aronia melanocarpa_BDCDNTVZSILEOY
4259,aronia melanocarpa (michx.) elliott,cryptochlorogenic acid,Aronia melanocarpa,Aronia melanocarpa (Michx.) Elliott,GYFFKZTYYAFCTR,10.5772/intechopen.92238,Aronia melanocarpa_GYFFKZTYYAFCTR
4260,aronia melanocarpa (michx.) elliott,cyanidin-3-galactoside,Aronia melanocarpa,Aronia melanocarpa (Michx.) Elliott,YTMNONATNXDQJF,10.5772/intechopen.92238,Aronia melanocarpa_YTMNONATNXDQJF
4261,aronia melanocarpa (michx.) elliott,amygdalin,Aronia melanocarpa,Aronia melanocarpa (Michx.) Elliott,XUCIJNAGGSZNQT,10.5772/intechopen.92238,Aronia melanocarpa_XUCIJNAGGSZNQT
4262,aronia melanocarpa (michx.) elliott,pelargonidin-3-galactoside,Aronia melanocarpa,Aronia melanocarpa (Michx.) Elliott,CAHGSEFWVUVGGL,10.5772/intechopen.92238,Aronia melanocarpa_CAHGSEFWVUVGGL
4263,aronia melanocarpa (michx.) elliott,procyanidin b5,Aronia melanocarpa,Aronia melanocarpa (Michx.) Elliott,GMISZFQPFDAPGI,10.5772/intechopen.92238,Aronia melanocarpa_GMISZFQPFDAPGI
4266,aronia melanocarpa (michx.) elliott,cyanidin-3-glucoside,Aronia melanocarpa,Aronia melanocarpa (Michx.) Elliott,YTMNONATNXDQJF,10.5772/intechopen.92238,Aronia melanocarpa_YTMNONATNXDQJF
4267,aronia melanocarpa (michx.) elliott,3-o-p-coumaroylquinic acid,Aronia melanocarpa,Aronia melanocarpa (Michx.) Elliott,BMRSEYFENKXDIS,10.5772/intechopen.92238,Aronia melanocarpa_BMRSEYFENKXDIS
4268,aronia melanocarpa (michx.) elliott,chlorogenic acid,Aronia melanocarpa,Aronia melanocarpa (Michx.) Elliott,CWVRJTMFETXNAD,10.5772/intechopen.92238,Aronia melanocarpa_CWVRJTMFETXNAD
4269,aronia melanocarpa (michx.) elliott,quercetin 3-o-rutinoside,Aronia melanocarpa,Aronia melanocarpa (Michx.) Elliott,IKGXIBQEEMLURG,10.5772/intechopen.92238,Aronia melanocarpa_IKGXIBQEEMLURG
4270,aronia melanocarpa (michx.) elliott,cyanidin-3-xyloside,Aronia melanocarpa,Aronia melanocarpa (Michx.) Elliott,ORTBMTXABUAMJS,10.5772/intechopen.92238,Aronia melanocarpa_ORTBMTXABUAMJS
4271,aronia melanocarpa (michx.) elliott,isorhamnetin 3-o-rutinoside,Aronia melanocarpa,Aronia melanocarpa (Michx.) Elliott,UIDGLYUNOUKLBM,10.5772/intechopen.92238,Aronia melanocarpa_UIDGLYUNOUKLBM
4272,aronia melanocarpa (michx.) elliott,neochlorogenic acid,Aronia melanocarpa,Aronia melanocarpa (Michx.) Elliott,CWVRJTMFETXNAD,10.5772/intechopen.92238,Aronia melanocarpa_CWVRJTMFETXNAD
4273,aronia mitschurinii a.k.skvortsov & maitul,kaempferol 3-o-glucoside,× Sorbaronia fallax,× Sorbaronia fallax (C.K.Schneid.) C.K.Schneid.,JPUKWEQWGBDDQB,10.5772/intechopen.92238,× Sorbaronia fallax_JPUKWEQWGBDDQB
4274,aronia mitschurinii a.k.skvortsov & maitul,cyanidin-3-arabinoside,× Sorbaronia fallax,× Sorbaronia fallax (C.K.Schneid.) C.K.Schneid.,ORTBMTXABUAMJS,10.5772/intechopen.92238,× Sorbaronia fallax_ORTBMTXABUAMJS
4275,aronia mitschurinii a.k.skvortsov & maitul,procyanidin b2,× Sorbaronia fallax,× Sorbaronia fallax (C.K.Schneid.) C.K.Schneid.,XFZJEEAOWLFHDH,10.5772/intechopen.92238,× Sorbaronia fallax_XFZJEEAOWLFHDH
4276,aronia mitschurinii a.k.skvortsov & maitul,procyanidin c1,× Sorbaronia fallax,× Sorbaronia fallax (C.K.Schneid.) C.K.Schneid.,MOJZMWJRUKIQGL,10.5772/intechopen.92238,× Sorbaronia fallax_MOJZMWJRUKIQGL
4277,aronia mitschurinii a.k.skvortsov & maitul,prunasin,× Sorbaronia fallax,× Sorbaronia fallax (C.K.Schneid.) C.K.Schneid.,ZKSZEJFBGODIJW,10.5772/intechopen.92238,× Sorbaronia fallax_ZKSZEJFBGODIJW
4278,aronia mitschurinii a.k.skvortsov & maitul,quercetin-3-robinobioside,× Sorbaronia fallax,× Sorbaronia fallax (C.K.Schneid.) C.K.Schneid.,IKGXIBQEEMLURG,10.5772/intechopen.92238,× Sorbaronia fallax_IKGXIBQEEMLURG
4279,aronia mitschurinii a.k.skvortsov & maitul,pelargonidin-3-arabinoside,× Sorbaronia fallax,× Sorbaronia fallax (C.K.Schneid.) C.K.Schneid.,BGOQMKHOLJPANL,10.5772/intechopen.92238,× Sorbaronia fallax_BGOQMKHOLJPANL
4280,aronia mitschurinii a.k.skvortsov & maitul,quercetin 3-o-arabinoside,× Sorbaronia fallax,× Sorbaronia fallax (C.K.Schneid.) C.K.Schneid.,BDCDNTVZSILEOY,10.5772/intechopen.92238,× Sorbaronia fallax_BDCDNTVZSILEOY
4281,aronia mitschurinii a.k.skvortsov & maitul,cryptochlorogenic acid,× Sorbaronia fallax,× Sorbaronia fallax (C.K.Schneid.) C.K.Schneid.,GYFFKZTYYAFCTR,10.5772/intechopen.92238,× Sorbaronia fallax_GYFFKZTYYAFCTR
4282,aronia mitschurinii a.k.skvortsov & maitul,cyanidin-3-galactoside,× Sorbaronia fallax,× Sorbaronia fallax (C.K.Schneid.) C.K.Schneid.,YTMNONATNXDQJF,10.5772/intechopen.92238,× Sorbaronia fallax_YTMNONATNXDQJF
4283,aronia mitschurinii a.k.skvortsov & maitul,amygdalin,× Sorbaronia fallax,× Sorbaronia fallax (C.K.Schneid.) C.K.Schneid.,XUCIJNAGGSZNQT,10.5772/intechopen.92238,× Sorbaronia fallax_XUCIJNAGGSZNQT
4284,aronia mitschurinii a.k.skvortsov & maitul,pelargonidin-3-galactoside,× Sorbaronia fallax,× Sorbaronia fallax (C.K.Schneid.) C.K.Schneid.,CAHGSEFWVUVGGL,10.5772/intechopen.92238,× Sorbaronia fallax_CAHGSEFWVUVGGL
4285,aronia mitschurinii a.k.skvortsov & maitul,procyanidin b5,× Sorbaronia fallax,× Sorbaronia fallax (C.K.Schneid.) C.K.Schneid.,GMISZFQPFDAPGI,10.5772/intechopen.92238,× Sorbaronia fallax_GMISZFQPFDAPGI
4286,aronia mitschurinii a.k.skvortsov & maitul,quercetin 3-o-galactoside,× Sorbaronia fallax,× Sorbaronia fallax (C.K.Schneid.) C.K.Schneid.,OVSQVDMCBVZWGM,10.5772/intechopen.92238,× Sorbaronia fallax_OVSQVDMCBVZWGM
4287,aronia mitschurinii a.k.skvortsov & maitul,quercetin 3-o-glucoside,× Sorbaronia fallax,× Sorbaronia fallax (C.K.Schneid.) C.K.Schneid.,OVSQVDMCBVZWGM,10.5772/intechopen.92238,× Sorbaronia fallax_OVSQVDMCBVZWGM
4288,aronia mitschurinii a.k.skvortsov & maitul,cyanidin-3-glucoside,× Sorbaronia fallax,× Sorbaronia fallax (C.K.Schneid.) C.K.Schneid.,YTMNONATNXDQJF,10.5772/intechopen.92238,× Sorbaronia fallax_YTMNONATNXDQJF
4289,aronia mitschurinii a.k.skvortsov & maitul,3-o-p-coumaroylquinic acid,× Sorbaronia fallax,× Sorbaronia fallax (C.K.Schneid.) C.K.Schneid.,BMRSEYFENKXDIS,10.5772/intechopen.92238,× Sorbaronia fallax_BMRSEYFENKXDIS
4290,aronia mitschurinii a.k.skvortsov & maitul,chlorogenic acid,× Sorbaronia fallax,× Sorbaronia fallax (C.K.Schneid.) C.K.Schneid.,CWVRJTMFETXNAD,10.5772/intechopen.92238,× Sorbaronia fallax_CWVRJTMFETXNAD
4291,aronia mitschurinii a.k.skvortsov & maitul,quercetin 3-o-rutinoside,× Sorbaronia fallax,× Sorbaronia fallax (C.K.Schneid.) C.K.Schneid.,IKGXIBQEEMLURG,10.5772/intechopen.92238,× Sorbaronia fallax_IKGXIBQEEMLURG
4292,aronia mitschurinii a.k.skvortsov & maitul,cyanidin-3-xyloside,× Sorbaronia fallax,× Sorbaronia fallax (C.K.Schneid.) C.K.Schneid.,ORTBMTXABUAMJS,10.5772/intechopen.92238,× Sorbaronia fallax_ORTBMTXABUAMJS
4293,aronia mitschurinii a.k.skvortsov & maitul,isorhamnetin 3-o-rutinoside,× Sorbaronia fallax,× Sorbaronia fallax (C.K.Schneid.) C.K.Schneid.,UIDGLYUNOUKLBM,10.5772/intechopen.92238,× Sorbaronia fallax_UIDGLYUNOUKLBM
4294,aronia mitschurinii a.k.skvortsov & maitul,neochlorogenic acid,× Sorbaronia fallax,× Sorbaronia fallax (C.K.Schneid.) C.K.Schneid.,CWVRJTMFETXNAD,10.5772/intechopen.92238,× Sorbaronia fallax_CWVRJTMFETXNAD
4295,allium cepa l,diosgenin,Allium cepa,Allium cepa L.,WQLVFSAGQJTQCK,10.5451/unibas-004872322,Allium cepa_WQLVFSAGQJTQCK
4301,allium cepa l,gitogenin,Allium cepa,Allium cepa L.,FWCXELAAYFYCSR,10.5451/unibas-004872322,Allium cepa_FWCXELAAYFYCSR
4303,allium cepa l,sitosterol,Allium cepa,Allium cepa L.,KZJWDPNRJALLNS,10.5451/unibas-004872322,Allium cepa_KZJWDPNRJALLNS
4304,artabotrys brachypetalus benth,pterostilbene,Artabotrys brachypetalus,Artabotrys brachypetalus Benth.,VLEUZFDZJKSGMX,10.4102/jomped.v8i1.249,Artabotrys brachypetalus_VLEUZFDZJKSGMX
4305,artabotrys brachypetalus benth,xylopine,Artabotrys brachypetalus,Artabotrys brachypetalus Benth.,RFWCCZDSXIZJMF,10.4102/jomped.v8i1.249,Artabotrys brachypetalus_RFWCCZDSXIZJMF
4306,artabotrys brachypetalus benth,pessoine,Artabotrys brachypetalus,Artabotrys brachypetalus Benth.,NZFYGBOUVBINBH,10.4102/jomped.v8i1.249,Artabotrys brachypetalus_NZFYGBOUVBINBH
4307,artabotrys brachypetalus benth,octadecatrienoic acid,Artabotrys brachypetalus,Artabotrys brachypetalus Benth.,ZUUFLXSNVWQOJW,10.4102/jomped.v8i1.249,Artabotrys brachypetalus_ZUUFLXSNVWQOJW
4308,artabotrys brachypetalus benth,malic acid,Artabotrys brachypetalus,Artabotrys brachypetalus Benth.,BJEPYKJPYRNKOW,10.4102/jomped.v8i1.249,Artabotrys brachypetalus_BJEPYKJPYRNKOW
4309,artabotrys brachypetalus benth,norushinsunine,Artabotrys brachypetalus,Artabotrys brachypetalus Benth.,CKIYSMRPIBQTHQ,10.4102/jomped.v8i1.249,Artabotrys brachypetalus_CKIYSMRPIBQTHQ
4310,artabotrys brachypetalus benth,dehydrodiscretamine,Artabotrys brachypetalus,Artabotrys brachypetalus Benth.,XXLNLCVMHJBPLJ,10.4102/jomped.v8i1.249,Artabotrys brachypetalus_XXLNLCVMHJBPLJ
4311,artabotrys brachypetalus benth,stepharine,Artabotrys brachypetalus,Artabotrys brachypetalus Benth.,OGJKMZVUJJYWKO,10.4102/jomped.v8i1.249,Artabotrys brachypetalus_OGJKMZVUJJYWKO
4312,artabotrys brachypetalus benth,norcoclaurine,Artabotrys brachypetalus,Artabotrys brachypetalus Benth.,WZRCQWQRFZITDX,10.4102/jomped.v8i1.249,Artabotrys brachypetalus_WZRCQWQRFZITDX
4313,artabotrys brachypetalus benth,thalifendine,Artabotrys brachypetalus,Artabotrys brachypetalus Benth.,OEGWOBMNQDATKP,10.4102/jomped.v8i1.249,Artabotrys brachypetalus_OEGWOBMNQDATKP
4316,artabotrys brachypetalus benth,thebaine,Artabotrys brachypetalus,Artabotrys brachypetalus Benth.,FQXXSQDCDRQNQE,10.4102/jomped.v8i1.249,Artabotrys brachypetalus_FQXXSQDCDRQNQE
4317,artabotrys brachypetalus benth,tetrahydropalmatine,Artabotrys brachypetalus,Artabotrys brachypetalus Benth.,AEQDJSLRWYMAQI,10.4102/jomped.v8i1.249,Artabotrys brachypetalus_AEQDJSLRWYMAQI
4318,artabotrys brachypetalus benth,reticuline,Artabotrys brachypetalus,Artabotrys brachypetalus Benth.,BHLYRWXGMIUIHG,10.4102/jomped.v8i1.249,Artabotrys brachypetalus_BHLYRWXGMIUIHG
4319,artabotrys brachypetalus benth,quinic acid,Artabotrys brachypetalus,Artabotrys brachypetalus Benth.,AAWZDTNXLSGCEK,10.4102/jomped.v8i1.249,Artabotrys brachypetalus_AAWZDTNXLSGCEK
4320,artabotrys brachypetalus benth,stearidonic acid,Artabotrys brachypetalus,Artabotrys brachypetalus Benth.,JIWBIWFOSCKQMA,10.4102/jomped.v8i1.249,Artabotrys brachypetalus_JIWBIWFOSCKQMA
4321,artabotrys brachypetalus benth,columbamine,Artabotrys brachypetalus,Artabotrys brachypetalus Benth.,YYFOFDHQVIODOQ,10.4102/jomped.v8i1.249,Artabotrys brachypetalus_YYFOFDHQVIODOQ
4322,artabotrys brachypetalus benth,dehydroanonaine,Artabotrys brachypetalus,Artabotrys brachypetalus Benth.,VNNKFCMTGJUPOQ,10.4102/jomped.v8i1.249,Artabotrys brachypetalus_VNNKFCMTGJUPOQ
4323,artabotrys brachypetalus benth,salsolinol,Artabotrys brachypetalus,Artabotrys brachypetalus Benth.,IBRKLUSXDYATLG,10.4102/jomped.v8i1.249,Artabotrys brachypetalus_IBRKLUSXDYATLG
4324,artabotrys brachypetalus benth,hydroxy-octadecatrienoic acid,Artabotrys brachypetalus,Artabotrys brachypetalus Benth.,JUWVYVXVVQSZPO,10.4102/jomped.v8i1.249,Artabotrys brachypetalus_JUWVYVXVVQSZPO
4325,artabotrys brachypetalus benth,oxoxylopine,Artabotrys brachypetalus,Artabotrys brachypetalus Benth.,WLXLLQQGGGHOMA,10.4102/jomped.v8i1.249,Artabotrys brachypetalus_WLXLLQQGGGHOMA
4326,artabotrys brachypetalus benth,laurotetanine,Artabotrys brachypetalus,Artabotrys brachypetalus Benth.,GVVXPMORGFYVOO,10.4102/jomped.v8i1.249,Artabotrys brachypetalus_GVVXPMORGFYVOO
4329,artabotrys brachypetalus benth,prespatane,Artabotrys brachypetalus,Artabotrys brachypetalus Benth.,KZVOHANKAKKFOK,10.4102/jomped.v8i1.249,Artabotrys brachypetalus_KZVOHANKAKKFOK
4330,artabotrys brachypetalus benth,lotusine,Artabotrys brachypetalus,Artabotrys brachypetalus Benth.,ZKTMLINFIQCERN,10.4102/jomped.v8i1.249,Artabotrys brachypetalus_ZKTMLINFIQCERN
4331,artabotrys brachypetalus benth,taxifolin,Artabotrys brachypetalus,Artabotrys brachypetalus Benth.,CXQWRCVTCMQVQX,10.4102/jomped.v8i1.249,Artabotrys brachypetalus_CXQWRCVTCMQVQX
4332,artabotrys brachypetalus benth,n formylreticuline,Artabotrys brachypetalus,Artabotrys brachypetalus Benth.,QYKLIFNJBMPXQU,10.4102/jomped.v8i1.249,Artabotrys brachypetalus_QYKLIFNJBMPXQU
4334,argemone ochroleuca sweet,phytol,Argemone ochroleuca,Argemone ochroleuca Sweet,BOTWFXYSPFMFNR,10.3390/agronomy14091912.,Argemone ochroleuca_BOTWFXYSPFMFNR
4335,argemone ochroleuca sweet,"9,12,15-octadecatrienoic acid, (z,z,z)-",Argemone ochroleuca,Argemone ochroleuca Sweet,DTOSIQBPPRVQHS,10.3390/agronomy14091912.,Argemone ochroleuca_DTOSIQBPPRVQHS
4336,argemone ochroleuca sweet,"9,12-octadecadienoic acid (z,z)-",Argemone ochroleuca,Argemone ochroleuca Sweet,OYHQOLUKZRVURQ,10.3390/agronomy14091912.,Argemone ochroleuca_OYHQOLUKZRVURQ
4337,argemone ochroleuca sweet,"hexadecenoic acid, z-11-",Argemone ochroleuca,Argemone ochroleuca Sweet,JGMYDQCXGIMHLL,10.3390/agronomy14091912.,Argemone ochroleuca_JGMYDQCXGIMHLL
4338,argemone ochroleuca sweet,"undecane, 2,2-dimethyl-",Argemone ochroleuca,Argemone ochroleuca Sweet,QDKSGHXRHXVMPF,10.3390/agronomy14091912.,Argemone ochroleuca_QDKSGHXRHXVMPF
4339,argemone ochroleuca sweet,stigmasterol,Argemone ochroleuca,Argemone ochroleuca Sweet,HCXVJBMSMIARIN,10.3390/agronomy14091912.,Argemone ochroleuca_HCXVJBMSMIARIN
4340,argemone ochroleuca sweet,"1-penten-3-yne, 2-methyl-",Argemone ochroleuca,Argemone ochroleuca Sweet,KGIABMDFILVKGN,10.3390/agronomy14091912.,Argemone ochroleuca_KGIABMDFILVKGN
4341,argemone ochroleuca sweet,"3-pyridinecarbonitrile, 1,4-dihydro-1-methyl-",Argemone ochroleuca,Argemone ochroleuca Sweet,URMOHBQFVNVION,10.3390/agronomy14091912.,Argemone ochroleuca_URMOHBQFVNVION
4342,argemone ochroleuca sweet,"9,12,15-octadecatrienoic acid, methyl ester, (z,z,z)-",Argemone ochroleuca,Argemone ochroleuca Sweet,DVWSXZIHSUZZKJ,10.3390/agronomy14091912.,Argemone ochroleuca_DVWSXZIHSUZZKJ
4343,argemone ochroleuca sweet,neophytadiene,Argemone ochroleuca,Argemone ochroleuca Sweet,NIDGCIPAMWNKOA,10.3390/agronomy14091912.,Argemone ochroleuca_NIDGCIPAMWNKOA
4344,argemone ochroleuca sweet,"benzaldehyde, 3-bromo-5-methoxy-4-[(3-methylphenyl)methoxy]-",Argemone ochroleuca,Argemone ochroleuca Sweet,MCRZEGYDSTZPBA,10.3390/agronomy14091912.,Argemone ochroleuca_MCRZEGYDSTZPBA
4345,argemone ochroleuca sweet,"1,2-benzenedicarboxylic acid, butyl 2-ethylhexyl ester",Argemone ochroleuca,Argemone ochroleuca Sweet,AVOLBYOSCILFLL,10.3390/agronomy14091912.,Argemone ochroleuca_AVOLBYOSCILFLL
4346,argemone ochroleuca sweet,"1h-indene, 2,3-dihydro-1,3-dimethyl-",Argemone ochroleuca,Argemone ochroleuca Sweet,IIJUYSSJMAITHJ,10.3390/agronomy14091912.,Argemone ochroleuca_IIJUYSSJMAITHJ
4347,argemone ochroleuca sweet,"nonane, 4-ethyl-5-methyl-",Argemone ochroleuca,Argemone ochroleuca Sweet,HKUUNAOHRKAJIY,10.3390/agronomy14091912.,Argemone ochroleuca_HKUUNAOHRKAJIY
4348,argemone ochroleuca sweet,"hexadecanoic acid,2-hydroxy-1-(hydroxymethyl)ethyl ester",Argemone ochroleuca,Argemone ochroleuca Sweet,BBNYCLAREVXOSG,10.3390/agronomy14091912.,Argemone ochroleuca_BBNYCLAREVXOSG
4349,argemone ochroleuca sweet,n-hexadecanoic acid,Argemone ochroleuca,Argemone ochroleuca Sweet,IPCSVZSSVZVIGE,10.3390/agronomy14091912.,Argemone ochroleuca_IPCSVZSSVZVIGE
4351,virola elongata,"(z)-3,5,4′-trihydroxystilbene",Virola elongata,Virola elongata (Benth.) Warb.,LUKBXSAWLPMMSZ,10.3390/molecules26040792,Virola elongata_LUKBXSAWLPMMSZ
4352,virola elongata,gallic acid,Virola elongata,Virola elongata (Benth.) Warb.,LNTHITQWFMADLM,10.3390/molecules26040792,Virola elongata_LNTHITQWFMADLM
4353,virola elongata,rutin,Virola elongata,Virola elongata (Benth.) Warb.,IKGXIBQEEMLURG,10.3390/molecules26040792,Virola elongata_IKGXIBQEEMLURG
4354,virola elongata,dibenzylbutane,Virola elongata,Virola elongata (Benth.) Warb.,DNFPIDCPAFVRPK,10.3390/molecules26040792,Virola elongata_DNFPIDCPAFVRPK
4355,virola elongata,catechin,Virola elongata,Virola elongata (Benth.) Warb.,PFTAWBLQPZVEMU,10.3390/molecules26040792,Virola elongata_PFTAWBLQPZVEMU
4356,virola elongata,6-methoxyharmalan,Virola elongata,Virola elongata (Benth.) Warb.,HMBHRMFLDKKSCT,10.3390/molecules26040792,Virola elongata_HMBHRMFLDKKSCT
4357,virola elongata,6-methoxyharman,Virola elongata,Virola elongata (Benth.) Warb.,XYYVPBBISSKKQB,10.3390/molecules26040792,Virola elongata_XYYVPBBISSKKQB
4359,virola peruviana,"n,n-dimethyltryptamine",Virola peruviana,Virola peruviana (A.DC.) Warb.,DMULVCHRPCFFGV,10.3390/molecules26040792,Virola peruviana_DMULVCHRPCFFGV
4361,virola oleifera,eriodictyol,Bicuiba oleifera,Bicuiba oleifera (Schott) J.J.de Wilde,SBHXYTNGIZCORC,10.3390/molecules26040792,Bicuiba oleifera_SBHXYTNGIZCORC
4362,virola oleifera,epicatechin,Bicuiba oleifera,Bicuiba oleifera (Schott) J.J.de Wilde,PFTAWBLQPZVEMU,10.3390/molecules26040792,Bicuiba oleifera_PFTAWBLQPZVEMU
4364,virola oleifera,gallic acid,Bicuiba oleifera,Bicuiba oleifera (Schott) J.J.de Wilde,LNTHITQWFMADLM,10.3390/molecules26040792,Bicuiba oleifera_LNTHITQWFMADLM
4366,virola oleifera,quercetin,Bicuiba oleifera,Bicuiba oleifera (Schott) J.J.de Wilde,REFJWTPEDVJJIY,10.3390/molecules26040792,Bicuiba oleifera_REFJWTPEDVJJIY
4370,virola surinamensis,epicatechin,Virola surinamensis,Virola surinamensis (Rol. ex Rottb.) Warb.,PFTAWBLQPZVEMU,10.3390/molecules26040792,Virola surinamensis_PFTAWBLQPZVEMU
4372,virola surinamensis,catechin,Virola surinamensis,Virola surinamensis (Rol. ex Rottb.) Warb.,PFTAWBLQPZVEMU,10.3390/molecules26040792,Virola surinamensis_PFTAWBLQPZVEMU
4374,virola venosa,kaempferol,Virola venosa,Virola venosa (Benth.) Warb.,IYRMWMYZSQPJKC,10.3390/molecules26040792,Virola venosa_IYRMWMYZSQPJKC
4375,virola venosa,gallic acid,Virola venosa,Virola venosa (Benth.) Warb.,LNTHITQWFMADLM,10.3390/molecules26040792,Virola venosa_LNTHITQWFMADLM
4376,virola venosa,quercitrin,Virola venosa,Virola venosa (Benth.) Warb.,OXGUCUVFOIWWQJ,10.3390/molecules26040792,Virola venosa_OXGUCUVFOIWWQJ
4377,virola venosa,quercetin,Virola venosa,Virola venosa (Benth.) Warb.,REFJWTPEDVJJIY,10.3390/molecules26040792,Virola venosa_REFJWTPEDVJJIY
4378,virola venosa,catechin,Virola venosa,Virola venosa (Benth.) Warb.,PFTAWBLQPZVEMU,10.3390/molecules26040792,Virola venosa_PFTAWBLQPZVEMU
4379,virola venosa,oleiferin-c,Virola venosa,Virola venosa (Benth.) Warb.,SDXLCXZRXWWAGW,10.3390/molecules26040792,Virola venosa_SDXLCXZRXWWAGW
4381,trigonella foenum-graecum,fructose,Trigonella foenum-graecum,Trigonella foenum-graecum L.,LKDRXBCSQODPBY,10.5772/intechopen.106208,Trigonella foenum-graecum_LKDRXBCSQODPBY
4382,trifolium incarnatum,cellulose,Trifolium incarnatum,Trifolium incarnatum L.,GUBGYTABKSRVRQ,10.5772/intechopen.106208,Trifolium incarnatum_GUBGYTABKSRVRQ
4383,trifolium incarnatum,fructose,Trifolium incarnatum,Trifolium incarnatum L.,LKDRXBCSQODPBY,10.5772/intechopen.106208,Trifolium incarnatum_LKDRXBCSQODPBY
4385,medicago sativa,fructose,Medicago sativa,Medicago sativa L.,LKDRXBCSQODPBY,10.5772/intechopen.106208,Medicago sativa_LKDRXBCSQODPBY
4386,ricinus communis,galactose,Ricinus communis,Ricinus communis L.,WQZGKKKJIJFFOK,10.5772/intechopen.106208,Ricinus communis_WQZGKKKJIJFFOK
4389,datura ferox,quercetin,Datura ferox,Datura ferox L.,REFJWTPEDVJJIY,10.5772/intechopen.106208,Datura ferox_REFJWTPEDVJJIY
4390,lactuca sativa,aglycon,Lactuca sativa,Lactuca sativa L.,DKVBOUDTNWVDEP,10.5772/intechopen.106208,Lactuca sativa_DKVBOUDTNWVDEP
4391,brassica napus,cellulose,Brassica napus,Brassica napus L.,GUBGYTABKSRVRQ,10.5772/intechopen.106208,Brassica napus_GUBGYTABKSRVRQ
4392,sinapis alba,cellulose,Sinapis alba,Sinapis alba L.,GUBGYTABKSRVRQ,10.5772/intechopen.106208,Sinapis alba_GUBGYTABKSRVRQ
4393,raphanus sativus,cellulose,Raphanus raphanistrum subsp. sativus,Raphanus raphanistrum subsp. sativus (L.) Schmalh.,GUBGYTABKSRVRQ,10.5772/intechopen.106208,Raphanus raphanistrum subsp. sativus_GUBGYTABKSRVRQ
4395,beta vulgaris,fructose,Beta vulgaris,Beta vulgaris L.,LKDRXBCSQODPBY,10.5772/intechopen.106208,Beta vulgaris_LKDRXBCSQODPBY
4397,chenopodium album,galactose,Chenopodium album,Chenopodium album L.,WQZGKKKJIJFFOK,10.5772/intechopen.106208,Chenopodium album_WQZGKKKJIJFFOK
4398,chenopodium album,fructose,Chenopodium album,Chenopodium album L.,LKDRXBCSQODPBY,10.5772/intechopen.106208,Chenopodium album_LKDRXBCSQODPBY
4399,chenopodium album,glucose,Chenopodium album,Chenopodium album L.,WQZGKKKJIJFFOK,10.5772/intechopen.106208,Chenopodium album_WQZGKKKJIJFFOK
4400,piper nigrum,galactose,Piper nigrum,Piper nigrum L.,WQZGKKKJIJFFOK,10.5772/intechopen.106208,Piper nigrum_WQZGKKKJIJFFOK
4401,piper nigrum,fructose,Piper nigrum,Piper nigrum L.,LKDRXBCSQODPBY,10.5772/intechopen.106208,Piper nigrum_LKDRXBCSQODPBY
4402,piper nigrum,glucose,Piper nigrum,Piper nigrum L.,WQZGKKKJIJFFOK,10.5772/intechopen.106208,Piper nigrum_WQZGKKKJIJFFOK
4403,moringa oleifera lam,phytol,Moringa oleifera,Moringa oleifera Lam.,BOTWFXYSPFMFNR,10.55544/jrasb.3.3.29,Moringa oleifera_BOTWFXYSPFMFNR
4406,moringa oleifera lam,palmitoyl chloride,Moringa oleifera,Moringa oleifera Lam.,ARBOVOVUTSQWSS,10.55544/jrasb.3.3.29,Moringa oleifera_ARBOVOVUTSQWSS
4408,moringa oleifera lam,beta-carotene,Moringa oleifera,Moringa oleifera Lam.,OENHQHLEOONYIE,10.55544/jrasb.3.3.29,Moringa oleifera_OENHQHLEOONYIE
4409,moringa oleifera lam,caffeine,Moringa oleifera,Moringa oleifera Lam.,RYYVLZVUVIJVGH,10.55544/jrasb.3.3.29,Moringa oleifera_RYYVLZVUVIJVGH
4410,moringa oleifera lam,cinnamic acid,Moringa oleifera,Moringa oleifera Lam.,WBYWAXJHAXSJNI,10.55544/jrasb.3.3.29,Moringa oleifera_WBYWAXJHAXSJNI
4412,moringa oleifera lam,4-hydroxymellein,Moringa oleifera,Moringa oleifera Lam.,STSOHAOGZMLWFR,10.55544/jrasb.3.3.29,Moringa oleifera_STSOHAOGZMLWFR
4416,moringa oleifera lam,vanillin,Moringa oleifera,Moringa oleifera Lam.,MWOOGOJBHIARFG,10.55544/jrasb.3.3.29,Moringa oleifera_MWOOGOJBHIARFG
4417,moringa oleifera lam,carbamates,Moringa oleifera,Moringa oleifera Lam.,KXDHJXZQYSOELW,10.55544/jrasb.3.3.29,Moringa oleifera_KXDHJXZQYSOELW
4424,moringa oleifera lam,tetradecanoic acid,Moringa oleifera,Moringa oleifera Lam.,TUNFSRHWOTWDNC,10.55544/jrasb.3.3.29,Moringa oleifera_TUNFSRHWOTWDNC
4432,moringa oleifera lam,glucomoringin,Moringa oleifera,Moringa oleifera Lam.,OVFNULRBAJGUQL,10.55544/jrasb.3.3.29,Moringa oleifera_OVFNULRBAJGUQL
4433,moringa oleifera lam,thiocarbamate,Moringa oleifera,Moringa oleifera Lam.,GNVMUORYQLCPJZ,10.55544/jrasb.3.3.29,Moringa oleifera_GNVMUORYQLCPJZ
4435,moringa oleifera lam,protocatechuic acid,Moringa oleifera,Moringa oleifera Lam.,YQUVCSBJEUQKSH,10.55544/jrasb.3.3.29,Moringa oleifera_YQUVCSBJEUQKSH
4437,moringa oleifera lam,propyl undecanoate,Moringa oleifera,Moringa oleifera Lam.,ILQYZJGHYZFJPP,10.55544/jrasb.3.3.29,Moringa oleifera_ILQYZJGHYZFJPP
4438,moringa oleifera lam,isoquercitrin,Moringa oleifera,Moringa oleifera Lam.,OPJZLUXFQFQYAI,10.55544/jrasb.3.3.29,Moringa oleifera_OPJZLUXFQFQYAI
4439,moringa oleifera lam,cis-vaccenic acid,Moringa oleifera,Moringa oleifera Lam.,UWHZIFQPPBDJPM,10.55544/jrasb.3.3.29,Moringa oleifera_UWHZIFQPPBDJPM
4440,moringa oleifera lam,o-ethyl-4-[(α-l-rhamnosyloxy)-benzyl] carbamate,Moringa oleifera,Moringa oleifera Lam.,WFMKGQJUZZFTGQ,10.55544/jrasb.3.3.29,Moringa oleifera_WFMKGQJUZZFTGQ
4444,moringa oleifera lam,kaempferitrin,Moringa oleifera,Moringa oleifera Lam.,PUPKKEQDLNREIM,10.55544/jrasb.3.3.29,Moringa oleifera_PUPKKEQDLNREIM
4445,moringa oleifera lam,zeatin,Moringa oleifera,Moringa oleifera Lam.,UZKQTCBAMSWPJD,10.55544/jrasb.3.3.29,Moringa oleifera_UZKQTCBAMSWPJD
4450,moringa oleifera lam,octacosanoic acid,Moringa oleifera,Moringa oleifera Lam.,UTOPWMOLSKOLTQ,10.55544/jrasb.3.3.29,Moringa oleifera_UTOPWMOLSKOLTQ
4452,securidaca longipedunculata fresen,caffeic acid,Securidaca,Securidaca L.,QAIPRVGONGVQAS,10.1016/j.jep.2015.02.041,Securidaca_QAIPRVGONGVQAS
4453,securidaca longipedunculata fresen,"1,7-dihydroxyxanthone",Securidaca,Securidaca L.,KDXFPEKLLFWHMN,10.1016/j.jep.2015.02.041,Securidaca_KDXFPEKLLFWHMN
4454,securidaca longipedunculata fresen,benzyl-2-hydroxy-6-methoxybenzoate,Securidaca,Securidaca L.,CGNJMCLXIMWKDY,10.1016/j.jep.2015.02.041,Securidaca_CGNJMCLXIMWKDY
4455,securidaca longipedunculata fresen,rutin,Securidaca,Securidaca L.,IKGXIBQEEMLURG,10.1016/j.jep.2015.02.041,Securidaca_IKGXIBQEEMLURG
4456,securidaca longipedunculata fresen,"2-methoxy-3,4-methylenedioxybenzophenone",Securidaca,Securidaca L.,SUKAEERDMQPLMM,10.1016/j.jep.2015.02.041,Securidaca_SUKAEERDMQPLMM
4457,securidaca longipedunculata fresen,"1,2,3,5-tetramethoxyxanthone",Securidaca,Securidaca L.,SYCLQJWJTXZCTR,10.1016/j.jep.2015.02.041,Securidaca_SYCLQJWJTXZCTR
4458,securidaca longipedunculata fresen,methyl 2-hydroxy-6-methoxybenzoate,Securidaca,Securidaca L.,YRJIMTHQIPOSJR,10.1016/j.jep.2015.02.041,Securidaca_YRJIMTHQIPOSJR
4459,securidaca longipedunculata fresen,"1,5-dihydroxy-2,3,6,7,8-pentamethoxyxanthone",Securidaca,Securidaca L.,OXXFKKRDCFGOSY,10.1016/j.jep.2015.02.041,Securidaca_OXXFKKRDCFGOSY
4460,securidaca longipedunculata fresen,"1,6,8-trihydroxy-2,3,4,7-tetramethoxyxanthone",Securidaca,Securidaca L.,XAEGXBVPBCQGJB,10.1016/j.jep.2015.02.041,Securidaca_XAEGXBVPBCQGJB
4461,securidaca longipedunculata fresen,"1,6,8-trihydroxy-2,3,4,5-tetramethoxyxanthone",Securidaca,Securidaca L.,FIPJYPBZYQOEHW,10.1016/j.jep.2015.02.041,Securidaca_FIPJYPBZYQOEHW
4462,securidaca longipedunculata fresen,"1,3,6,8-tetrahydroxy-2,5-dimethoxyxanthone",Securidaca,Securidaca L.,LKGCCRQDSNMXSX,10.1016/j.jep.2015.02.041,Securidaca_LKGCCRQDSNMXSX
4463,securidaca longipedunculata fresen,6-hydroxy-2-methoxy benzoic acid,Securidaca,Securidaca L.,AAUQLHHARJUJEH,10.1016/j.jep.2015.02.041,Securidaca_AAUQLHHARJUJEH
4464,securidaca longipedunculata fresen,"4,8-dihydroxy-1,2,3,5,6-pentamethoxyxanthone",Securidaca,Securidaca L.,SIWYSGISHGTZKZ,10.1016/j.jep.2015.02.041,Securidaca_SIWYSGISHGTZKZ
4465,securidaca longipedunculata fresen,3-hydroxy-6-methoxysalicylic acid,Securidaca,Securidaca L.,UYIMUZPVXLUSDF,10.1016/j.jep.2015.02.041,Securidaca_UYIMUZPVXLUSDF
4466,securidaca longipedunculata fresen,"4-methoxy-benzo[1,3]dioxol-5-yl-phenylmethanone",Securidaca,Securidaca L.,SUKAEERDMQPLMM,10.1016/j.jep.2015.02.041,Securidaca_SUKAEERDMQPLMM
4467,securidaca longipedunculata fresen,p-coumaric acid,Securidaca,Securidaca L.,NGSWKAQJJWESNS,10.1016/j.jep.2015.02.041,Securidaca_NGSWKAQJJWESNS
4468,securidaca longipedunculata fresen,methyl salicylate,Securidaca,Securidaca L.,OSWPMRLSEDHDFF,10.1016/j.jep.2015.02.041,Securidaca_OSWPMRLSEDHDFF
4469,securidaca longipedunculata fresen,"2-hydroxy-1,7-dimethoxyxanthone",Securidaca,Securidaca L.,PIGYJVNDGBCMES,10.1016/j.jep.2015.02.041,Securidaca_PIGYJVNDGBCMES
4470,securidaca longipedunculata fresen,"1,6-dihydroxyxanthone",Securidaca,Securidaca L.,IUSXGFFUHTXSRD,10.1016/j.jep.2015.02.041,Securidaca_IUSXGFFUHTXSRD
4471,securidaca longipedunculata fresen,presenegenin,Securidaca,Securidaca L.,VGTALXLMFZXQSK,10.1016/j.jep.2015.02.041,Securidaca_VGTALXLMFZXQSK
4472,securidaca longipedunculata fresen,securinine,Securidaca,Securidaca L.,SWZMSZQQJRKFBP,10.1016/j.jep.2015.02.041,Securidaca_SWZMSZQQJRKFBP
4473,securidaca longipedunculata fresen,"1,7-dihydroxy-4-methoxyxanthone",Securidaca,Securidaca L.,YDZGWMWSKOGVLG,10.1016/j.jep.2015.02.041,Securidaca_YDZGWMWSKOGVLG
4474,securidaca longipedunculata fresen,cinnamic acid,Securidaca,Securidaca L.,WBYWAXJHAXSJNI,10.1016/j.jep.2015.02.041,Securidaca_WBYWAXJHAXSJNI
4475,securidaca longipedunculata fresen,benzyl 3-hydroxy-2-methoxybenzoate,Securidaca,Securidaca L.,MDJFANQQBBPYQU,10.1016/j.jep.2015.02.041,Securidaca_MDJFANQQBBPYQU
4476,securidaca longipedunculata fresen,"1,5-dihydroxy-3,4,6,7,8-pentamethoxyxanthone",Securidaca,Securidaca L.,SIWYSGISHGTZKZ,10.1016/j.jep.2015.02.041,Securidaca_SIWYSGISHGTZKZ
4477,securidaca longipedunculata fresen,sinapic acid,Securidaca,Securidaca L.,PCMORTLOPMLEFB,10.1016/j.jep.2015.02.041,Securidaca_PCMORTLOPMLEFB
4478,securidaca longipedunculata fresen,β-sitosterol,Securidaca,Securidaca L.,KZJWDPNRJALLNS,10.1016/j.jep.2015.02.041,Securidaca_KZJWDPNRJALLNS
4479,securidaca longipedunculata fresen,methyl-2-hydroxybenzoate,Securidaca,Securidaca L.,OSWPMRLSEDHDFF,10.1016/j.jep.2015.02.041,Securidaca_OSWPMRLSEDHDFF
4480,securidaca longipedunculata fresen,"1,6-dihydroxy-2,3,4,5,8-pentamethoxyxanthone",Securidaca,Securidaca L.,GWPXRDOKFNJHQK,10.1016/j.jep.2015.02.041,Securidaca_GWPXRDOKFNJHQK
4482,jatropha podagrica hook,sitosterone,Jatropha podagrica,Jatropha podagrica Hook.,RUVUHIUYGJBLGI,10.15562/phytomedicine.2020.150,Jatropha podagrica_RUVUHIUYGJBLGI
4483,jatropha podagrica hook,methyl gallate,Jatropha podagrica,Jatropha podagrica Hook.,FBSFWRHWHYMIOG,10.15562/phytomedicine.2020.150,Jatropha podagrica_FBSFWRHWHYMIOG
4484,jatropha podagrica hook,gallic acid,Jatropha podagrica,Jatropha podagrica Hook.,LNTHITQWFMADLM,10.15562/phytomedicine.2020.150,Jatropha podagrica_LNTHITQWFMADLM
4486,jatropha podagrica hook,3-acetylaleuritolic acid,Jatropha podagrica,Jatropha podagrica Hook.,UROPGAQBZGIPQC,10.15562/phytomedicine.2020.150,Jatropha podagrica_UROPGAQBZGIPQC
4487,jatropha podagrica hook,sitosterol,Jatropha podagrica,Jatropha podagrica Hook.,KZJWDPNRJALLNS,10.15562/phytomedicine.2020.150,Jatropha podagrica_KZJWDPNRJALLNS
4488,jatropha podagrica hook,scoparone,Jatropha podagrica,Jatropha podagrica Hook.,GUAFOGOEJLSQBT,10.15562/phytomedicine.2020.150,Jatropha podagrica_GUAFOGOEJLSQBT
4497,calea oliverii robinson and greenman,budlein a,Calea,Calea L.,BMVJFNLJSZHNNS,10.31390/gradschool_disstheses.4026,Calea_BMVJFNLJSZHNNS
4499,garcinia mangostana l,flavonoid,Garcinia mangostana,Garcinia mangostana L.,JVXZRQGOGOXCEC,10.4308/hjb.15.3.99,Garcinia mangostana_JVXZRQGOGOXCEC
4500,garcinia mangostana l,triterpenoid,Garcinia mangostana,Garcinia mangostana L.,XBZYWSMVVKYHQN,10.4308/hjb.15.3.99,Garcinia mangostana_XBZYWSMVVKYHQN
4501,garcinia mangostana l,tannin,Garcinia mangostana,Garcinia mangostana L.,LRBQNJMCXXYXIU,10.4308/hjb.15.3.99,Garcinia mangostana_LRBQNJMCXXYXIU
4502,justicia gendarussa burm,saponin,Justicia gendarussa,Justicia gendarussa Burm.f.,MAEBCGDGGATMSC,10.5281/zenodo.2585379,Justicia gendarussa_MAEBCGDGGATMSC
4503,justicia gendarussa burm,sterols,Justicia gendarussa,Justicia gendarussa Burm.f.,FPXSXMFOYWRHDX,10.5281/zenodo.2585379,Justicia gendarussa_FPXSXMFOYWRHDX
4504,justicia gendarussa burm,glycosides,Justicia gendarussa,Justicia gendarussa Burm.f.,LPMXVESGRSUGHW,10.5281/zenodo.2585379,Justicia gendarussa_LPMXVESGRSUGHW
4505,bambusa arundinacea (retz.) willd,cysteine,Bambusa bambos,Bambusa bambos (L.) Voss,XUJNEKJLAYXESH,10.14719/pst.2031,Bambusa bambos_XUJNEKJLAYXESH
4506,bambusa arundinacea (retz.) willd,threonine,Bambusa bambos,Bambusa bambos (L.) Voss,AYFVYJQAPQTCCC,10.14719/pst.2031,Bambusa bambos_AYFVYJQAPQTCCC
4507,bambusa arundinacea (retz.) willd,methionine,Bambusa bambos,Bambusa bambos (L.) Voss,FFEARJCKVFRZRR,10.14719/pst.2031,Bambusa bambos_FFEARJCKVFRZRR
4508,bambusa arundinacea (retz.) willd,sterols,Bambusa bambos,Bambusa bambos (L.) Voss,FPXSXMFOYWRHDX,10.14719/pst.2031,Bambusa bambos_FPXSXMFOYWRHDX
4509,bambusa arundinacea (retz.) willd,arginine,Bambusa bambos,Bambusa bambos (L.) Voss,ODKSFYDXXFIFQN,10.14719/pst.2031,Bambusa bambos_ODKSFYDXXFIFQN
4510,bambusa arundinacea (retz.) willd,valine,Bambusa bambos,Bambusa bambos (L.) Voss,KZSNJWFQEVHDMF,10.14719/pst.2031,Bambusa bambos_KZSNJWFQEVHDMF
4511,bambusa arundinacea (retz.) willd,histidine,Bambusa bambos,Bambusa bambos (L.) Voss,HNDVDQJCIGZPNO,10.14719/pst.2031,Bambusa bambos_HNDVDQJCIGZPNO
4512,bambusa arundinacea (retz.) willd,leucine,Bambusa bambos,Bambusa bambos (L.) Voss,ROHFNLRQFUQHCH,10.14719/pst.2031,Bambusa bambos_ROHFNLRQFUQHCH
4513,bambusa arundinacea (retz.) willd,lysine,Bambusa bambos,Bambusa bambos (L.) Voss,KDXKERNSBIXSRK,10.14719/pst.2031,Bambusa bambos_KDXKERNSBIXSRK
4514,bambusa arundinacea (retz.) willd,isoleucine,Bambusa bambos,Bambusa bambos (L.) Voss,AGPKZVBTJJNPAG,10.14719/pst.2031,Bambusa bambos_AGPKZVBTJJNPAG
4515,bambusa arundinacea (retz.) willd,tyrosine,Bambusa bambos,Bambusa bambos (L.) Voss,OUYCCCASQSFEME,10.14719/pst.2031,Bambusa bambos_OUYCCCASQSFEME
4516,ochna schweinfurthiana,cupressuflavone,Ochna schweinfurthiana,Ochna schweinfurthiana F.Hoffm.,LADPNODMUXOPRG,10.22270/ujpr.v4i6.341,Ochna schweinfurthiana_LADPNODMUXOPRG
4517,ochna schweinfurthiana,lophirone a,Ochna schweinfurthiana,Ochna schweinfurthiana F.Hoffm.,ZPIXFZZVVJUNDO,10.22270/ujpr.v4i6.341,Ochna schweinfurthiana_ZPIXFZZVVJUNDO
4518,ochna schweinfurthiana,β-d-fructofuranosyl-α-d-glucopyranoside,Ochna schweinfurthiana,Ochna schweinfurthiana F.Hoffm.,CZMRCDWAGMRECN,10.22270/ujpr.v4i6.341,Ochna schweinfurthiana_CZMRCDWAGMRECN
4519,ochna schweinfurthiana,robustaflavone,Ochna schweinfurthiana,Ochna schweinfurthiana F.Hoffm.,BORWSEZUWHQTOK,10.22270/ujpr.v4i6.341,Ochna schweinfurthiana_BORWSEZUWHQTOK
4520,ochna schweinfurthiana,hemerocallone,Ochna schweinfurthiana,Ochna schweinfurthiana F.Hoffm.,PNFTWBIQHXIJCX,10.22270/ujpr.v4i6.341,Ochna schweinfurthiana_PNFTWBIQHXIJCX
4521,ochna schweinfurthiana,lithospermoside,Ochna schweinfurthiana,Ochna schweinfurthiana F.Hoffm.,WIIDBJNWXCWLKF,10.22270/ujpr.v4i6.341,Ochna schweinfurthiana_WIIDBJNWXCWLKF
4522,ochna schweinfurthiana,agathisflavone,Ochna schweinfurthiana,Ochna schweinfurthiana F.Hoffm.,BACLASYRJRZXMY,10.22270/ujpr.v4i6.341,Ochna schweinfurthiana_BACLASYRJRZXMY
4523,ochna schweinfurthiana,epicatechin,Ochna schweinfurthiana,Ochna schweinfurthiana F.Hoffm.,PFTAWBLQPZVEMU,10.22270/ujpr.v4i6.341,Ochna schweinfurthiana_PFTAWBLQPZVEMU
4524,ochna schweinfurthiana,amentoflavone,Ochna schweinfurthiana,Ochna schweinfurthiana F.Hoffm.,YUSWMAULDXZHPY,10.22270/ujpr.v4i6.341,Ochna schweinfurthiana_YUSWMAULDXZHPY
4525,ochna schweinfurthiana,"16α,17-dihydroxy-ent-kauran-19-oic acid",Ochna schweinfurthiana,Ochna schweinfurthiana F.Hoffm.,MRBLTWPEPGRXQN,10.22270/ujpr.v4i6.341,Ochna schweinfurthiana_MRBLTWPEPGRXQN
4526,mondia whitei l. (hook f,heptacosane,Mondia whitei,Mondia whitei (Hook.f.) Skeels,BJQWYEJQWHSSCJ,10.15562/phytomedicine.2018.67,Mondia whitei_BJQWYEJQWHSSCJ
4529,mondia whitei l. (hook f,(e)-2-hexen-1-ol,Mondia whitei,Mondia whitei (Hook.f.) Skeels,ZCHHRLHTBGRGOT,10.15562/phytomedicine.2018.67,Mondia whitei_ZCHHRLHTBGRGOT
4531,mondia whitei l. (hook f,stigmasterol,Mondia whitei,Mondia whitei (Hook.f.) Skeels,HCXVJBMSMIARIN,10.15562/phytomedicine.2018.67,Mondia whitei_HCXVJBMSMIARIN
4532,mondia whitei l. (hook f,9-hexacosene,Mondia whitei,Mondia whitei (Hook.f.) Skeels,HGTCGIXAQAYYBS,10.15562/phytomedicine.2018.67,Mondia whitei_HGTCGIXAQAYYBS
4534,moringa oleifera,octacosanoic acid,Moringa oleifera,Moringa oleifera Lam.,UTOPWMOLSKOLTQ,10.29228/ijpbp.5,Moringa oleifera_UTOPWMOLSKOLTQ
4536,moringa oleifera,glucomoringin,Moringa oleifera,Moringa oleifera Lam.,OVFNULRBAJGUQL,10.29228/ijpbp.5,Moringa oleifera_OVFNULRBAJGUQL
4537,moringa oleifera,kaempferitrin,Moringa oleifera,Moringa oleifera Lam.,PUPKKEQDLNREIM,10.29228/ijpbp.5,Moringa oleifera_PUPKKEQDLNREIM
4540,moringa oleifera,vanillin,Moringa oleifera,Moringa oleifera Lam.,MWOOGOJBHIARFG,10.29228/ijpbp.5,Moringa oleifera_MWOOGOJBHIARFG
4543,moringa oleifera,β-sitosterone,Moringa oleifera,Moringa oleifera Lam.,KYOFIJXMVNQYFC,10.29228/ijpbp.5,Moringa oleifera_KYOFIJXMVNQYFC
4546,moringa oleifera,isoquercitrin,Moringa oleifera,Moringa oleifera Lam.,OPJZLUXFQFQYAI,10.29228/ijpbp.5,Moringa oleifera_OPJZLUXFQFQYAI
4547,moringa oleifera,anthraquinones,Moringa oleifera,Moringa oleifera Lam.,RZVHIXYEVGDQDX,10.29228/ijpbp.5,Moringa oleifera_RZVHIXYEVGDQDX
4551,moringa oleifera,pterygospermin,Moringa oleifera,Moringa oleifera Lam.,OGWNPNIRZURLGD,10.29228/ijpbp.5,Moringa oleifera_OGWNPNIRZURLGD
4554,moringa oleifera,rhamnose,Moringa oleifera,Moringa oleifera Lam.,SHZGCJCMOBCMKK,10.29228/ijpbp.5,Moringa oleifera_SHZGCJCMOBCMKK
4557,adansonia digitata l,thiamine,Adansonia digitata,Adansonia digitata L.,JZRWCGZRTZMZEH,10.21825/af.v23i1.5037,Adansonia digitata_JZRWCGZRTZMZEH
4558,adansonia digitata l,fructose,Adansonia digitata,Adansonia digitata L.,LKDRXBCSQODPBY,10.21825/af.v23i1.5037,Adansonia digitata_LKDRXBCSQODPBY
4559,adansonia digitata l,linoleic acid,Adansonia digitata,Adansonia digitata L.,OYHQOLUKZRVURQ,10.21825/af.v23i1.5037,Adansonia digitata_OYHQOLUKZRVURQ
4560,adansonia digitata l,niacin,Adansonia digitata,Adansonia digitata L.,PVNIIMVLHYAWGP,10.21825/af.v23i1.5037,Adansonia digitata_PVNIIMVLHYAWGP
4563,adansonia digitata l,malic acid,Adansonia digitata,Adansonia digitata L.,BJEPYKJPYRNKOW,10.21825/af.v23i1.5037,Adansonia digitata_BJEPYKJPYRNKOW
4564,adansonia digitata l,tyrosine,Adansonia digitata,Adansonia digitata L.,OUYCCCASQSFEME,10.21825/af.v23i1.5037,Adansonia digitata_OUYCCCASQSFEME
4565,adansonia digitata l,calcium,Adansonia digitata,Adansonia digitata L.,OYPRJOBELJOOCE,10.21825/af.v23i1.5037,Adansonia digitata_OYPRJOBELJOOCE
4566,adansonia digitata l,ascorbic acid,Adansonia digitata,Adansonia digitata L.,CIWBSHSKHKDKBQ,10.21825/af.v23i1.5037,Adansonia digitata_CIWBSHSKHKDKBQ
4567,adansonia digitata l,nicotinic acid,Adansonia digitata,Adansonia digitata L.,PVNIIMVLHYAWGP,10.21825/af.v23i1.5037,Adansonia digitata_PVNIIMVLHYAWGP
4569,adansonia digitata l,tartaric acid,Adansonia digitata,Adansonia digitata L.,FEWJPZIEWOKRBE,10.21825/af.v23i1.5037,Adansonia digitata_FEWJPZIEWOKRBE
4570,adansonia digitata l,saccharose,Adansonia digitata,Adansonia digitata L.,CZMRCDWAGMRECN,10.21825/af.v23i1.5037,Adansonia digitata_CZMRCDWAGMRECN
4571,adansonia digitata l,lutein,Adansonia digitata,Adansonia digitata L.,KBPHJBAIARWVSC,10.21825/af.v23i1.5037,Adansonia digitata_KBPHJBAIARWVSC
4572,adansonia digitata l,vitamin c,Adansonia digitata,Adansonia digitata L.,CIWBSHSKHKDKBQ,10.21825/af.v23i1.5037,Adansonia digitata_CIWBSHSKHKDKBQ
4574,adansonia digitata l,riboflavin,Adansonia digitata,Adansonia digitata L.,AUNGANRZJHBGPY,10.21825/af.v23i1.5037,Adansonia digitata_AUNGANRZJHBGPY
4575,adansonia digitata l,glucose,Adansonia digitata,Adansonia digitata L.,WQZGKKKJIJFFOK,10.21825/af.v23i1.5037,Adansonia digitata_WQZGKKKJIJFFOK
4576,adansonia digitata l,tryptophan,Adansonia digitata,Adansonia digitata L.,QIVBCDIJIAJPQS,10.21825/af.v23i1.5037,Adansonia digitata_QIVBCDIJIAJPQS
4577,adansonia digitata l,valine,Adansonia digitata,Adansonia digitata L.,KZSNJWFQEVHDMF,10.21825/af.v23i1.5037,Adansonia digitata_KZSNJWFQEVHDMF
4578,adansonia digitata l,citric acid,Adansonia digitata,Adansonia digitata L.,KRKNYBCHXYNGOX,10.21825/af.v23i1.5037,Adansonia digitata_KRKNYBCHXYNGOX
4579,adansonia digitata l,α-carotene,Adansonia digitata,Adansonia digitata L.,ANVAOWXLWRTKGA,10.21825/af.v23i1.5037,Adansonia digitata_ANVAOWXLWRTKGA
4580,adansonia digitata l,α-linolenic acid,Adansonia digitata,Adansonia digitata L.,DTOSIQBPPRVQHS,10.21825/af.v23i1.5037,Adansonia digitata_DTOSIQBPPRVQHS
4581,adansonia digitata l,potassium,Adansonia digitata,Adansonia digitata L.,ZLMJMSJWJFRBEC,10.21825/af.v23i1.5037,Adansonia digitata_ZLMJMSJWJFRBEC
4582,adansonia digitata l,succinic acid,Adansonia digitata,Adansonia digitata L.,KDYFGRWQOYBRFD,10.21825/af.v23i1.5037,Adansonia digitata_KDYFGRWQOYBRFD
4583,adansonia digitata l,pectin,Adansonia digitata,Adansonia digitata L.,AEMOLEFTQBMNLQ,10.21825/af.v23i1.5037,Adansonia digitata_AEMOLEFTQBMNLQ
4584,crotalaria pallida aiton,acacetin-8-c-neohesperidoside,Crotalaria pallida,Crotalaria pallida Aiton,AOXGLIJSZLOQNZ,10.22270/jddt.v15i7.7250,Crotalaria pallida_AOXGLIJSZLOQNZ
4585,crotalaria pallida aiton,hexacosane,Crotalaria pallida,Crotalaria pallida Aiton,HMSWAIKSFDFLKN,10.22270/jddt.v15i7.7250,Crotalaria pallida_HMSWAIKSFDFLKN
4586,crotalaria pallida aiton,p-hydroxyl ethyl cinnamate,Crotalaria pallida,Crotalaria pallida Aiton,ZOQCEVXVQCPESC,10.22270/jddt.v15i7.7250,Crotalaria pallida_ZOQCEVXVQCPESC
4587,crotalaria pallida aiton,arachidic acid,Crotalaria pallida,Crotalaria pallida Aiton,VKOBVWXKNCXXDE,10.22270/jddt.v15i7.7250,Crotalaria pallida_VKOBVWXKNCXXDE
4589,crotalaria pallida aiton,heneicosane,Crotalaria pallida,Crotalaria pallida Aiton,FNAZRRHPUDJQCJ,10.22270/jddt.v15i7.7250,Crotalaria pallida_FNAZRRHPUDJQCJ
4590,crotalaria pallida aiton,diosmetin,Crotalaria pallida,Crotalaria pallida Aiton,MBNGWHIJMBWFHU,10.22270/jddt.v15i7.7250,Crotalaria pallida_MBNGWHIJMBWFHU
4593,crotalaria pallida aiton,tricosane,Crotalaria pallida,Crotalaria pallida Aiton,FIGVVZUWCLSUEI,10.22270/jddt.v15i7.7250,Crotalaria pallida_FIGVVZUWCLSUEI
4594,crotalaria pallida aiton,ethyl caffeate,Crotalaria pallida,Crotalaria pallida Aiton,WDKYDMULARNCIS,10.22270/jddt.v15i7.7250,Crotalaria pallida_WDKYDMULARNCIS
4595,crotalaria pallida aiton,nonacosane,Crotalaria pallida,Crotalaria pallida Aiton,IGGUPRCHHJZPBS,10.22270/jddt.v15i7.7250,Crotalaria pallida_IGGUPRCHHJZPBS
4596,crotalaria pallida aiton,usaramine-n-oxide,Crotalaria pallida,Crotalaria pallida Aiton,IDIMIWQPUHURPV,10.22270/jddt.v15i7.7250,Crotalaria pallida_IDIMIWQPUHURPV
4597,crotalaria pallida aiton,pentacosane,Crotalaria pallida,Crotalaria pallida Aiton,YKNWIILGEFFOPE,10.22270/jddt.v15i7.7250,Crotalaria pallida_YKNWIILGEFFOPE
4598,crotalaria pallida aiton,octacosane,Crotalaria pallida,Crotalaria pallida Aiton,ZYURHZPYMFLWSH,10.22270/jddt.v15i7.7250,Crotalaria pallida_ZYURHZPYMFLWSH
4601,crotalaria pallida aiton,palmitic acid,Crotalaria pallida,Crotalaria pallida Aiton,IPCSVZSSVZVIGE,10.22270/jddt.v15i7.7250,Crotalaria pallida_IPCSVZSSVZVIGE
4602,crotalaria pallida aiton,alpinumisoflavone,Crotalaria pallida,Crotalaria pallida Aiton,RQAMSFTXEFSBPK,10.22270/jddt.v15i7.7250,Crotalaria pallida_RQAMSFTXEFSBPK
4604,crotalaria pallida aiton,heptacosane,Crotalaria pallida,Crotalaria pallida Aiton,BJQWYEJQWHSSCJ,10.22270/jddt.v15i7.7250,Crotalaria pallida_BJQWYEJQWHSSCJ
4605,crotalaria pallida aiton,hentriacontane,Crotalaria pallida,Crotalaria pallida Aiton,IUJAMGNYPWYUPM,10.22270/jddt.v15i7.7250,Crotalaria pallida_IUJAMGNYPWYUPM
4606,crotalaria pallida aiton,coumarin,Crotalaria pallida,Crotalaria pallida Aiton,ZYGHJZDHTFUPRJ,10.22270/jddt.v15i7.7250,Crotalaria pallida_ZYGHJZDHTFUPRJ
4608,abutilon indicum,vasicine,Abutilon indicum,Abutilon indicum (L.) Sweet,YIICVSCAKJMMDJ,10.18579/jopcr/v23.1.2,Abutilon indicum_YIICVSCAKJMMDJ
4611,abutilon indicum,kaempferol,Abutilon indicum,Abutilon indicum (L.) Sweet,IYRMWMYZSQPJKC,10.18579/jopcr/v23.1.2,Abutilon indicum_IYRMWMYZSQPJKC
4612,abutilon indicum,catechin,Abutilon indicum,Abutilon indicum (L.) Sweet,PFTAWBLQPZVEMU,10.18579/jopcr/v23.1.2,Abutilon indicum_PFTAWBLQPZVEMU
4613,pilosella officinarum vaill,cholest-8(14)-en-3β-ol,Pilosella officinarum,Pilosella officinarum F.W.Schultz & Sch.Bip.,ONYPIMNXSARKFQ,10.1016/j.jep.2021.114465,Pilosella officinarum_ONYPIMNXSARKFQ
4614,pilosella officinarum vaill,"3,4-dicaffeoylquinic acid",Pilosella officinarum,Pilosella officinarum F.W.Schultz & Sch.Bip.,UFCLZKMFXSILNL,10.1016/j.jep.2021.114465,Pilosella officinarum_UFCLZKMFXSILNL
4615,pilosella officinarum vaill,lupeol acetate,Pilosella officinarum,Pilosella officinarum F.W.Schultz & Sch.Bip.,ODSSDTBFHAYYMD,10.1016/j.jep.2021.114465,Pilosella officinarum_ODSSDTBFHAYYMD
4616,pilosella officinarum vaill,desacylcynaropicrin,Pilosella officinarum,Pilosella officinarum F.W.Schultz & Sch.Bip.,VPRPYNVJJXOFKZ,10.1016/j.jep.2021.114465,Pilosella officinarum_VPRPYNVJJXOFKZ
4617,pilosella officinarum vaill,taraxerol,Pilosella officinarum,Pilosella officinarum F.W.Schultz & Sch.Bip.,GGGUGZHBAOMSFJ,10.1016/j.jep.2021.114465,Pilosella officinarum_GGGUGZHBAOMSFJ
4618,pilosella officinarum vaill,5α-stigmast-7-en-3α-ol,Pilosella officinarum,Pilosella officinarum F.W.Schultz & Sch.Bip.,YSKVBPGQYRAUQO,10.1016/j.jep.2021.114465,Pilosella officinarum_YSKVBPGQYRAUQO
4619,pilosella officinarum vaill,"1,5-dicaffeoylquinic acid",Pilosella officinarum,Pilosella officinarum F.W.Schultz & Sch.Bip.,YDDUMTOHNYZQPO,10.1016/j.jep.2021.114465,Pilosella officinarum_YDDUMTOHNYZQPO
4620,pilosella officinarum vaill,chlorogenic acid,Pilosella officinarum,Pilosella officinarum F.W.Schultz & Sch.Bip.,CWVRJTMFETXNAD,10.1016/j.jep.2021.114465,Pilosella officinarum_CWVRJTMFETXNAD
4621,pilosella officinarum vaill,carvacrol,Pilosella officinarum,Pilosella officinarum F.W.Schultz & Sch.Bip.,RECUKUPTGUEGMW,10.1016/j.jep.2021.114465,Pilosella officinarum_RECUKUPTGUEGMW
4622,pilosella officinarum vaill,α-amyrin,Pilosella officinarum,Pilosella officinarum F.W.Schultz & Sch.Bip.,FSLPMRQHCOLESF,10.1016/j.jep.2021.114465,Pilosella officinarum_FSLPMRQHCOLESF
4623,pilosella officinarum vaill,cholesterol,Pilosella officinarum,Pilosella officinarum F.W.Schultz & Sch.Bip.,HVYWMOMLDIMFJA,10.1016/j.jep.2021.114465,Pilosella officinarum_HVYWMOMLDIMFJA
4624,pilosella officinarum vaill,β-sitosterol,Pilosella officinarum,Pilosella officinarum F.W.Schultz & Sch.Bip.,KZJWDPNRJALLNS,10.1016/j.jep.2021.114465,Pilosella officinarum_KZJWDPNRJALLNS
4625,pilosella officinarum vaill,jacquinelin,Pilosella officinarum,Pilosella officinarum F.W.Schultz & Sch.Bip.,SNIFBMIPCYBVSS,10.1016/j.jep.2021.114465,Pilosella officinarum_SNIFBMIPCYBVSS
4626,pilosella officinarum vaill,campesterol,Pilosella officinarum,Pilosella officinarum F.W.Schultz & Sch.Bip.,SGNBVLSWZMBQTH,10.1016/j.jep.2021.114465,Pilosella officinarum_SGNBVLSWZMBQTH
4627,pilosella officinarum vaill,apigenin,Pilosella officinarum,Pilosella officinarum F.W.Schultz & Sch.Bip.,KZNIFHPLKGYRTM,10.1016/j.jep.2021.114465,Pilosella officinarum_KZNIFHPLKGYRTM
4628,pilosella officinarum vaill,"ergosta-5,24-dien-3β-ol",Pilosella officinarum,Pilosella officinarum F.W.Schultz & Sch.Bip.,YTFTXKBJICNYCV,10.1016/j.jep.2021.114465,Pilosella officinarum_YTFTXKBJICNYCV
4629,pilosella officinarum vaill,luteolin 7-o-β-glucopyranoside,Pilosella officinarum,Pilosella officinarum F.W.Schultz & Sch.Bip.,PEFNSGRTCBGNAN,10.1016/j.jep.2021.114465,Pilosella officinarum_PEFNSGRTCBGNAN
4630,pilosella officinarum vaill,salicylic acid,Pilosella officinarum,Pilosella officinarum F.W.Schultz & Sch.Bip.,YGSDEFSMJLZEOE,10.1016/j.jep.2021.114465,Pilosella officinarum_YGSDEFSMJLZEOE
4631,pilosella officinarum vaill,fucosterol,Pilosella officinarum,Pilosella officinarum F.W.Schultz & Sch.Bip.,OSELKOCHBMDKEJ,10.1016/j.jep.2021.114465,Pilosella officinarum_OSELKOCHBMDKEJ
4632,pilosella officinarum vaill,luteolin 7-o-glucoside,Pilosella officinarum,Pilosella officinarum F.W.Schultz & Sch.Bip.,PEFNSGRTCBGNAN,10.1016/j.jep.2021.114465,Pilosella officinarum_PEFNSGRTCBGNAN
4633,pilosella officinarum vaill,stigmasterol,Pilosella officinarum,Pilosella officinarum F.W.Schultz & Sch.Bip.,HCXVJBMSMIARIN,10.1016/j.jep.2021.114465,Pilosella officinarum_HCXVJBMSMIARIN
4634,pilosella officinarum vaill,isorhamnetin,Pilosella officinarum,Pilosella officinarum F.W.Schultz & Sch.Bip.,IZQSVPBOUDKVDZ,10.1016/j.jep.2021.114465,Pilosella officinarum_IZQSVPBOUDKVDZ
4635,pilosella officinarum vaill,caffeic acid,Pilosella officinarum,Pilosella officinarum F.W.Schultz & Sch.Bip.,QAIPRVGONGVQAS,10.1016/j.jep.2021.114465,Pilosella officinarum_QAIPRVGONGVQAS
4636,pilosella officinarum vaill,irazunolide,Pilosella officinarum,Pilosella officinarum F.W.Schultz & Sch.Bip.,CAWQZBRZFVTNGL,10.1016/j.jep.2021.114465,Pilosella officinarum_CAWQZBRZFVTNGL
4637,pilosella officinarum vaill,p-hydroxyphenylacetic acid,Pilosella officinarum,Pilosella officinarum F.W.Schultz & Sch.Bip.,XQXPVVBIMDBYFF,10.1016/j.jep.2021.114465,Pilosella officinarum_XQXPVVBIMDBYFF
4638,pilosella officinarum vaill,p-hydroxybenzoic acid,Pilosella officinarum,Pilosella officinarum F.W.Schultz & Sch.Bip.,FJKROLUGYXJWQN,10.1016/j.jep.2021.114465,Pilosella officinarum_FJKROLUGYXJWQN
4639,pilosella officinarum vaill,umbelliferone,Pilosella officinarum,Pilosella officinarum F.W.Schultz & Sch.Bip.,ORHBXUUXSCNDEV,10.1016/j.jep.2021.114465,Pilosella officinarum_ORHBXUUXSCNDEV
4640,pilosella officinarum vaill,lupeol,Pilosella officinarum,Pilosella officinarum F.W.Schultz & Sch.Bip.,MQYXUWHLBZFQQO,10.1016/j.jep.2021.114465,Pilosella officinarum_MQYXUWHLBZFQQO
4641,pilosella officinarum vaill,taraxasterol,Pilosella officinarum,Pilosella officinarum F.W.Schultz & Sch.Bip.,XWMMEBCFHUKHEX,10.1016/j.jep.2021.114465,Pilosella officinarum_XWMMEBCFHUKHEX
4642,pilosella officinarum vaill,β-amyrin acetate,Pilosella officinarum,Pilosella officinarum F.W.Schultz & Sch.Bip.,UMRPOGLIBDXFNK,10.1016/j.jep.2021.114465,Pilosella officinarum_UMRPOGLIBDXFNK
4643,pilosella officinarum vaill,"4,5-dicaffeoylquinic acid",Pilosella officinarum,Pilosella officinarum F.W.Schultz & Sch.Bip.,UFCLZKMFXSILNL,10.1016/j.jep.2021.114465,Pilosella officinarum_UFCLZKMFXSILNL
4644,pilosella officinarum vaill,apigenin 7-o-β-glucopyranoside,Pilosella officinarum,Pilosella officinarum F.W.Schultz & Sch.Bip.,KMOUJOKENFFTPU,10.1016/j.jep.2021.114465,Pilosella officinarum_KMOUJOKENFFTPU
4645,pilosella officinarum vaill,protocatechuic acid,Pilosella officinarum,Pilosella officinarum F.W.Schultz & Sch.Bip.,YQUVCSBJEUQKSH,10.1016/j.jep.2021.114465,Pilosella officinarum_YQUVCSBJEUQKSH
4646,pilosella officinarum vaill,kaempferol 3-methyl ether,Pilosella officinarum,Pilosella officinarum F.W.Schultz & Sch.Bip.,VJJZJBUCDWKPLC,10.1016/j.jep.2021.114465,Pilosella officinarum_VJJZJBUCDWKPLC
4647,pilosella officinarum vaill,p-coumaric acid,Pilosella officinarum,Pilosella officinarum F.W.Schultz & Sch.Bip.,NGSWKAQJJWESNS,10.1016/j.jep.2021.114465,Pilosella officinarum_NGSWKAQJJWESNS
4648,pilosella officinarum vaill,caryophyllene oxide,Pilosella officinarum,Pilosella officinarum F.W.Schultz & Sch.Bip.,NVEQFIOZRFFVFW,10.1016/j.jep.2021.114465,Pilosella officinarum_NVEQFIOZRFFVFW
4649,pilosella officinarum vaill,caffeoylquinic acid,Pilosella officinarum,Pilosella officinarum F.W.Schultz & Sch.Bip.,CWVRJTMFETXNAD,10.1016/j.jep.2021.114465,Pilosella officinarum_CWVRJTMFETXNAD
4650,pilosella officinarum vaill,aromadendrene epoxide,Pilosella officinarum,Pilosella officinarum F.W.Schultz & Sch.Bip.,XPGWKKLDFXNBPJ,10.1016/j.jep.2021.114465,Pilosella officinarum_XPGWKKLDFXNBPJ
4651,pilosella officinarum vaill,"cholesta-5,7-dien-3β-ol",Pilosella officinarum,Pilosella officinarum F.W.Schultz & Sch.Bip.,UCTLRSWJYQTBFZ,10.1016/j.jep.2021.114465,Pilosella officinarum_UCTLRSWJYQTBFZ
4652,pilosella officinarum vaill,cholest-7-en-3β-ol,Pilosella officinarum,Pilosella officinarum F.W.Schultz & Sch.Bip.,IZVFFXVYBHFIHY,10.1016/j.jep.2021.114465,Pilosella officinarum_IZVFFXVYBHFIHY
4653,pilosella officinarum vaill,syringic acid,Pilosella officinarum,Pilosella officinarum F.W.Schultz & Sch.Bip.,JMSVCTWVEWCHDZ,10.1016/j.jep.2021.114465,Pilosella officinarum_JMSVCTWVEWCHDZ
4654,pilosella officinarum vaill,β-amyrin,Pilosella officinarum,Pilosella officinarum F.W.Schultz & Sch.Bip.,JFSHUTJDVKUMTJ,10.1016/j.jep.2021.114465,Pilosella officinarum_JFSHUTJDVKUMTJ
4655,pilosella officinarum vaill,vitexin,Pilosella officinarum,Pilosella officinarum F.W.Schultz & Sch.Bip.,SGEWCQFRYRRZDC,10.1016/j.jep.2021.114465,Pilosella officinarum_SGEWCQFRYRRZDC
4656,pilosella officinarum vaill,α-amyrin acetate,Pilosella officinarum,Pilosella officinarum F.W.Schultz & Sch.Bip.,UDXDFWBZZQHDRO,10.1016/j.jep.2021.114465,Pilosella officinarum_UDXDFWBZZQHDRO
4657,pilosella officinarum vaill,sinapic acid,Pilosella officinarum,Pilosella officinarum F.W.Schultz & Sch.Bip.,PCMORTLOPMLEFB,10.1016/j.jep.2021.114465,Pilosella officinarum_PCMORTLOPMLEFB
4658,pilosella officinarum vaill,isoetin,Pilosella officinarum,Pilosella officinarum F.W.Schultz & Sch.Bip.,DSNIERNBMAVNJI,10.1016/j.jep.2021.114465,Pilosella officinarum_DSNIERNBMAVNJI
4659,pilosella officinarum vaill,luteolin 7-o-glucuronide,Pilosella officinarum,Pilosella officinarum F.W.Schultz & Sch.Bip.,VSUOKLTVXQRUSG,10.1016/j.jep.2021.114465,Pilosella officinarum_VSUOKLTVXQRUSG
4660,pilosella officinarum vaill,scopoletin,Pilosella officinarum,Pilosella officinarum F.W.Schultz & Sch.Bip.,RODXRVNMMDRFIK,10.1016/j.jep.2021.114465,Pilosella officinarum_RODXRVNMMDRFIK
4661,hieracium murorum l,"4,5-o-dicaffeoylquinic acid",Hieracium murorum,Hieracium murorum L.,UFCLZKMFXSILNL,10.1016/j.jep.2021.114465,Hieracium murorum_UFCLZKMFXSILNL
4662,hieracium murorum l,4-hydroxy-cinnamic acid 4-β-d-glucopyranosyloxybenzyl ester,Hieracium murorum,Hieracium murorum L.,VAMRSHFMAPLQFM,10.1016/j.jep.2021.114465,Hieracium murorum_VAMRSHFMAPLQFM
4663,hieracium murorum l,3-hydroxy-2-[(4-hydroxy-phenyl) acetoxy]-3-methyl-butyric 4-β-d-glucopyranosyloxybenzyl ester,Hieracium murorum,Hieracium murorum L.,WESBSTCIDWTCMJ,10.1016/j.jep.2021.114465,Hieracium murorum_WESBSTCIDWTCMJ
4665,hieracium bectauatensis kupr,desacylcynaropicrin,Hieracium bectauatensis,Hieracium bectauatensis Kupr.,VPRPYNVJJXOFKZ,10.1016/j.jep.2021.114465,Hieracium bectauatensis_VPRPYNVJJXOFKZ
4666,hieracium bectauatensis kupr,jacquinelin,Hieracium bectauatensis,Hieracium bectauatensis Kupr.,SNIFBMIPCYBVSS,10.1016/j.jep.2021.114465,Hieracium bectauatensis_SNIFBMIPCYBVSS
4669,hieracium plumulosum a.kern,β-amyrin,Hieracium plumulosum,Hieracium plumulosum A.Kern.,JFSHUTJDVKUMTJ,10.1016/j.jep.2021.114465,Hieracium plumulosum_JFSHUTJDVKUMTJ
4670,hieracium plumulosum a.kern,lupeol acetate,Hieracium plumulosum,Hieracium plumulosum A.Kern.,ODSSDTBFHAYYMD,10.1016/j.jep.2021.114465,Hieracium plumulosum_ODSSDTBFHAYYMD
4671,pilosella sandrasica hartvig & strid,caryophyllene oxide,Pilosella auriculoides,Pilosella auriculoides (Láng) Arv.-Touv.,NVEQFIOZRFFVFW,10.1016/j.jep.2021.114465,Pilosella auriculoides_NVEQFIOZRFFVFW
4672,pilosella sandrasica hartvig & strid,"cedrane-8,13-diol",Pilosella auriculoides,Pilosella auriculoides (Láng) Arv.-Touv.,YULHLOUAHSEHLD,10.1016/j.jep.2021.114465,Pilosella auriculoides_YULHLOUAHSEHLD
4673,pilosella sandrasica hartvig & strid,carvacrol,Pilosella auriculoides,Pilosella auriculoides (Láng) Arv.-Touv.,RECUKUPTGUEGMW,10.1016/j.jep.2021.114465,Pilosella auriculoides_RECUKUPTGUEGMW
4674,pilosella sandrasica hartvig & strid,aromadendrene epoxide,Pilosella auriculoides,Pilosella auriculoides (Láng) Arv.-Touv.,XPGWKKLDFXNBPJ,10.1016/j.jep.2021.114465,Pilosella auriculoides_XPGWKKLDFXNBPJ
4675,hieracium scheppigianum freyn,lupeol acetate,Hieracium scheppigianum,Hieracium scheppigianum Freyn,ODSSDTBFHAYYMD,10.1016/j.jep.2021.114465,Hieracium scheppigianum_ODSSDTBFHAYYMD
4676,hieracium scheppigianum freyn,β-amyrin,Hieracium scheppigianum,Hieracium scheppigianum Freyn,JFSHUTJDVKUMTJ,10.1016/j.jep.2021.114465,Hieracium scheppigianum_JFSHUTJDVKUMTJ
4677,hieracium scheppigianum freyn,α-amyrin acetate,Hieracium scheppigianum,Hieracium scheppigianum Freyn,UDXDFWBZZQHDRO,10.1016/j.jep.2021.114465,Hieracium scheppigianum_UDXDFWBZZQHDRO
4678,hieracium scheppigianum freyn,α-amyrin,Hieracium scheppigianum,Hieracium scheppigianum Freyn,FSLPMRQHCOLESF,10.1016/j.jep.2021.114465,Hieracium scheppigianum_FSLPMRQHCOLESF
4679,hieracium scheppigianum freyn,β-amyrin acetate,Hieracium scheppigianum,Hieracium scheppigianum Freyn,UMRPOGLIBDXFNK,10.1016/j.jep.2021.114465,Hieracium scheppigianum_UMRPOGLIBDXFNK
4680,hibiscus sabdariffa,pelargonic acid,Hibiscus sabdariffa,Hibiscus sabdariffa L.,FBUKVWPVBMHYJY,10.22159/ijap.2019.v11s6.33532,Hibiscus sabdariffa_FBUKVWPVBMHYJY
4683,hibiscus sabdariffa,chlorogenic acid,Hibiscus sabdariffa,Hibiscus sabdariffa L.,CWVRJTMFETXNAD,10.22159/ijap.2019.v11s6.33532,Hibiscus sabdariffa_CWVRJTMFETXNAD
4686,hibiscus sabdariffa,sterols,Hibiscus sabdariffa,Hibiscus sabdariffa L.,FPXSXMFOYWRHDX,10.22159/ijap.2019.v11s6.33532,Hibiscus sabdariffa_FPXSXMFOYWRHDX
4688,pseudarthria hookeri wight & arn,α-terthienyl,Pseudarthria hookeri,Pseudarthria hookeri Wight & Arn.,KXSFECAJUBPPFE,10.4102/jomped.v8i1.271,Pseudarthria hookeri_KXSFECAJUBPPFE
4689,pseudarthria hookeri wight & arn,quercetin,Pseudarthria hookeri,Pseudarthria hookeri Wight & Arn.,REFJWTPEDVJJIY,10.4102/jomped.v8i1.271,Pseudarthria hookeri_REFJWTPEDVJJIY
4690,pseudarthria hookeri wight & arn,orobol,Pseudarthria hookeri,Pseudarthria hookeri Wight & Arn.,IOYHCQBYQJQBSK,10.4102/jomped.v8i1.271,Pseudarthria hookeri_IOYHCQBYQJQBSK
4691,pseudarthria hookeri wight & arn,gancaonin p,Pseudarthria hookeri,Pseudarthria hookeri Wight & Arn.,OCIIFJFJVOTFTN,10.4102/jomped.v8i1.271,Pseudarthria hookeri_OCIIFJFJVOTFTN
4692,pseudarthria hookeri wight & arn,benzylether,Pseudarthria hookeri,Pseudarthria hookeri Wight & Arn.,MHDVGSVTJDSBDK,10.4102/jomped.v8i1.271,Pseudarthria hookeri_MHDVGSVTJDSBDK
4693,pseudarthria hookeri wight & arn,hiravanone,Pseudarthria hookeri,Pseudarthria hookeri Wight & Arn.,JBDKVARPSUMQCX,10.4102/jomped.v8i1.271,Pseudarthria hookeri_JBDKVARPSUMQCX
4694,pseudarthria hookeri wight & arn,"6,8-diprenyleriodictyol",Pseudarthria hookeri,Pseudarthria hookeri Wight & Arn.,WWFVAIXZPACOBJ,10.4102/jomped.v8i1.271,Pseudarthria hookeri_WWFVAIXZPACOBJ
4695,pseudarthria hookeri wight & arn,protocatechuic acid,Pseudarthria hookeri,Pseudarthria hookeri Wight & Arn.,YQUVCSBJEUQKSH,10.4102/jomped.v8i1.271,Pseudarthria hookeri_YQUVCSBJEUQKSH
4696,pseudarthria hookeri wight & arn,6-prenylpinocembrin,Pseudarthria hookeri,Pseudarthria hookeri Wight & Arn.,UOWOIGNEFLTNAW,10.4102/jomped.v8i1.271,Pseudarthria hookeri_UOWOIGNEFLTNAW
4697,pseudarthria hookeri wight & arn,acetate,Pseudarthria hookeri,Pseudarthria hookeri Wight & Arn.,QTBSBXVTEAMEQO,10.4102/jomped.v8i1.271,Pseudarthria hookeri_QTBSBXVTEAMEQO
4698,pseudarthria hookeri wight & arn,emodin,Pseudarthria hookeri,Pseudarthria hookeri Wight & Arn.,RHMXXJGYXNZAPX,10.4102/jomped.v8i1.271,Pseudarthria hookeri_RHMXXJGYXNZAPX
4699,pseudarthria hookeri wight & arn,genistein,Pseudarthria hookeri,Pseudarthria hookeri Wight & Arn.,TZBJGXHYKVUXJN,10.4102/jomped.v8i1.271,Pseudarthria hookeri_TZBJGXHYKVUXJN
4700,pseudarthria hookeri wight & arn,dorsmanin i,Pseudarthria hookeri,Pseudarthria hookeri Wight & Arn.,MUADCOGGQPLCBH,10.4102/jomped.v8i1.271,Pseudarthria hookeri_MUADCOGGQPLCBH
4702,hypericum hircinum l,quercetin-7-o-glucoside,Hypericum hircinum,Hypericum hircinum L.,BBFYUPYFXSSMNV,10.3390/plants14101451,Hypericum hircinum_BBFYUPYFXSSMNV
4704,hypericum hircinum l,(e)-caryophyllene,Hypericum hircinum,Hypericum hircinum L.,NPNUFJAVOOONJE,10.3390/plants14101451,Hypericum hircinum_NPNUFJAVOOONJE
4705,hypericum hircinum l,3-methylnonane,Hypericum hircinum,Hypericum hircinum L.,PLZDDPSCZHRBOY,10.3390/plants14101451,Hypericum hircinum_PLZDDPSCZHRBOY
4707,hypericum hircinum l,myrtenal,Hypericum hircinum,Hypericum hircinum L.,KMRMUZKLFIEVAO,10.3390/plants14101451,Hypericum hircinum_KMRMUZKLFIEVAO
4708,hypericum hircinum l,"1,6-dihydroxy-5,7-dimethoxyxanthone",Hypericum hircinum,Hypericum hircinum L.,JNEXYTCBXFBLEK,10.3390/plants14101451,Hypericum hircinum_JNEXYTCBXFBLEK
4709,hypericum hircinum l,catechin,Hypericum hircinum,Hypericum hircinum L.,PFTAWBLQPZVEMU,10.3390/plants14101451,Hypericum hircinum_PFTAWBLQPZVEMU
4711,hypericum hircinum l,shikimic acid,Hypericum hircinum,Hypericum hircinum L.,JXOHGGNKMLTUBP,10.3390/plants14101451,Hypericum hircinum_JXOHGGNKMLTUBP
4712,hypericum hircinum l,hyperoside,Hypericum hircinum,Hypericum hircinum L.,OVSQVDMCBVZWGM,10.3390/plants14101451,Hypericum hircinum_OVSQVDMCBVZWGM
4713,hypericum hircinum l,quercitrin,Hypericum hircinum,Hypericum hircinum L.,OXGUCUVFOIWWQJ,10.3390/plants14101451,Hypericum hircinum_OXGUCUVFOIWWQJ
4716,hypericum hircinum l,undecane,Hypericum hircinum,Hypericum hircinum L.,RSJKGSCJYJTIGS,10.3390/plants14101451,Hypericum hircinum_RSJKGSCJYJTIGS
4717,hypericum hircinum l,5-o-caffeoylquinic acid,Hypericum hircinum,Hypericum hircinum L.,CWVRJTMFETXNAD,10.3390/plants14101451,Hypericum hircinum_CWVRJTMFETXNAD
4718,hypericum hircinum l,isoquercitrin,Hypericum hircinum,Hypericum hircinum L.,OPJZLUXFQFQYAI,10.3390/plants14101451,Hypericum hircinum_OPJZLUXFQFQYAI
4719,hypericum hircinum l,hyperforin,Hypericum hircinum,Hypericum hircinum L.,KGSZHKRKHXOAMG,10.3390/plants14101451,Hypericum hircinum_KGSZHKRKHXOAMG
4721,hypericum hircinum l,chlorogenic acid,Hypericum hircinum,Hypericum hircinum L.,CWVRJTMFETXNAD,10.3390/plants14101451,Hypericum hircinum_CWVRJTMFETXNAD
4723,hypericum hircinum l,α-terpineol,Hypericum hircinum,Hypericum hircinum L.,WUOACPNHFRMFPN,10.3390/plants14101451,Hypericum hircinum_WUOACPNHFRMFPN
4724,hypericum hircinum l,γ-terpinene,Hypericum hircinum,Hypericum hircinum L.,YKFLAYDHMOASIY,10.3390/plants14101451,Hypericum hircinum_YKFLAYDHMOASIY
4725,hypericum hircinum l,myrcene,Hypericum hircinum,Hypericum hircinum L.,UAHWPYUMFXYFJY,10.3390/plants14101451,Hypericum hircinum_UAHWPYUMFXYFJY
4726,hypericum hircinum l,cis-β-guaiene,Hypericum hircinum,Hypericum hircinum L.,GIBQERSGRNPMEH,10.3390/plants14101451,Hypericum hircinum_GIBQERSGRNPMEH
4728,hypericum hircinum l,epicatechin,Hypericum hircinum,Hypericum hircinum L.,PFTAWBLQPZVEMU,10.3390/plants14101451,Hypericum hircinum_PFTAWBLQPZVEMU
4729,hypericum hircinum l,β-gurjunene,Hypericum hircinum,Hypericum hircinum L.,IRCZVRWQUNZGSH,10.3390/plants14101451,Hypericum hircinum_IRCZVRWQUNZGSH
4730,hypericum hircinum l,amentoflavone,Hypericum hircinum,Hypericum hircinum L.,YUSWMAULDXZHPY,10.3390/plants14101451,Hypericum hircinum_YUSWMAULDXZHPY
4731,hypericum hircinum l,"(4r)-4-hydroxy-5,5-dimethyldihydrofuran-2-one",Hypericum hircinum,Hypericum hircinum L.,SIEVQTNTRMBCHO,10.3390/plants14101451,Hypericum hircinum_SIEVQTNTRMBCHO
4732,hypericum hircinum l,betulinic acid,Hypericum hircinum,Hypericum hircinum L.,QGJZLNKBHJESQX,10.3390/plants14101451,Hypericum hircinum_QGJZLNKBHJESQX
4733,hypericum hircinum l,δ-selinene,Hypericum hircinum,Hypericum hircinum L.,VEGYMPQCXPVQJY,10.3390/plants14101451,Hypericum hircinum_VEGYMPQCXPVQJY
4734,hypericum hircinum l,trans-pinocarveol,Hypericum hircinum,Hypericum hircinum L.,LCYXQUJDODZYIJ,10.3390/plants14101451,Hypericum hircinum_LCYXQUJDODZYIJ
4736,hypericum hircinum l,neochlorogenic acid,Hypericum hircinum,Hypericum hircinum L.,CWVRJTMFETXNAD,10.3390/plants14101451,Hypericum hircinum_CWVRJTMFETXNAD
4737,hypericum hircinum l,β-caryophyllene,Hypericum hircinum,Hypericum hircinum L.,NPNUFJAVOOONJE,10.3390/plants14101451,Hypericum hircinum_NPNUFJAVOOONJE
4738,hypericum hircinum subsp. majus (aiton) n. robson,limonene,Hypericum hircinum subsp. majus,Hypericum hircinum subsp. majus (Aiton) N.Robson,XMGQYMWWDOXHJM,10.3390/plants14101451,Hypericum hircinum subsp. majus_XMGQYMWWDOXHJM
4739,hypericum hircinum subsp. majus (aiton) n. robson,β-pinene,Hypericum hircinum subsp. majus,Hypericum hircinum subsp. majus (Aiton) N.Robson,WTARULDDTDQWMU,10.3390/plants14101451,Hypericum hircinum subsp. majus_WTARULDDTDQWMU
4740,hypericum hircinum subsp. majus (aiton) n. robson,(e)-caryophyllene,Hypericum hircinum subsp. majus,Hypericum hircinum subsp. majus (Aiton) N.Robson,NPNUFJAVOOONJE,10.3390/plants14101451,Hypericum hircinum subsp. majus_NPNUFJAVOOONJE
4741,hypericum hircinum subsp. majus (aiton) n. robson,quercetin,Hypericum hircinum subsp. majus,Hypericum hircinum subsp. majus (Aiton) N.Robson,REFJWTPEDVJJIY,10.3390/plants14101451,Hypericum hircinum subsp. majus_REFJWTPEDVJJIY
4742,hypericum hircinum subsp. majus (aiton) n. robson,catechin,Hypericum hircinum subsp. majus,Hypericum hircinum subsp. majus (Aiton) N.Robson,PFTAWBLQPZVEMU,10.3390/plants14101451,Hypericum hircinum subsp. majus_PFTAWBLQPZVEMU
4743,hypericum hircinum subsp. majus (aiton) n. robson,caryophyllene oxide,Hypericum hircinum subsp. majus,Hypericum hircinum subsp. majus (Aiton) N.Robson,NVEQFIOZRFFVFW,10.3390/plants14101451,Hypericum hircinum subsp. majus_NVEQFIOZRFFVFW
4744,hypericum hircinum subsp. majus (aiton) n. robson,hyperoside,Hypericum hircinum subsp. majus,Hypericum hircinum subsp. majus (Aiton) N.Robson,OVSQVDMCBVZWGM,10.3390/plants14101451,Hypericum hircinum subsp. majus_OVSQVDMCBVZWGM
4745,hypericum hircinum subsp. majus (aiton) n. robson,quercitrin,Hypericum hircinum subsp. majus,Hypericum hircinum subsp. majus (Aiton) N.Robson,OXGUCUVFOIWWQJ,10.3390/plants14101451,Hypericum hircinum subsp. majus_OXGUCUVFOIWWQJ
4746,hypericum hircinum subsp. majus (aiton) n. robson,nonane,Hypericum hircinum subsp. majus,Hypericum hircinum subsp. majus (Aiton) N.Robson,BKIMMITUMNQMOS,10.3390/plants14101451,Hypericum hircinum subsp. majus_BKIMMITUMNQMOS
4747,hypericum hircinum subsp. majus (aiton) n. robson,undecane,Hypericum hircinum subsp. majus,Hypericum hircinum subsp. majus (Aiton) N.Robson,RSJKGSCJYJTIGS,10.3390/plants14101451,Hypericum hircinum subsp. majus_RSJKGSCJYJTIGS
4748,hypericum hircinum subsp. majus (aiton) n. robson,5-o-caffeoylquinic acid,Hypericum hircinum subsp. majus,Hypericum hircinum subsp. majus (Aiton) N.Robson,CWVRJTMFETXNAD,10.3390/plants14101451,Hypericum hircinum subsp. majus_CWVRJTMFETXNAD
4749,hypericum hircinum subsp. majus (aiton) n. robson,isoquercitrin,Hypericum hircinum subsp. majus,Hypericum hircinum subsp. majus (Aiton) N.Robson,OPJZLUXFQFQYAI,10.3390/plants14101451,Hypericum hircinum subsp. majus_OPJZLUXFQFQYAI
4750,hypericum hircinum subsp. majus (aiton) n. robson,hyperforin,Hypericum hircinum subsp. majus,Hypericum hircinum subsp. majus (Aiton) N.Robson,KGSZHKRKHXOAMG,10.3390/plants14101451,Hypericum hircinum subsp. majus_KGSZHKRKHXOAMG
4751,hypericum hircinum subsp. majus (aiton) n. robson,pseudohypericin,Hypericum hircinum subsp. majus,Hypericum hircinum subsp. majus (Aiton) N.Robson,NODGUBIGZKATOM,10.3390/plants14101451,Hypericum hircinum subsp. majus_NODGUBIGZKATOM
4752,hypericum hircinum subsp. majus (aiton) n. robson,chlorogenic acid,Hypericum hircinum subsp. majus,Hypericum hircinum subsp. majus (Aiton) N.Robson,CWVRJTMFETXNAD,10.3390/plants14101451,Hypericum hircinum subsp. majus_CWVRJTMFETXNAD
4753,hypericum hircinum subsp. majus (aiton) n. robson,α-terpineol,Hypericum hircinum subsp. majus,Hypericum hircinum subsp. majus (Aiton) N.Robson,WUOACPNHFRMFPN,10.3390/plants14101451,Hypericum hircinum subsp. majus_WUOACPNHFRMFPN
4754,hypericum hircinum subsp. majus (aiton) n. robson,cis-β-guaiene,Hypericum hircinum subsp. majus,Hypericum hircinum subsp. majus (Aiton) N.Robson,GIBQERSGRNPMEH,10.3390/plants14101451,Hypericum hircinum subsp. majus_GIBQERSGRNPMEH
4755,hypericum hircinum subsp. majus (aiton) n. robson,epicatechin,Hypericum hircinum subsp. majus,Hypericum hircinum subsp. majus (Aiton) N.Robson,PFTAWBLQPZVEMU,10.3390/plants14101451,Hypericum hircinum subsp. majus_PFTAWBLQPZVEMU
4756,hypericum hircinum subsp. majus (aiton) n. robson,amentoflavone,Hypericum hircinum subsp. majus,Hypericum hircinum subsp. majus (Aiton) N.Robson,YUSWMAULDXZHPY,10.3390/plants14101451,Hypericum hircinum subsp. majus_YUSWMAULDXZHPY
4757,hypericum hircinum subsp. majus (aiton) n. robson,δ-selinene,Hypericum hircinum subsp. majus,Hypericum hircinum subsp. majus (Aiton) N.Robson,VEGYMPQCXPVQJY,10.3390/plants14101451,Hypericum hircinum subsp. majus_VEGYMPQCXPVQJY
4758,hypericum hircinum subsp. majus (aiton) n. robson,hypericin,Hypericum hircinum subsp. majus,Hypericum hircinum subsp. majus (Aiton) N.Robson,YDOIFHVUBCIUHF,10.3390/plants14101451,Hypericum hircinum subsp. majus_YDOIFHVUBCIUHF
4759,hypericum hircinum subsp. majus (aiton) n. robson,neochlorogenic acid,Hypericum hircinum subsp. majus,Hypericum hircinum subsp. majus (Aiton) N.Robson,CWVRJTMFETXNAD,10.3390/plants14101451,Hypericum hircinum subsp. majus_CWVRJTMFETXNAD
4760,phyllanthus emblica l,cyanidin 5-o-β-d-glucoside,Phyllanthus emblica,Phyllanthus emblica L.,GMRSKDNJSHIDNL,10.3897/pharmacia.69.e87013,Phyllanthus emblica_GMRSKDNJSHIDNL
4761,phyllanthus emblica l,phyllanthin,Phyllanthus emblica,Phyllanthus emblica L.,KFLQGJQSLUYUBF,10.3897/pharmacia.69.e87013,Phyllanthus emblica_KFLQGJQSLUYUBF
4765,phyllanthus acidus (l.) skeels,quercetin,Phyllanthus acidus,Phyllanthus acidus (L.) Skeels,REFJWTPEDVJJIY,10.3897/pharmacia.69.e87013,Phyllanthus acidus_REFJWTPEDVJJIY
4766,phyllanthus acidus (l.) skeels,kaempferol-3-o-sulfate,Phyllanthus acidus,Phyllanthus acidus (L.) Skeels,VOYLAWHADGDBIE,10.3897/pharmacia.69.e87013,Phyllanthus acidus_VOYLAWHADGDBIE
4767,phyllanthus acidus (l.) skeels,phyllanthin,Phyllanthus acidus,Phyllanthus acidus (L.) Skeels,KFLQGJQSLUYUBF,10.3897/pharmacia.69.e87013,Phyllanthus acidus_KFLQGJQSLUYUBF
4768,phyllanthus acidus (l.) skeels,cyanidin 5-o-β-d-glucoside,Phyllanthus acidus,Phyllanthus acidus (L.) Skeels,GMRSKDNJSHIDNL,10.3897/pharmacia.69.e87013,Phyllanthus acidus_GMRSKDNJSHIDNL
4769,phyllanthus acidus (l.) skeels,delphinidin-3-o-β-d-glucoside,Phyllanthus acidus,Phyllanthus acidus (L.) Skeels,XIIACXXCJBZLHS,10.3897/pharmacia.69.e87013,Phyllanthus acidus_XIIACXXCJBZLHS
4770,phyllanthus acidus (l.) skeels,myricetin,Phyllanthus acidus,Phyllanthus acidus (L.) Skeels,IKMDFBPHZNJCSN,10.3897/pharmacia.69.e87013,Phyllanthus acidus_IKMDFBPHZNJCSN
4771,phyllanthus acidus (l.) skeels,kaempferol,Phyllanthus acidus,Phyllanthus acidus (L.) Skeels,IYRMWMYZSQPJKC,10.3897/pharmacia.69.e87013,Phyllanthus acidus_IYRMWMYZSQPJKC
4773,phyllanthus acidus (l.) skeels,epicatechin,Phyllanthus acidus,Phyllanthus acidus (L.) Skeels,PFTAWBLQPZVEMU,10.3897/pharmacia.69.e87013,Phyllanthus acidus_PFTAWBLQPZVEMU
4774,phyllanthus acidus (l.) skeels,kaempferol-3-glucoside,Phyllanthus acidus,Phyllanthus acidus (L.) Skeels,JPUKWEQWGBDDQB,10.3897/pharmacia.69.e87013,Phyllanthus acidus_JPUKWEQWGBDDQB
4775,phyllanthus amarus schum. & thon,cyanidin 5-o-β-d-glucoside,Phyllanthus amarus,Phyllanthus amarus Schumach. & Thonn.,GMRSKDNJSHIDNL,10.3897/pharmacia.69.e87013,Phyllanthus amarus_GMRSKDNJSHIDNL
4776,phyllanthus amarus schum. & thon,"(2r,3s,4s)-leucodelphinidin",Phyllanthus amarus,Phyllanthus amarus Schumach. & Thonn.,ZEACOKJOQLAYTD,10.3897/pharmacia.69.e87013,Phyllanthus amarus_ZEACOKJOQLAYTD
4777,phyllanthus amarus schum. & thon,kaempferol-3-glucoside,Phyllanthus amarus,Phyllanthus amarus Schumach. & Thonn.,JPUKWEQWGBDDQB,10.3897/pharmacia.69.e87013,Phyllanthus amarus_JPUKWEQWGBDDQB
4778,phyllanthus amarus schum. & thon,ellagic acid,Phyllanthus amarus,Phyllanthus amarus Schumach. & Thonn.,AFSDNFLWKVMVRB,10.3897/pharmacia.69.e87013,Phyllanthus amarus_AFSDNFLWKVMVRB
4779,phyllanthus debilis,"(2r,3s,4s)-leucodelphinidin",Phyllanthus debilis,Phyllanthus debilis J.G.Klein ex Willd.,ZEACOKJOQLAYTD,10.3897/pharmacia.69.e87013,Phyllanthus debilis_ZEACOKJOQLAYTD
4780,phyllanthus debilis,betulinic acid,Phyllanthus debilis,Phyllanthus debilis J.G.Klein ex Willd.,QGJZLNKBHJESQX,10.3897/pharmacia.69.e87013,Phyllanthus debilis_QGJZLNKBHJESQX
4781,phyllanthus debilis,gallocatechin,Phyllanthus debilis,Phyllanthus debilis J.G.Klein ex Willd.,XMOCLSLCDHWDHP,10.3897/pharmacia.69.e87013,Phyllanthus debilis_XMOCLSLCDHWDHP
4782,phyllanthus lawii,hypophyllanthin,Phyllanthus lawii,Phyllanthus lawii J.Graham,LBJCUHLNHSKZBW,10.3897/pharmacia.69.e87013,Phyllanthus lawii_LBJCUHLNHSKZBW
4783,phyllanthus lawii,cyanidin 5-o-β-d-glucoside,Phyllanthus lawii,Phyllanthus lawii J.Graham,GMRSKDNJSHIDNL,10.3897/pharmacia.69.e87013,Phyllanthus lawii_GMRSKDNJSHIDNL
4784,phyllanthus lawii,phyllanthin,Phyllanthus lawii,Phyllanthus lawii J.Graham,KFLQGJQSLUYUBF,10.3897/pharmacia.69.e87013,Phyllanthus lawii_KFLQGJQSLUYUBF
4785,phyllanthus lawii,betulinic acid,Phyllanthus lawii,Phyllanthus lawii J.Graham,QGJZLNKBHJESQX,10.3897/pharmacia.69.e87013,Phyllanthus lawii_QGJZLNKBHJESQX
4786,phyllanthus lawii,rutin,Phyllanthus lawii,Phyllanthus lawii J.Graham,IKGXIBQEEMLURG,10.3897/pharmacia.69.e87013,Phyllanthus lawii_IKGXIBQEEMLURG
4787,phyllanthus lawii,kaempferol-3-glucoside,Phyllanthus lawii,Phyllanthus lawii J.Graham,JPUKWEQWGBDDQB,10.3897/pharmacia.69.e87013,Phyllanthus lawii_JPUKWEQWGBDDQB
4788,phyllanthus lawii,niranthin,Phyllanthus lawii,Phyllanthus lawii J.Graham,RCFGIEPQSDGMJJ,10.3897/pharmacia.69.e87013,Phyllanthus lawii_RCFGIEPQSDGMJJ
4789,phyllanthus myrtifolius,kaempferol-3-glucoside,Phyllanthus myrtifolius,Phyllanthus myrtifolius (Wight) Müll.Arg.,JPUKWEQWGBDDQB,10.3897/pharmacia.69.e87013,Phyllanthus myrtifolius_JPUKWEQWGBDDQB
4790,phyllanthus myrtifolius,hypophyllanthin,Phyllanthus myrtifolius,Phyllanthus myrtifolius (Wight) Müll.Arg.,LBJCUHLNHSKZBW,10.3897/pharmacia.69.e87013,Phyllanthus myrtifolius_LBJCUHLNHSKZBW
4791,phyllanthus myrtifolius,cyanidin 5-o-β-d-glucoside,Phyllanthus myrtifolius,Phyllanthus myrtifolius (Wight) Müll.Arg.,GMRSKDNJSHIDNL,10.3897/pharmacia.69.e87013,Phyllanthus myrtifolius_GMRSKDNJSHIDNL
4792,phyllanthus reticulatous,ellagic acid,Phyllanthus reticulatus,Phyllanthus reticulatus Poir.,AFSDNFLWKVMVRB,10.3897/pharmacia.69.e87013,Phyllanthus reticulatus_AFSDNFLWKVMVRB
4793,phyllanthus reticulatous,"(2r,3s,4s)-leucodelphinidin",Phyllanthus reticulatus,Phyllanthus reticulatus Poir.,ZEACOKJOQLAYTD,10.3897/pharmacia.69.e87013,Phyllanthus reticulatus_ZEACOKJOQLAYTD
4795,phyllanthus reticulatous,rutin,Phyllanthus reticulatus,Phyllanthus reticulatus Poir.,IKGXIBQEEMLURG,10.3897/pharmacia.69.e87013,Phyllanthus reticulatus_IKGXIBQEEMLURG
4796,phyllanthus reticulatous,quercetin,Phyllanthus reticulatus,Phyllanthus reticulatus Poir.,REFJWTPEDVJJIY,10.3897/pharmacia.69.e87013,Phyllanthus reticulatus_REFJWTPEDVJJIY
4797,phyllanthus reticulatous,kaempferol-3-glucoside,Phyllanthus reticulatus,Phyllanthus reticulatus Poir.,JPUKWEQWGBDDQB,10.3897/pharmacia.69.e87013,Phyllanthus reticulatus_JPUKWEQWGBDDQB
4798,phyllanthus reticulatous,niranthin,Phyllanthus reticulatus,Phyllanthus reticulatus Poir.,RCFGIEPQSDGMJJ,10.3897/pharmacia.69.e87013,Phyllanthus reticulatus_RCFGIEPQSDGMJJ
4804,phyllanthus virgatus,zeatin,Phyllanthus virgatus,Phyllanthus virgatus G.Forst.,UZKQTCBAMSWPJD,10.3897/pharmacia.69.e87013,Phyllanthus virgatus_UZKQTCBAMSWPJD
4806,phyllanthus virgatus,betulinic acid,Phyllanthus virgatus,Phyllanthus virgatus G.Forst.,QGJZLNKBHJESQX,10.3897/pharmacia.69.e87013,Phyllanthus virgatus_QGJZLNKBHJESQX
4810,phyllanthus virgatus,ellagic acid,Phyllanthus virgatus,Phyllanthus virgatus G.Forst.,AFSDNFLWKVMVRB,10.3897/pharmacia.69.e87013,Phyllanthus virgatus_AFSDNFLWKVMVRB
4812,phyllanthus niruri,"5,3’-dihydroxy-6,7,4’-trimethoxyflavone",Phyllanthus niruri,Phyllanthus niruri L.,KLAOKWJLUQKWIF,10.3897/pharmacia.69.e87013,Phyllanthus niruri_KLAOKWJLUQKWIF
4815,phyllanthus orbicularis,nicotiflorin,Phyllanthus orbicularis,Phyllanthus orbicularis Kunth,RTATXGUCZHCSNG,10.3897/pharmacia.69.e87013,Phyllanthus orbicularis_RTATXGUCZHCSNG
4816,phyllanthus orbicularis,epicatechin,Phyllanthus orbicularis,Phyllanthus orbicularis Kunth,PFTAWBLQPZVEMU,10.3897/pharmacia.69.e87013,Phyllanthus orbicularis_PFTAWBLQPZVEMU
4817,phyllanthus orbicularis,kaempferol,Phyllanthus orbicularis,Phyllanthus orbicularis Kunth,IYRMWMYZSQPJKC,10.3897/pharmacia.69.e87013,Phyllanthus orbicularis_IYRMWMYZSQPJKC
4818,phyllanthus orbicularis,procyanidin b2,Phyllanthus orbicularis,Phyllanthus orbicularis Kunth,XFZJEEAOWLFHDH,10.3897/pharmacia.69.e87013,Phyllanthus orbicularis_XFZJEEAOWLFHDH
4819,phyllanthus orbicularis,rutoside,Phyllanthus orbicularis,Phyllanthus orbicularis Kunth,IKGXIBQEEMLURG,10.3897/pharmacia.69.e87013,Phyllanthus orbicularis_IKGXIBQEEMLURG
4820,phyllanthus orbicularis,procyanidin c1,Phyllanthus orbicularis,Phyllanthus orbicularis Kunth,MOJZMWJRUKIQGL,10.3897/pharmacia.69.e87013,Phyllanthus orbicularis_MOJZMWJRUKIQGL
4821,phyllanthus orbicularis,catechin,Phyllanthus orbicularis,Phyllanthus orbicularis Kunth,PFTAWBLQPZVEMU,10.3897/pharmacia.69.e87013,Phyllanthus orbicularis_PFTAWBLQPZVEMU
4822,phyllanthus phillyreifolius,quercitrin,Phyllanthus phillyreifolius,Phyllanthus phillyreifolius Poir.,OXGUCUVFOIWWQJ,10.3897/pharmacia.69.e87013,Phyllanthus phillyreifolius_OXGUCUVFOIWWQJ
4823,phyllanthus phillyreifolius,rutin,Phyllanthus phillyreifolius,Phyllanthus phillyreifolius Poir.,IKGXIBQEEMLURG,10.3897/pharmacia.69.e87013,Phyllanthus phillyreifolius_IKGXIBQEEMLURG
4824,phyllanthus phillyreifolius,quercetin-3-glucuronide,Phyllanthus phillyreifolius,Phyllanthus phillyreifolius Poir.,DUBCCGAQYVUYEU,10.3897/pharmacia.69.e87013,Phyllanthus phillyreifolius_DUBCCGAQYVUYEU
4831,papaver somniferum,aporeine,Papaver somniferum,Papaver somniferum L.,JCTYWRARKVGOBK,10.22270/jddt.v8i5-s.2069,Papaver somniferum_JCTYWRARKVGOBK
4843,papaver somniferum,pseudomorphine,Papaver somniferum,Papaver somniferum L.,FOJYFDFNGPRXDR,10.22270/jddt.v8i5-s.2069,Papaver somniferum_FOJYFDFNGPRXDR
4850,pistacia lentiscus l,ethyl gallate,Pistacia lentiscus,Pistacia lentiscus L.,VFPFQHQNJCMNBZ,10.3390/nu16111638,Pistacia lentiscus_VFPFQHQNJCMNBZ
4851,pistacia lentiscus l,o-methylanisol,Pistacia lentiscus,Pistacia lentiscus L.,DTFKRVXLBCAIOZ,10.3390/nu16111638,Pistacia lentiscus_DTFKRVXLBCAIOZ
4852,pistacia lentiscus l,ascorbic acid,Pistacia lentiscus,Pistacia lentiscus L.,CIWBSHSKHKDKBQ,10.3390/nu16111638,Pistacia lentiscus_CIWBSHSKHKDKBQ
4853,pistacia lentiscus l,curcumin,Pistacia lentiscus,Pistacia lentiscus L.,VFLDPWHFBUODDF,10.3390/nu16111638,Pistacia lentiscus_VFLDPWHFBUODDF
4854,pistacia lentiscus l,campesterol,Pistacia lentiscus,Pistacia lentiscus L.,SGNBVLSWZMBQTH,10.3390/nu16111638,Pistacia lentiscus_SGNBVLSWZMBQTH
4855,pistacia lentiscus l,syringic acid,Pistacia lentiscus,Pistacia lentiscus L.,JMSVCTWVEWCHDZ,10.3390/nu16111638,Pistacia lentiscus_JMSVCTWVEWCHDZ
4857,pistacia lentiscus l,α-tocotrienol,Pistacia lentiscus,Pistacia lentiscus L.,RZFHLOLGZPDCHJ,10.3390/nu16111638,Pistacia lentiscus_RZFHLOLGZPDCHJ
4858,pistacia lentiscus l,oleuropeinaglycon,Pistacia lentiscus,Pistacia lentiscus L.,BIWKXNFEOZXNLX,10.3390/nu16111638,Pistacia lentiscus_BIWKXNFEOZXNLX
4859,pistacia lentiscus l,caffeic acid,Pistacia lentiscus,Pistacia lentiscus L.,QAIPRVGONGVQAS,10.3390/nu16111638,Pistacia lentiscus_QAIPRVGONGVQAS
4860,pistacia lentiscus l,quercetin,Pistacia lentiscus,Pistacia lentiscus L.,REFJWTPEDVJJIY,10.3390/nu16111638,Pistacia lentiscus_REFJWTPEDVJJIY
4861,pistacia lentiscus l,tirucallol,Pistacia lentiscus,Pistacia lentiscus L.,CAHGCLMLTWQZNJ,10.3390/nu16111638,Pistacia lentiscus_CAHGCLMLTWQZNJ
4862,pistacia lentiscus l,limonene,Pistacia lentiscus,Pistacia lentiscus L.,XMGQYMWWDOXHJM,10.3390/nu16111638,Pistacia lentiscus_XMGQYMWWDOXHJM
4863,pistacia lentiscus l,catechol,Pistacia lentiscus,Pistacia lentiscus L.,YCIMNLLNPGFGHC,10.3390/nu16111638,Pistacia lentiscus_YCIMNLLNPGFGHC
4864,pistacia lentiscus l,oleic acid,Pistacia lentiscus,Pistacia lentiscus L.,ZQPPMHVWECSIRJ,10.3390/nu16111638,Pistacia lentiscus_ZQPPMHVWECSIRJ
4865,pistacia lentiscus l,masticadienonic acid,Pistacia lentiscus,Pistacia lentiscus L.,VOYZLKWKVLYJHD,10.3390/nu16111638,Pistacia lentiscus_VOYZLKWKVLYJHD
4867,pistacia lentiscus l,carnosic acid,Pistacia lentiscus,Pistacia lentiscus L.,QRYRORQUOLYVBU,10.3390/nu16111638,Pistacia lentiscus_QRYRORQUOLYVBU
4868,pistacia lentiscus l,palmitic acid,Pistacia lentiscus,Pistacia lentiscus L.,IPCSVZSSVZVIGE,10.3390/nu16111638,Pistacia lentiscus_IPCSVZSSVZVIGE
4869,pistacia lentiscus l,cholesterol,Pistacia lentiscus,Pistacia lentiscus L.,HVYWMOMLDIMFJA,10.3390/nu16111638,Pistacia lentiscus_HVYWMOMLDIMFJA
4870,pistacia lentiscus l,stigmasterol,Pistacia lentiscus,Pistacia lentiscus L.,HCXVJBMSMIARIN,10.3390/nu16111638,Pistacia lentiscus_HCXVJBMSMIARIN
4871,pistacia lentiscus l,tartaric acid,Pistacia lentiscus,Pistacia lentiscus L.,FEWJPZIEWOKRBE,10.3390/nu16111638,Pistacia lentiscus_FEWJPZIEWOKRBE
4872,pistacia lentiscus l,arachidic acid,Pistacia lentiscus,Pistacia lentiscus L.,VKOBVWXKNCXXDE,10.3390/nu16111638,Pistacia lentiscus_VKOBVWXKNCXXDE
4873,pistacia lentiscus l,oleanolic aldehyde,Pistacia lentiscus,Pistacia lentiscus L.,STHRNDDZYFUIDO,10.3390/nu16111638,Pistacia lentiscus_STHRNDDZYFUIDO
4874,pistacia lentiscus l,hydroxyquinol,Pistacia lentiscus,Pistacia lentiscus L.,GGNQRNBDZQJCCN,10.3390/nu16111638,Pistacia lentiscus_GGNQRNBDZQJCCN
4875,pistacia lentiscus l,ellagic acid,Pistacia lentiscus,Pistacia lentiscus L.,AFSDNFLWKVMVRB,10.3390/nu16111638,Pistacia lentiscus_AFSDNFLWKVMVRB
4876,pistacia lentiscus l,betulonal,Pistacia lentiscus,Pistacia lentiscus L.,MHAVMNJPXLZEIG,10.3390/nu16111638,Pistacia lentiscus_MHAVMNJPXLZEIG
4877,pistacia lentiscus l,cyanidin-3-o-arabinoside,Pistacia lentiscus,Pistacia lentiscus L.,ORTBMTXABUAMJS,10.3390/nu16111638,Pistacia lentiscus_ORTBMTXABUAMJS
4878,pistacia lentiscus l,dipterocarpol,Pistacia lentiscus,Pistacia lentiscus L.,NJICGAVMYWKCMW,10.3390/nu16111638,Pistacia lentiscus_NJICGAVMYWKCMW
4879,pistacia lentiscus l,moronic acid,Pistacia lentiscus,Pistacia lentiscus L.,UMYJVVZWBKIXQQ,10.3390/nu16111638,Pistacia lentiscus_UMYJVVZWBKIXQQ
4880,pistacia lentiscus l,cyanidin-3-o-glucoside,Pistacia lentiscus,Pistacia lentiscus L.,YTMNONATNXDQJF,10.3390/nu16111638,Pistacia lentiscus_YTMNONATNXDQJF
4882,pistacia lentiscus l,"1,2,3,4,6-pentagalloyl glucose",Pistacia lentiscus,Pistacia lentiscus L.,QJYNZEYHSMRWBK,10.3390/nu16111638,Pistacia lentiscus_QJYNZEYHSMRWBK
4883,pistacia lentiscus l,trans-cinnamic acid,Pistacia lentiscus,Pistacia lentiscus L.,WBYWAXJHAXSJNI,10.3390/nu16111638,Pistacia lentiscus_WBYWAXJHAXSJNI
4884,pistacia lentiscus l,phenol,Pistacia lentiscus,Pistacia lentiscus L.,ISWSIDIOOBJBQZ,10.3390/nu16111638,Pistacia lentiscus_ISWSIDIOOBJBQZ
4885,pistacia lentiscus l,(z)-3-(pentadec-8-en-1-yl)phenol,Pistacia lentiscus,Pistacia lentiscus L.,YLKVIMNNMLKUGJ,10.3390/nu16111638,Pistacia lentiscus_YLKVIMNNMLKUGJ
4886,pistacia lentiscus l,isomasticadienonic acid,Pistacia lentiscus,Pistacia lentiscus L.,KDCSSVADTHDYGI,10.3390/nu16111638,Pistacia lentiscus_KDCSSVADTHDYGI
4887,pistacia lentiscus l,β-sitosterol,Pistacia lentiscus,Pistacia lentiscus L.,KZJWDPNRJALLNS,10.3390/nu16111638,Pistacia lentiscus_KZJWDPNRJALLNS
4888,pistacia lentiscus l,isopimaric acid,Pistacia lentiscus,Pistacia lentiscus L.,MXYATHGRPJZBNA,10.3390/nu16111638,Pistacia lentiscus_MXYATHGRPJZBNA
4889,pistacia lentiscus l,3-epimasticadienolic acid,Pistacia lentiscus,Pistacia lentiscus L.,UILQHUKSFUOOLH,10.3390/nu16111638,Pistacia lentiscus_UILQHUKSFUOOLH
4890,pistacia lentiscus l,hydroquinone,Pistacia lentiscus,Pistacia lentiscus L.,QIGBRXMKCJKVMJ,10.3390/nu16111638,Pistacia lentiscus_QIGBRXMKCJKVMJ
4891,pistacia lentiscus l,delphinidin-3-o-glucoside,Pistacia lentiscus,Pistacia lentiscus L.,ZJWIIMLSNZOCBP,10.3390/nu16111638,Pistacia lentiscus_ZJWIIMLSNZOCBP
4892,pistacia lentiscus l,kaempferol,Pistacia lentiscus,Pistacia lentiscus L.,IYRMWMYZSQPJKC,10.3390/nu16111638,Pistacia lentiscus_IYRMWMYZSQPJKC
4894,pistacia lentiscus l,masticadienolic acid,Pistacia lentiscus,Pistacia lentiscus L.,UILQHUKSFUOOLH,10.3390/nu16111638,Pistacia lentiscus_UILQHUKSFUOOLH
4895,pistacia lentiscus l,4-hydroxyphenylacetic acid,Pistacia lentiscus,Pistacia lentiscus L.,XQXPVVBIMDBYFF,10.3390/nu16111638,Pistacia lentiscus_XQXPVVBIMDBYFF
4896,pistacia lentiscus l,pyrogallic acid,Pistacia lentiscus,Pistacia lentiscus L.,WQGWDDDVZFFDIG,10.3390/nu16111638,Pistacia lentiscus_WQGWDDDVZFFDIG
4898,pistacia lentiscus l,d-gallocatechin,Pistacia lentiscus,Pistacia lentiscus L.,XMOCLSLCDHWDHP,10.3390/nu16111638,Pistacia lentiscus_XMOCLSLCDHWDHP
4899,pistacia lentiscus l,linoleic acid,Pistacia lentiscus,Pistacia lentiscus L.,OYHQOLUKZRVURQ,10.3390/nu16111638,Pistacia lentiscus_OYHQOLUKZRVURQ
4900,pistacia lentiscus l,lupenone,Pistacia lentiscus,Pistacia lentiscus L.,GRBHNQFQFHLCHO,10.3390/nu16111638,Pistacia lentiscus_GRBHNQFQFHLCHO
4901,pistacia lentiscus l,gadoleic acid,Pistacia lentiscus,Pistacia lentiscus L.,LQJBNNIYVWPHFW,10.3390/nu16111638,Pistacia lentiscus_LQJBNNIYVWPHFW
4902,pistacia lentiscus l,28-norolean-17-en-3-one,Pistacia lentiscus,Pistacia lentiscus L.,YHNHHRQJUIOAOJ,10.3390/nu16111638,Pistacia lentiscus_YHNHHRQJUIOAOJ
4903,pistacia lentiscus l,tyrosol,Pistacia lentiscus,Pistacia lentiscus L.,YCCILVSKPBXVIP,10.3390/nu16111638,Pistacia lentiscus_YCCILVSKPBXVIP
4904,pistacia lentiscus l,oleanolic acid,Pistacia lentiscus,Pistacia lentiscus L.,MIJYXULNPSFWEK,10.3390/nu16111638,Pistacia lentiscus_MIJYXULNPSFWEK
4905,pistacia lentiscus l,myricetin-3-o-rhamnoside,Pistacia lentiscus,Pistacia lentiscus L.,KPKDFSLIRPVPJF,10.3390/nu16111638,Pistacia lentiscus_KPKDFSLIRPVPJF
4906,pistacia lentiscus l,pinoresinol,Pistacia lentiscus,Pistacia lentiscus L.,HGXBRUKMWQGOIE,10.3390/nu16111638,Pistacia lentiscus_HGXBRUKMWQGOIE
4907,pistacia lentiscus l,palmitoleic acid,Pistacia lentiscus,Pistacia lentiscus L.,SECPZKHBENQXJG,10.3390/nu16111638,Pistacia lentiscus_SECPZKHBENQXJG
4908,pistacia lentiscus l,γ-tocotrienol,Pistacia lentiscus,Pistacia lentiscus L.,OTXNTMVVOOBZCV,10.3390/nu16111638,Pistacia lentiscus_OTXNTMVVOOBZCV
4911,pistacia lentiscus l,galloylquinic acid,Pistacia lentiscus,Pistacia lentiscus L.,KKCDUTBXHFFNMW,10.3390/nu16111638,Pistacia lentiscus_KKCDUTBXHFFNMW
4912,pistacia lentiscus l,lupanol,Pistacia lentiscus,Pistacia lentiscus L.,LKRHVCOBWBEPTE,10.3390/nu16111638,Pistacia lentiscus_LKRHVCOBWBEPTE
4913,pistacia lentiscus l,p-coumaric acid,Pistacia lentiscus,Pistacia lentiscus L.,NGSWKAQJJWESNS,10.3390/nu16111638,Pistacia lentiscus_NGSWKAQJJWESNS
4914,pistacia lentiscus l,tannic acid,Pistacia lentiscus,Pistacia lentiscus L.,LRBQNJMCXXYXIU,10.3390/nu16111638,Pistacia lentiscus_LRBQNJMCXXYXIU
4915,pistacia lentiscus l,stearic acid,Pistacia lentiscus,Pistacia lentiscus L.,QIQXTHQIDYTFRH,10.3390/nu16111638,Pistacia lentiscus_QIQXTHQIDYTFRH
4916,pistacia lentiscus l,citric acid,Pistacia lentiscus,Pistacia lentiscus L.,KRKNYBCHXYNGOX,10.3390/nu16111638,Pistacia lentiscus_KRKNYBCHXYNGOX
4917,pistacia lentiscus l,chrysin,Pistacia lentiscus,Pistacia lentiscus L.,RTIXKCRFFJGDFG,10.3390/nu16111638,Pistacia lentiscus_RTIXKCRFFJGDFG
4919,pistacia lentiscus l,orcinol,Pistacia lentiscus,Pistacia lentiscus L.,OIPPWFOQEKKFEE,10.3390/nu16111638,Pistacia lentiscus_OIPPWFOQEKKFEE
4920,pistacia lentiscus l,α-tocopherol,Pistacia lentiscus,Pistacia lentiscus L.,GVJHHUAWPYXKBD,10.3390/nu16111638,Pistacia lentiscus_GVJHHUAWPYXKBD
4922,pistacia lentiscus l,camphene,Pistacia lentiscus,Pistacia lentiscus L.,CRPUJAZIXJMDBK,10.3390/nu16111638,Pistacia lentiscus_CRPUJAZIXJMDBK
4923,pistacia lentiscus l,maslinic acid,Pistacia lentiscus,Pistacia lentiscus L.,MDZKJHQSJHYOHJ,10.3390/nu16111638,Pistacia lentiscus_MDZKJHQSJHYOHJ
4925,pistacia lentiscus l,"quercetin-3,4'-diglucoside",Pistacia lentiscus,Pistacia lentiscus L.,RPVIQWDFJPYNJM,10.3390/nu16111638,Pistacia lentiscus_RPVIQWDFJPYNJM
4927,pistacia lentiscus l,epicatechin-3-gallate,Pistacia lentiscus,Pistacia lentiscus L.,LSHVYAFMTMFKBA,10.3390/nu16111638,Pistacia lentiscus_LSHVYAFMTMFKBA
4928,pistacia lentiscus l,linolenic acid,Pistacia lentiscus,Pistacia lentiscus L.,DTOSIQBPPRVQHS,10.3390/nu16111638,Pistacia lentiscus_DTOSIQBPPRVQHS
4930,pistacia lentiscus l,oleanonic acid,Pistacia lentiscus,Pistacia lentiscus L.,FMIMFCRXYXVFTA,10.3390/nu16111638,Pistacia lentiscus_FMIMFCRXYXVFTA
4931,pistacia lentiscus l,silymarin,Pistacia lentiscus,Pistacia lentiscus L.,SEBFKMXJBCUCAI,10.3390/nu16111638,Pistacia lentiscus_SEBFKMXJBCUCAI
4932,pistacia lentiscus l,apigenin,Pistacia lentiscus,Pistacia lentiscus L.,KZNIFHPLKGYRTM,10.3390/nu16111638,Pistacia lentiscus_KZNIFHPLKGYRTM
4934,pistacia lentiscus l,salicylic acid,Pistacia lentiscus,Pistacia lentiscus L.,YGSDEFSMJLZEOE,10.3390/nu16111638,Pistacia lentiscus_YGSDEFSMJLZEOE
4937,pistacia lentiscus l,vanillic acid,Pistacia lentiscus,Pistacia lentiscus L.,WKOLLVMJNQIZCI,10.3390/nu16111638,Pistacia lentiscus_WKOLLVMJNQIZCI
4941,allium sativum l,allin,Allium sativum,Allium sativum L.,NAXKFVIRJICPAO,10.3389/fnut.2022.929554,Allium sativum_NAXKFVIRJICPAO
4944,allium sativum l,"3-vinyl-1,2-dithiin",Allium sativum,Allium sativum L.,NLHCAGKOLUBCBZ,10.3389/fnut.2022.929554,Allium sativum_NLHCAGKOLUBCBZ
4945,pinus ponderosa,a-pinene,Pinus ponderosa,Pinus ponderosa Douglas ex C.Lawson,ZJUDTXCEVUJEOX,10.3852/11-083,Pinus ponderosa_ZJUDTXCEVUJEOX
4949,bulbophyllum odoratissimum,vanillic acid,Bulbophyllum odoratissimum,Bulbophyllum odoratissimum (Sm.) Lindl. ex Wall.,WKOLLVMJNQIZCI,10.1155/2022/6727609,Bulbophyllum odoratissimum_WKOLLVMJNQIZCI
4951,bulbophyllum odoratissimum,"7-hydroxy-2,3,4-trimethoxy-9,10-dihydrophenanthrene",Bulbophyllum odoratissimum,Bulbophyllum odoratissimum (Sm.) Lindl. ex Wall.,XPVPRYMQRJJHCO,10.1155/2022/6727609,Bulbophyllum odoratissimum_XPVPRYMQRJJHCO
4953,bulbophyllum odoratissimum,syringaldehyde,Bulbophyllum odoratissimum,Bulbophyllum odoratissimum (Sm.) Lindl. ex Wall.,KCDXJAYRVLXPFO,10.1155/2022/6727609,Bulbophyllum odoratissimum_KCDXJAYRVLXPFO
4954,bulbophyllum odoratissimum,batatasin iii,Bulbophyllum odoratissimum,Bulbophyllum odoratissimum (Sm.) Lindl. ex Wall.,VYQXIUVIYICVCM,10.1155/2022/6727609,Bulbophyllum odoratissimum_VYQXIUVIYICVCM
4955,bulbophyllum odoratissimum,densiflorol b,Bulbophyllum odoratissimum,Bulbophyllum odoratissimum (Sm.) Lindl. ex Wall.,FVUZCFUZMSCPCK,10.1155/2022/6727609,Bulbophyllum odoratissimum_FVUZCFUZMSCPCK
4956,bulbophyllum odoratissimum,"5-(2-benzo[1,3]dioxole-5-ylethyl)benzo[1,3]dioxole-4,7-diol",Bulbophyllum odoratissimum,Bulbophyllum odoratissimum (Sm.) Lindl. ex Wall.,HPEFUZPFHOXJJU,10.1155/2022/6727609,Bulbophyllum odoratissimum_HPEFUZPFHOXJJU
4957,bulbophyllum odoratissimum,moscatin,Bulbophyllum odoratissimum,Bulbophyllum odoratissimum (Sm.) Lindl. ex Wall.,LVOCAIKGDCMNNK,10.1155/2022/6727609,Bulbophyllum odoratissimum_LVOCAIKGDCMNNK
4958,bulbophyllum odoratissimum,gigantol,Bulbophyllum odoratissimum,Bulbophyllum odoratissimum (Sm.) Lindl. ex Wall.,SDXKZPQOVUDXIY,10.1155/2022/6727609,Bulbophyllum odoratissimum_SDXKZPQOVUDXIY
4959,bulbophyllum odoratissimum,"5-(2-benzo[1,3]dioxole-5-ylethyl)-6-methoxy benzo[1,3]dioxole-4-ol",Bulbophyllum odoratissimum,Bulbophyllum odoratissimum (Sm.) Lindl. ex Wall.,JXRFJVGXUXXKQM,10.1155/2022/6727609,Bulbophyllum odoratissimum_JXRFJVGXUXXKQM
4960,bulbophyllum kaitense,"propane, 1,1-diethoxy",Bulbophyllum kapitense,"Bulbophyllum kapitense J.J.Verm., P.O'Byrne & A.Lamb",MBNMGGKBGCIEGF,10.1155/2022/6727609,Bulbophyllum kapitense_MBNMGGKBGCIEGF
4961,bulbophyllum kaitense,3-buten-2-ol,Bulbophyllum kapitense,"Bulbophyllum kapitense J.J.Verm., P.O'Byrne & A.Lamb",MKUWVMRNQOOSAT,10.1155/2022/6727609,Bulbophyllum kapitense_MKUWVMRNQOOSAT
4962,bulbophyllum kaitense,squalene,Bulbophyllum kapitense,"Bulbophyllum kapitense J.J.Verm., P.O'Byrne & A.Lamb",YYGNTYWPHWGJRM,10.1155/2022/6727609,Bulbophyllum kapitense_YYGNTYWPHWGJRM
4963,bulbophyllum kaitense,"2,4-dimethylcyclopentanol",Bulbophyllum kapitense,"Bulbophyllum kapitense J.J.Verm., P.O'Byrne & A.Lamb",UIEZBRDQSWACQJ,10.1155/2022/6727609,Bulbophyllum kapitense_UIEZBRDQSWACQJ
4964,bulbophyllum kaitense,"1,2-benzenedicarboxylic acid, butyl 2-methylpropyl ester",Bulbophyllum kapitense,"Bulbophyllum kapitense J.J.Verm., P.O'Byrne & A.Lamb",UVIVWIFUPKGWGF,10.1155/2022/6727609,Bulbophyllum kapitense_UVIVWIFUPKGWGF
4965,bulbophyllum kaitense,"fluorenone, 2,3,4,7-tetramethoxy",Bulbophyllum kapitense,"Bulbophyllum kapitense J.J.Verm., P.O'Byrne & A.Lamb",PCZUDBIIYRVBND,10.1155/2022/6727609,Bulbophyllum kapitense_PCZUDBIIYRVBND
4966,bulbophyllum kaitense,didodecyl phthalate,Bulbophyllum kapitense,"Bulbophyllum kapitense J.J.Verm., P.O'Byrne & A.Lamb",PUFGCEQWYLJYNJ,10.1155/2022/6727609,Bulbophyllum kapitense_PUFGCEQWYLJYNJ
4967,bulbophyllum kaitense,methyl 3-bromo-1-adamantaneacetate,Bulbophyllum kapitense,"Bulbophyllum kapitense J.J.Verm., P.O'Byrne & A.Lamb",FFYYJJRMGKTOQM,10.1155/2022/6727609,Bulbophyllum kapitense_FFYYJJRMGKTOQM
4968,bulbophyllum kaitense,"1,3-bis(trimethylsilyl)benzene",Bulbophyllum kapitense,"Bulbophyllum kapitense J.J.Verm., P.O'Byrne & A.Lamb",RDDMOMIMRPHKSZ,10.1155/2022/6727609,Bulbophyllum kapitense_RDDMOMIMRPHKSZ
4970,bulbophyllum weddellii,hexadecanoic acid,Bulbophyllum weddellii,Bulbophyllum weddellii (Lindl.) Rchb.f.,IPCSVZSSVZVIGE,10.1155/2022/6727609,Bulbophyllum weddellii_IPCSVZSSVZVIGE
4971,bulbophyllum weddellii,5-methyl-2(3h)-furanone,Bulbophyllum weddellii,Bulbophyllum weddellii (Lindl.) Rchb.f.,QOTQFLOTGBBMEX,10.1155/2022/6727609,Bulbophyllum weddellii_QOTQFLOTGBBMEX
4972,bulbophyllum weddellii,"1,2-benzenediol",Bulbophyllum weddellii,Bulbophyllum weddellii (Lindl.) Rchb.f.,YCIMNLLNPGFGHC,10.1155/2022/6727609,Bulbophyllum weddellii_YCIMNLLNPGFGHC
4973,bulbophyllum weddellii,4-hydroxy-3-methoxy methyl benzoate,Bulbophyllum weddellii,Bulbophyllum weddellii (Lindl.) Rchb.f.,BVWTXUYLKBHMOX,10.1155/2022/6727609,Bulbophyllum weddellii_BVWTXUYLKBHMOX
4974,bulbophyllum weddellii,tetradecanoic acid,Bulbophyllum weddellii,Bulbophyllum weddellii (Lindl.) Rchb.f.,TUNFSRHWOTWDNC,10.1155/2022/6727609,Bulbophyllum weddellii_TUNFSRHWOTWDNC
4975,bulbophyllum weddellii,"2,3,5,6-tetramethylphenol",Bulbophyllum weddellii,Bulbophyllum weddellii (Lindl.) Rchb.f.,KLAQSPUVCDBEGF,10.1155/2022/6727609,Bulbophyllum weddellii_KLAQSPUVCDBEGF
4976,bulbophyllum weddellii,"2,6-dimethoxyphenol",Bulbophyllum weddellii,Bulbophyllum weddellii (Lindl.) Rchb.f.,KLIDCXVFHGNTTM,10.1155/2022/6727609,Bulbophyllum weddellii_KLIDCXVFHGNTTM
4977,bulbophyllum weddellii,pentadecanoic acid,Bulbophyllum weddellii,Bulbophyllum weddellii (Lindl.) Rchb.f.,WQEPLUUGTLDZJY,10.1155/2022/6727609,Bulbophyllum weddellii_WQEPLUUGTLDZJY
4979,bulbophyllum involutum,hexadecanoic acid,Bulbophyllum involutum,"Bulbophyllum involutum Borba, Semir & F.Barros",IPCSVZSSVZVIGE,10.1155/2022/6727609,Bulbophyllum involutum_IPCSVZSSVZVIGE
4980,bulbophyllum involutum,9-hexadecenoic acid,Bulbophyllum involutum,"Bulbophyllum involutum Borba, Semir & F.Barros",SECPZKHBENQXJG,10.1155/2022/6727609,Bulbophyllum involutum_SECPZKHBENQXJG
4981,bulbophyllum involutum,"1,2-benzenediol",Bulbophyllum involutum,"Bulbophyllum involutum Borba, Semir & F.Barros",YCIMNLLNPGFGHC,10.1155/2022/6727609,Bulbophyllum involutum_YCIMNLLNPGFGHC
4982,bulbophyllum involutum,tetradecanoic acid,Bulbophyllum involutum,"Bulbophyllum involutum Borba, Semir & F.Barros",TUNFSRHWOTWDNC,10.1155/2022/6727609,Bulbophyllum involutum_TUNFSRHWOTWDNC
4983,bulbophyllum involutum,pentadecanoic acid,Bulbophyllum involutum,"Bulbophyllum involutum Borba, Semir & F.Barros",WQEPLUUGTLDZJY,10.1155/2022/6727609,Bulbophyllum involutum_WQEPLUUGTLDZJY
4984,bulbophyllum ipanemense,hexadecanoic acid,Bulbophyllum ipanemense,Bulbophyllum ipanemense Hoehne,IPCSVZSSVZVIGE,10.1155/2022/6727609,Bulbophyllum ipanemense_IPCSVZSSVZVIGE
4985,bulbophyllum ipanemense,"1,2-benzenediol",Bulbophyllum ipanemense,Bulbophyllum ipanemense Hoehne,YCIMNLLNPGFGHC,10.1155/2022/6727609,Bulbophyllum ipanemense_YCIMNLLNPGFGHC
4987,bulbophyllum ipanemense,"2,3,5,6-tetramethylphenol",Bulbophyllum ipanemense,Bulbophyllum ipanemense Hoehne,KLAQSPUVCDBEGF,10.1155/2022/6727609,Bulbophyllum ipanemense_KLAQSPUVCDBEGF
4988,bulbophyllum ipanemense,"2,6-dimethoxyphenol",Bulbophyllum ipanemense,Bulbophyllum ipanemense Hoehne,KLIDCXVFHGNTTM,10.1155/2022/6727609,Bulbophyllum ipanemense_KLIDCXVFHGNTTM
4989,bulbophyllum ipanemense,tridecanol,Bulbophyllum ipanemense,Bulbophyllum ipanemense Hoehne,XFRVVPUIAFSTFO,10.1155/2022/6727609,Bulbophyllum ipanemense_XFRVVPUIAFSTFO
4990,bulbophyllum ipanemense,pentadecanoic acid,Bulbophyllum ipanemense,Bulbophyllum ipanemense Hoehne,WQEPLUUGTLDZJY,10.1155/2022/6727609,Bulbophyllum ipanemense_WQEPLUUGTLDZJY
4991,bulbophyllum ipanemense,ethyl hexadecanoate,Bulbophyllum ipanemense,Bulbophyllum ipanemense Hoehne,XIRNKXNNONJFQO,10.1155/2022/6727609,Bulbophyllum ipanemense_XIRNKXNNONJFQO
4992,bulbophyllum ipanemense,methyl tetradecanoate,Bulbophyllum ipanemense,Bulbophyllum ipanemense Hoehne,ZAZKJZBWRNNLDS,10.1155/2022/6727609,Bulbophyllum ipanemense_ZAZKJZBWRNNLDS
4993,bulbophyllum ipanemense,tridecanone,Bulbophyllum ipanemense,Bulbophyllum ipanemense Hoehne,CYIFVRUOHKNECG,10.1155/2022/6727609,Bulbophyllum ipanemense_CYIFVRUOHKNECG
4994,bulbophyllum ipanemense,tetradecanoic acid,Bulbophyllum ipanemense,Bulbophyllum ipanemense Hoehne,TUNFSRHWOTWDNC,10.1155/2022/6727609,Bulbophyllum ipanemense_TUNFSRHWOTWDNC
5011,bulbophyllum variegatum,trimethylamine,Bulbophyllum variegatum,Bulbophyllum variegatum Thouars,GETQZCLCWQTVFV,10.1155/2022/6727609,Bulbophyllum variegatum_GETQZCLCWQTVFV
5047,bulbophyllum ambrosia,"2,5-dihydroxy-4-methoxy-9,10-dihydrophenanthrene",Bulbophyllum ambrosia,Bulbophyllum ambrosia (Hance) Schltr.,UZIPEBBTICXJHN,10.1155/2022/6727609,Bulbophyllum ambrosia_UZIPEBBTICXJHN
5048,bulbophyllum ambrosia,"3,7-dihydroxy-2,4-dimethoxyphenanthrene",Bulbophyllum ambrosia,Bulbophyllum ambrosia (Hance) Schltr.,VUNWBEIDIFFPMG,10.1155/2022/6727609,Bulbophyllum ambrosia_VUNWBEIDIFFPMG
5049,bulbophyllum ambrosia,rotundatin,Bulbophyllum ambrosia,Bulbophyllum ambrosia (Hance) Schltr.,FRNDIOQCIXBSFC,10.1155/2022/6727609,Bulbophyllum ambrosia_FRNDIOQCIXBSFC
5050,bulbophyllum ambrosia,"3,7-dihydroxy-2,4-dimethoxy-9,10-dihydrophenanthrene",Bulbophyllum ambrosia,Bulbophyllum ambrosia (Hance) Schltr.,SOHTUOALNFQEMJ,10.1155/2022/6727609,Bulbophyllum ambrosia_SOHTUOALNFQEMJ
5051,bulbophyllum ambrosia,ephemeranthol-a,Bulbophyllum ambrosia,Bulbophyllum ambrosia (Hance) Schltr.,AUIUZJOPXKYLOS,10.1155/2022/6727609,Bulbophyllum ambrosia_AUIUZJOPXKYLOS
5052,bulbophyllum ambrosia,"2,7-dihydroxy-3,4-dimethoxy-phenanthrene",Bulbophyllum ambrosia,Bulbophyllum ambrosia (Hance) Schltr.,JZIYNZGPIKGKQC,10.1155/2022/6727609,Bulbophyllum ambrosia_JZIYNZGPIKGKQC
5053,bulbophyllum ambrosia,"4′,5-dihydroxyl-3,3′-dimethoxybibenzyl",Bulbophyllum ambrosia,Bulbophyllum ambrosia (Hance) Schltr.,BMSPEISBKGSBTR,10.1155/2022/6727609,Bulbophyllum ambrosia_BMSPEISBKGSBTR
5054,bulbophyllum ambrosia,batatasin iii,Bulbophyllum ambrosia,Bulbophyllum ambrosia (Hance) Schltr.,VYQXIUVIYICVCM,10.1155/2022/6727609,Bulbophyllum ambrosia_VYQXIUVIYICVCM
5055,bulbophyllum ambrosia,moscatin,Bulbophyllum ambrosia,Bulbophyllum ambrosia (Hance) Schltr.,LVOCAIKGDCMNNK,10.1155/2022/6727609,Bulbophyllum ambrosia_LVOCAIKGDCMNNK
5056,bulbophyllum ambrosia,"2,4-dihydroxy-7-methoxy-9,10-dihydrophenanthrene",Bulbophyllum ambrosia,Bulbophyllum ambrosia (Hance) Schltr.,WWIKJVHFHYAUTF,10.1155/2022/6727609,Bulbophyllum ambrosia_WWIKJVHFHYAUTF
5057,bulbophyllum ambrosia,moscatilin,Bulbophyllum ambrosia,Bulbophyllum ambrosia (Hance) Schltr.,YTRAYUIKLRABOQ,10.1155/2022/6727609,Bulbophyllum ambrosia_YTRAYUIKLRABOQ
5064,bulbophyllum echinolabium,d-turanose,Bulbophyllum echinolabium,Bulbophyllum echinolabium J.J.Sm.,RULSWEULPANCDV,10.1155/2022/6727609,Bulbophyllum echinolabium_RULSWEULPANCDV
5068,bulbophyllum echinolabium,fructose,Bulbophyllum echinolabium,Bulbophyllum echinolabium J.J.Sm.,LKDRXBCSQODPBY,10.1155/2022/6727609,Bulbophyllum echinolabium_LKDRXBCSQODPBY
5071,bulbophyllum echinolabium,benzoic acid,Bulbophyllum echinolabium,Bulbophyllum echinolabium J.J.Sm.,WPYMKLBDIGXBTP,10.1155/2022/6727609,Bulbophyllum echinolabium_WPYMKLBDIGXBTP
5079,bulbophyllum echinolabium,glycerol 1-palmitate,Bulbophyllum echinolabium,Bulbophyllum echinolabium J.J.Sm.,QHZLMUACJMDIAE,10.1155/2022/6727609,Bulbophyllum echinolabium_QHZLMUACJMDIAE
5087,bulbophyllum echinolabium,1-monopalmitin,Bulbophyllum echinolabium,Bulbophyllum echinolabium J.J.Sm.,QHZLMUACJMDIAE,10.1155/2022/6727609,Bulbophyllum echinolabium_QHZLMUACJMDIAE
5095,bulbophyllum echinolabium,alpha-d-glucopyranoside,Bulbophyllum echinolabium,Bulbophyllum echinolabium J.J.Sm.,SZYSLWCAWVWFLT,10.1155/2022/6727609,Bulbophyllum echinolabium_SZYSLWCAWVWFLT
5101,bulbophyllum echinolabium,1-cyclohexene-1-carboxylic acid,Bulbophyllum echinolabium,Bulbophyllum echinolabium J.J.Sm.,NMEZJSDUZQOPFE,10.1155/2022/6727609,Bulbophyllum echinolabium_NMEZJSDUZQOPFE
5102,bulbophyllum echinolabium,"1,4-lactone",Bulbophyllum echinolabium,Bulbophyllum echinolabium J.J.Sm.,YEJRWHAVMIAJKC,10.1155/2022/6727609,Bulbophyllum echinolabium_YEJRWHAVMIAJKC
5104,nicotiana tabacum,alanine,Nicotiana tabacum,Nicotiana tabacum L.,QNAYBMKLOCPYGJ,10.1007/s11101-006-9031-3,Nicotiana tabacum_QNAYBMKLOCPYGJ
5105,nicotiana tabacum,quercetin,Nicotiana tabacum,Nicotiana tabacum L.,REFJWTPEDVJJIY,10.1007/s11101-006-9031-3,Nicotiana tabacum_REFJWTPEDVJJIY
5106,nicotiana tabacum,dmapp,Nicotiana tabacum,Nicotiana tabacum L.,CBIDRCWHNCKSTO,10.1007/s11101-006-9031-3,Nicotiana tabacum_CBIDRCWHNCKSTO
5111,nicotiana tabacum,gpp,Nicotiana tabacum,Nicotiana tabacum L.,GVVPGTZRZFNKDS,10.1007/s11101-006-9031-3,Nicotiana tabacum_GVVPGTZRZFNKDS
5113,nicotiana tabacum,(+)-7-isojasmonic acid,Nicotiana tabacum,Nicotiana tabacum L.,ZNJFBWYDHIGLCU,10.1007/s11101-006-9031-3,Nicotiana tabacum_ZNJFBWYDHIGLCU
5115,nicotiana tabacum,ascorbic acid,Nicotiana tabacum,Nicotiana tabacum L.,CIWBSHSKHKDKBQ,10.1007/s11101-006-9031-3,Nicotiana tabacum_CIWBSHSKHKDKBQ
5118,nicotiana tabacum,naringenin,Nicotiana tabacum,Nicotiana tabacum L.,FTVWIRXFELQLPI,10.1007/s11101-006-9031-3,Nicotiana tabacum_FTVWIRXFELQLPI
5119,nicotiana tabacum,glucose-6-p,Nicotiana tabacum,Nicotiana tabacum L.,NBSCHQHZLSJFNQ,10.1007/s11101-006-9031-3,Nicotiana tabacum_NBSCHQHZLSJFNQ
5120,nicotiana tabacum,malonic acid,Nicotiana tabacum,Nicotiana tabacum L.,OFOBLEOULBTSOW,10.1007/s11101-006-9031-3,Nicotiana tabacum_OFOBLEOULBTSOW
5122,nicotiana tabacum,dehydroascorbic acid,Nicotiana tabacum,Nicotiana tabacum L.,SBJKKFFYIZUCET,10.1007/s11101-006-9031-3,Nicotiana tabacum_SBJKKFFYIZUCET
5125,nicotiana tabacum,glutamine,Nicotiana tabacum,Nicotiana tabacum L.,ZDXPYRJPNDTMRX,10.1007/s11101-006-9031-3,Nicotiana tabacum_ZDXPYRJPNDTMRX
5127,nicotiana tabacum,isocitric acid,Nicotiana tabacum,Nicotiana tabacum L.,ODBLHEXUDAPZAU,10.1007/s11101-006-9031-3,Nicotiana tabacum_ODBLHEXUDAPZAU
5129,nicotiana tabacum,α-ketoglutaric acid,Nicotiana tabacum,Nicotiana tabacum L.,KPGXRSRHYNQIFN,10.1007/s11101-006-9031-3,Nicotiana tabacum_KPGXRSRHYNQIFN
5134,nicotiana tabacum,pyruvic acid,Nicotiana tabacum,Nicotiana tabacum L.,LCTONWCANYUPML,10.1007/s11101-006-9031-3,Nicotiana tabacum_LCTONWCANYUPML
5135,nicotiana tabacum,mevalonic acid,Nicotiana tabacum,Nicotiana tabacum L.,KJTLQQUUPVSXIM,10.1007/s11101-006-9031-3,Nicotiana tabacum_KJTLQQUUPVSXIM
5136,nicotiana tabacum,acetyl-coa,Nicotiana tabacum,Nicotiana tabacum L.,ZSLZBFCDCINBPY,10.1007/s11101-006-9031-3,Nicotiana tabacum_ZSLZBFCDCINBPY
5139,nicotiana tabacum,(-)-jasmonic acid,Nicotiana tabacum,Nicotiana tabacum L.,ZNJFBWYDHIGLCU,10.1007/s11101-006-9031-3,Nicotiana tabacum_ZNJFBWYDHIGLCU
5140,nicotiana tabacum,cinnamic acid,Nicotiana tabacum,Nicotiana tabacum L.,WBYWAXJHAXSJNI,10.1007/s11101-006-9031-3,Nicotiana tabacum_WBYWAXJHAXSJNI
5143,catharanthus roseus,dmapp,Catharanthus roseus,Catharanthus roseus (L.) G.Don,CBIDRCWHNCKSTO,10.1007/s11101-006-9031-3,Catharanthus roseus_CBIDRCWHNCKSTO
5147,catharanthus roseus,iridodial,Catharanthus roseus,Catharanthus roseus (L.) G.Don,HMCYXRFNNOPPPR,10.1007/s11101-006-9031-3,Catharanthus roseus_HMCYXRFNNOPPPR
5148,catharanthus roseus,1-deoxyxylulose-5-phosphate,Catharanthus roseus,Catharanthus roseus (L.) G.Don,AJPADPZSRRUGHI,10.1007/s11101-006-9031-3,Catharanthus roseus_AJPADPZSRRUGHI
5149,catharanthus roseus,5-dehydroshikimic acid,Catharanthus roseus,Catharanthus roseus (L.) G.Don,SLWWJZMPHJJOPH,10.1007/s11101-006-9031-3,Catharanthus roseus_SLWWJZMPHJJOPH
5151,catharanthus roseus,chlorogenic acid,Catharanthus roseus,Catharanthus roseus (L.) G.Don,CWVRJTMFETXNAD,10.1007/s11101-006-9031-3,Catharanthus roseus_CWVRJTMFETXNAD
5153,catharanthus roseus,iridotrial,Catharanthus roseus,Catharanthus roseus (L.) G.Don,JHNAOPCUAVPDKQ,10.1007/s11101-006-9031-3,Catharanthus roseus_JHNAOPCUAVPDKQ
5158,catharanthus roseus,5-dehydroquinic acid,Catharanthus roseus,Catharanthus roseus (L.) G.Don,WVMWZWGZRAXUBK,10.1007/s11101-006-9031-3,Catharanthus roseus_WVMWZWGZRAXUBK
5160,catharanthus roseus,geranyl diphosphate,Catharanthus roseus,Catharanthus roseus (L.) G.Don,GVVPGTZRZFNKDS,10.1007/s11101-006-9031-3,Catharanthus roseus_GVVPGTZRZFNKDS
5162,catharanthus roseus,shikimic acid,Catharanthus roseus,Catharanthus roseus (L.) G.Don,JXOHGGNKMLTUBP,10.1007/s11101-006-9031-3,Catharanthus roseus_JXOHGGNKMLTUBP
5163,catharanthus roseus,anthranilic acid,Catharanthus roseus,Catharanthus roseus (L.) G.Don,RWZYAGGXGHYGMB,10.1007/s11101-006-9031-3,Catharanthus roseus_RWZYAGGXGHYGMB
5165,catharanthus roseus,prephenic acid,Catharanthus roseus,Catharanthus roseus (L.) G.Don,FPWMCUPFBRFMLH,10.1007/s11101-006-9031-3,Catharanthus roseus_FPWMCUPFBRFMLH
5205,stevia satureiifolia var. satureiifolia,5-desmethylsinensetin,Stevia satureiifolia,Stevia satureiifolia (Lam.) Cav.,QEWSAPKRFOFQIU,10.3390/molecules26092733,Stevia satureiifolia_QEWSAPKRFOFQIU
5208,stevia serrata,(e)-nerolidol,Stevia serrata,Stevia serrata Cav.,FQTLCLSUCSAZDY,10.3390/molecules26092733,Stevia serrata_FQTLCLSUCSAZDY
5209,stevia serrata,germacrene d,Stevia serrata,Stevia serrata Cav.,GAIBLDCXCZKKJE,10.3390/molecules26092733,Stevia serrata_GAIBLDCXCZKKJE
5210,stevia serrata,caryophyllene oxide,Stevia serrata,Stevia serrata Cav.,NVEQFIOZRFFVFW,10.3390/molecules26092733,Stevia serrata_NVEQFIOZRFFVFW
5211,stevia urticifolia,hispidulin,Stevia urticifolia,Stevia urticifolia Thunb.,IHFBPDAQLQOCBX,10.3390/molecules26092733,Stevia urticifolia_IHFBPDAQLQOCBX
5212,stevia urticifolia,nepetin,Stevia urticifolia,Stevia urticifolia Thunb.,FHHSEFRSDKWJKJ,10.3390/molecules26092733,Stevia urticifolia_FHHSEFRSDKWJKJ
5213,stevia urticifolia,quercetin,Stevia urticifolia,Stevia urticifolia Thunb.,REFJWTPEDVJJIY,10.3390/molecules26092733,Stevia urticifolia_REFJWTPEDVJJIY
5214,stevia subpubescens var. subpubescens,ermanin,Stevia subpubescens var. subpubescens,Stevia subpubescens var. subpubescens,RJCJVIFSIXKSAH,10.3390/molecules26092733,Stevia subpubescens var. subpubescens_RJCJVIFSIXKSAH
5215,stevia subpubescens var. subpubescens,ayanin,Stevia subpubescens var. subpubescens,Stevia subpubescens var. subpubescens,KPCRYSMUMBNTCK,10.3390/molecules26092733,Stevia subpubescens var. subpubescens_KPCRYSMUMBNTCK
5216,stevia subpubescens var. subpubescens,stigmasterol,Stevia subpubescens var. subpubescens,Stevia subpubescens var. subpubescens,HCXVJBMSMIARIN,10.3390/molecules26092733,Stevia subpubescens var. subpubescens_HCXVJBMSMIARIN
5217,stevia subpubescens var. subpubescens,sakuranetin,Stevia subpubescens var. subpubescens,Stevia subpubescens var. subpubescens,DJOJDHGQRNZXQQ,10.3390/molecules26092733,Stevia subpubescens var. subpubescens_DJOJDHGQRNZXQQ
5218,stevia subpubescens var. subpubescens,scoparone,Stevia subpubescens var. subpubescens,Stevia subpubescens var. subpubescens,GUAFOGOEJLSQBT,10.3390/molecules26092733,Stevia subpubescens var. subpubescens_GUAFOGOEJLSQBT
5219,stevia subpubescens var. subpubescens,labdanolic acid,Stevia subpubescens var. subpubescens,Stevia subpubescens var. subpubescens,KHCCSRVJJDOANA,10.3390/molecules26092733,Stevia subpubescens var. subpubescens_KHCCSRVJJDOANA
5220,stevia subpubescens var. subpubescens,melilotoside,Stevia subpubescens var. subpubescens,Stevia subpubescens var. subpubescens,GVRIYIMNJGULCZ,10.3390/molecules26092733,Stevia subpubescens var. subpubescens_GVRIYIMNJGULCZ
5221,stevia subpubescens var. subpubescens,hyperin,Stevia subpubescens var. subpubescens,Stevia subpubescens var. subpubescens,OVSQVDMCBVZWGM,10.3390/molecules26092733,Stevia subpubescens var. subpubescens_OVSQVDMCBVZWGM
5222,stevia jorullensis,stigmasterol,Stevia jorullensis,Stevia jorullensis Kunth,HCXVJBMSMIARIN,10.3390/molecules26092733,Stevia jorullensis_HCXVJBMSMIARIN
5223,stevia jorullensis,chlorogenic acid,Stevia jorullensis,Stevia jorullensis Kunth,CWVRJTMFETXNAD,10.3390/molecules26092733,Stevia jorullensis_CWVRJTMFETXNAD
5224,stevia jorullensis,"11β,13-dihydrocostunolide",Stevia jorullensis,Stevia jorullensis Kunth,NVKPIHNJIZGFRA,10.3390/molecules26092733,Stevia jorullensis_NVKPIHNJIZGFRA
5225,stevia jorullensis,β-sitosterol,Stevia jorullensis,Stevia jorullensis Kunth,KZJWDPNRJALLNS,10.3390/molecules26092733,Stevia jorullensis_KZJWDPNRJALLNS
5226,stevia lucida,alantolactone,Stevia lucida,Stevia lucida Lag.,PXOYOCNNSUAQNS,10.3390/molecules26092733,Stevia lucida_PXOYOCNNSUAQNS
5227,stevia lucida,isoalantolactone,Stevia lucida,Stevia lucida Lag.,CVUANYCQTOGILD,10.3390/molecules26092733,Stevia lucida_CVUANYCQTOGILD
5228,sanguisorba officinalis l,p-coumaroylquinic acid,Sanguisorba officinalis,Sanguisorba officinalis L.,BMRSEYFENKXDIS,10.5073/jabfq.2021.094.011,Sanguisorba officinalis_BMRSEYFENKXDIS
5229,sanguisorba officinalis l,l-tryptophan,Sanguisorba officinalis,Sanguisorba officinalis L.,QIVBCDIJIAJPQS,10.5073/jabfq.2021.094.011,Sanguisorba officinalis_QIVBCDIJIAJPQS
5230,sanguisorba officinalis l,quercetin-3-o-arabinoside,Sanguisorba officinalis,Sanguisorba officinalis L.,PZZRDJXEMZMZFD,10.5073/jabfq.2021.094.011,Sanguisorba officinalis_PZZRDJXEMZMZFD
5232,sanguisorba officinalis l,palmitic acid,Sanguisorba officinalis,Sanguisorba officinalis L.,IPCSVZSSVZVIGE,10.5073/jabfq.2021.094.011,Sanguisorba officinalis_IPCSVZSSVZVIGE
5233,sanguisorba officinalis l,procyanidin,Sanguisorba officinalis,Sanguisorba officinalis L.,HGVVOUNEGQIPMS,10.5073/jabfq.2021.094.011,Sanguisorba officinalis_HGVVOUNEGQIPMS
5234,sanguisorba officinalis l,linolenic acid,Sanguisorba officinalis,Sanguisorba officinalis L.,DTOSIQBPPRVQHS,10.5073/jabfq.2021.094.011,Sanguisorba officinalis_DTOSIQBPPRVQHS
5235,sanguisorba officinalis l,behenic acid,Sanguisorba officinalis,Sanguisorba officinalis L.,UKMSUNONTOPOIO,10.5073/jabfq.2021.094.011,Sanguisorba officinalis_UKMSUNONTOPOIO
5236,sanguisorba officinalis l,isoquercetrin,Sanguisorba officinalis,Sanguisorba officinalis L.,FZKBNCDAGYDHTP,10.5073/jabfq.2021.094.011,Sanguisorba officinalis_FZKBNCDAGYDHTP
5237,sanguisorba officinalis l,ellagic acid,Sanguisorba officinalis,Sanguisorba officinalis L.,AFSDNFLWKVMVRB,10.5073/jabfq.2021.094.011,Sanguisorba officinalis_AFSDNFLWKVMVRB
5238,sanguisorba officinalis l,1-o-caffeoylquinic acid,Sanguisorba officinalis,Sanguisorba officinalis L.,GWTUHAXUUFROTF,10.5073/jabfq.2021.094.011,Sanguisorba officinalis_GWTUHAXUUFROTF
5239,sanguisorba officinalis l,arachidic acid,Sanguisorba officinalis,Sanguisorba officinalis L.,VKOBVWXKNCXXDE,10.5073/jabfq.2021.094.011,Sanguisorba officinalis_VKOBVWXKNCXXDE
5240,sanguisorba officinalis l,linoleic acid,Sanguisorba officinalis,Sanguisorba officinalis L.,OYHQOLUKZRVURQ,10.5073/jabfq.2021.094.011,Sanguisorba officinalis_OYHQOLUKZRVURQ
5241,sanguisorba officinalis l,oleic acid,Sanguisorba officinalis,Sanguisorba officinalis L.,ZQPPMHVWECSIRJ,10.5073/jabfq.2021.094.011,Sanguisorba officinalis_ZQPPMHVWECSIRJ
5242,sanguisorba officinalis l,stearic acid,Sanguisorba officinalis,Sanguisorba officinalis L.,QIQXTHQIDYTFRH,10.5073/jabfq.2021.094.011,Sanguisorba officinalis_QIQXTHQIDYTFRH
5245,sanguisorba officinalis l,trigalloyl hexose,Sanguisorba officinalis,Sanguisorba officinalis L.,HUHUEVMZAZKWTM,10.5073/jabfq.2021.094.011,Sanguisorba officinalis_HUHUEVMZAZKWTM
5246,saccharum officinarum,morphine,Saccharum officinarum,Saccharum officinarum L.,BQJCRHHNABKAKU,10.5772/33694,Saccharum officinarum_BQJCRHHNABKAKU
5247,saccharum officinarum,distylin,Saccharum officinarum,Saccharum officinarum L.,CXQWRCVTCMQVQX,10.5772/33694,Saccharum officinarum_CXQWRCVTCMQVQX
5248,saccharum officinarum,rutin,Saccharum officinarum,Saccharum officinarum L.,IKGXIBQEEMLURG,10.5772/33694,Saccharum officinarum_IKGXIBQEEMLURG
5249,saccharum officinarum,papaverine,Saccharum officinarum,Saccharum officinarum L.,XQYZDYMELSJDRZ,10.5772/33694,Saccharum officinarum_XQYZDYMELSJDRZ
5250,leersia hexandra,morphine,Leersia hexandra,Leersia hexandra Sw.,BQJCRHHNABKAKU,10.5772/33694,Leersia hexandra_BQJCRHHNABKAKU
5251,leersia hexandra,distylin,Leersia hexandra,Leersia hexandra Sw.,CXQWRCVTCMQVQX,10.5772/33694,Leersia hexandra_CXQWRCVTCMQVQX
5252,leersia hexandra,rutin,Leersia hexandra,Leersia hexandra Sw.,IKGXIBQEEMLURG,10.5772/33694,Leersia hexandra_IKGXIBQEEMLURG
5253,leersia hexandra,papaverine,Leersia hexandra,Leersia hexandra Sw.,XQYZDYMELSJDRZ,10.5772/33694,Leersia hexandra_XQYZDYMELSJDRZ
5260,centrosema pubescens,sterols,Centrosema pubescens,Centrosema pubescens Benth.,FPXSXMFOYWRHDX,10.5772/33694,Centrosema pubescens_FPXSXMFOYWRHDX
5262,parinari curatellaefolia,sterols,Parinari curatellifolia,Parinari curatellifolia Planch. ex Benth.,FPXSXMFOYWRHDX,10.5772/33694,Parinari curatellifolia_FPXSXMFOYWRHDX
5264,anthocleista djalonensis,sterols,Anthocleista djalonensis,Anthocleista djalonensis A.Chev.,FPXSXMFOYWRHDX,10.5772/33694,Anthocleista djalonensis_FPXSXMFOYWRHDX
5266,hygrophila auriculata,sterols,Hygrophila auriculata,Hygrophila auriculata (Schumach.) Heine,FPXSXMFOYWRHDX,10.5772/33694,Hygrophila auriculata_FPXSXMFOYWRHDX
5268,dacryodes edulis,sterols,Pachylobus edulis,Pachylobus edulis G.Don,FPXSXMFOYWRHDX,10.5772/33694,Pachylobus edulis_FPXSXMFOYWRHDX
5269,chromolaena odorata,cephalosporin,Chromolaena odorata,Chromolaena odorata (L.) R.M.King & H.Rob.,JGKXEMYIHDYWCZ,10.5772/33694,Chromolaena odorata_JGKXEMYIHDYWCZ
5270,chromolaena odorata,penicillin,Chromolaena odorata,Chromolaena odorata (L.) R.M.King & H.Rob.,JGSARLDLIJGVTE,10.5772/33694,Chromolaena odorata_JGSARLDLIJGVTE
5271,chromolaena odorata,gentamycins,Chromolaena odorata,Chromolaena odorata (L.) R.M.King & H.Rob.,CEAZRRDELHUEMR,10.5772/33694,Chromolaena odorata_CEAZRRDELHUEMR
5272,acalypha wilkesiana,cephalosporin,Acalypha wilkesiana,Acalypha wilkesiana Müll.Arg.,JGKXEMYIHDYWCZ,10.5772/33694,Acalypha wilkesiana_JGKXEMYIHDYWCZ
5273,acalypha wilkesiana,penicillin,Acalypha wilkesiana,Acalypha wilkesiana Müll.Arg.,JGSARLDLIJGVTE,10.5772/33694,Acalypha wilkesiana_JGSARLDLIJGVTE
5274,acalypha wilkesiana,gentamycins,Acalypha wilkesiana,Acalypha wilkesiana Müll.Arg.,CEAZRRDELHUEMR,10.5772/33694,Acalypha wilkesiana_CEAZRRDELHUEMR
5275,acalypha hispida,cephalosporin,Acalypha hispida,Acalypha hispida Burm.f.,JGKXEMYIHDYWCZ,10.5772/33694,Acalypha hispida_JGKXEMYIHDYWCZ
5276,acalypha hispida,penicillin,Acalypha hispida,Acalypha hispida Burm.f.,JGSARLDLIJGVTE,10.5772/33694,Acalypha hispida_JGSARLDLIJGVTE
5277,acalypha hispida,gentamycins,Acalypha hispida,Acalypha hispida Burm.f.,CEAZRRDELHUEMR,10.5772/33694,Acalypha hispida_CEAZRRDELHUEMR
5278,mundulea sericera,cephalosporin,Mundulea sericea,Mundulea sericea (Willd.) A.Chev.,JGKXEMYIHDYWCZ,10.5772/33694,Mundulea sericea_JGKXEMYIHDYWCZ
5279,mundulea sericera,penicillin,Mundulea sericea,Mundulea sericea (Willd.) A.Chev.,JGSARLDLIJGVTE,10.5772/33694,Mundulea sericea_JGSARLDLIJGVTE
5280,mundulea sericera,gentamycins,Mundulea sericea,Mundulea sericea (Willd.) A.Chev.,CEAZRRDELHUEMR,10.5772/33694,Mundulea sericea_CEAZRRDELHUEMR
5282,rauwolfia vomitoria,phenacetin,Citharexylum,Citharexylum B.Juss.,CPJSUEIXXCENMM,10.5772/33694,Citharexylum_CPJSUEIXXCENMM
5283,alstonia boonei,phenacetin,Alstonia boonei,Alstonia boonei De Wild.,CPJSUEIXXCENMM,10.5772/33694,Alstonia boonei_CPJSUEIXXCENMM
5284,cinchona officinalis,phenacetin,Cinchona officinalis,Cinchona officinalis L.,CPJSUEIXXCENMM,10.5772/33694,Cinchona officinalis_CPJSUEIXXCENMM
5285,polyalthia suaveolens,phenacetin,Greenwayodendron suaveolens,Greenwayodendron suaveolens (Engl. & Diels) Verdc.,CPJSUEIXXCENMM,10.5772/33694,Greenwayodendron suaveolens_CPJSUEIXXCENMM
5290,haemanthus multiflorus,caffein,Scadoxus multiflorus,Scadoxus multiflorus (Martyn) Raf.,RYYVLZVUVIJVGH,10.5772/33694,Scadoxus multiflorus_RYYVLZVUVIJVGH
5291,haemanthus multiflorus,nicotine,Scadoxus multiflorus,Scadoxus multiflorus (Martyn) Raf.,SNICXCGAKADSCV,10.5772/33694,Scadoxus multiflorus_SNICXCGAKADSCV
5292,lagerstroemia speciosa,caffein,Lagerstroemia speciosa,Lagerstroemia speciosa (L.) Martyn,RYYVLZVUVIJVGH,10.5772/33694,Lagerstroemia speciosa_RYYVLZVUVIJVGH
5293,lagerstroemia speciosa,nicotine,Lagerstroemia speciosa,Lagerstroemia speciosa (L.) Martyn,SNICXCGAKADSCV,10.5772/33694,Lagerstroemia speciosa_SNICXCGAKADSCV
5294,vitex cryosocarpa,caffein,Vitex,Vitex L.,RYYVLZVUVIJVGH,10.5772/33694,Vitex_RYYVLZVUVIJVGH
5295,vitex cryosocarpa,nicotine,Vitex,Vitex L.,SNICXCGAKADSCV,10.5772/33694,Vitex_SNICXCGAKADSCV
5296,leucaena glauca,caffein,Acaciella glauca,Acaciella glauca (L.) L.Rico,RYYVLZVUVIJVGH,10.5772/33694,Acaciella glauca_RYYVLZVUVIJVGH
5297,leucaena glauca,nicotine,Acaciella glauca,Acaciella glauca (L.) L.Rico,SNICXCGAKADSCV,10.5772/33694,Acaciella glauca_SNICXCGAKADSCV
5299,cola acuminata,nicotine,Cola acuminata,Cola acuminata (P.Beauv.) Schott & Endl.,SNICXCGAKADSCV,10.5772/33694,Cola acuminata_SNICXCGAKADSCV
5300,hedranthera barteri,saikosaponins,Callichilia barteri,Callichilia barteri (Hook.f.) Stapf,KYWSCMDFVARMPN,10.5772/33694,Callichilia barteri_KYWSCMDFVARMPN
5301,bambusa vulgaris,saikosaponins,Bambusa vulgaris,Bambusa vulgaris Schrad. ex J.C.Wendl.,KYWSCMDFVARMPN,10.5772/33694,Bambusa vulgaris_KYWSCMDFVARMPN
5302,dissotis rotundifolia,saikosaponins,Heterotis rotundifolia,Heterotis rotundifolia (Sm.) Jacq.-Fél.,KYWSCMDFVARMPN,10.5772/33694,Heterotis rotundifolia_KYWSCMDFVARMPN
5303,voacanga africana,reserpine,Voacanga africana,Voacanga africana Stapf,QEVHRUUCFGRFIF,10.5772/33694,Voacanga africana_QEVHRUUCFGRFIF
5304,tapinanthus bangwensis,reserpine,Tapinanthus bangwensis,Tapinanthus bangwensis (Engl. & K.Krause) Danser,QEVHRUUCFGRFIF,10.5772/33694,Tapinanthus bangwensis_QEVHRUUCFGRFIF
5305,adenia cissampeloides,reserpine,Adenia cissampeloides,Adenia cissampeloides (Planch. ex Hook.) Harms,QEVHRUUCFGRFIF,10.5772/33694,Adenia cissampeloides_QEVHRUUCFGRFIF
5315,moringa oleifera lam,stigmasterol,Moringa oleifera,Moringa oleifera Lam.,HCXVJBMSMIARIN,10.15562/phytomedicine.2018.71,Moringa oleifera_HCXVJBMSMIARIN
5317,moringa oleifera lam,pterygospermin,Moringa oleifera,Moringa oleifera Lam.,OGWNPNIRZURLGD,10.15562/phytomedicine.2018.71,Moringa oleifera_OGWNPNIRZURLGD
5318,moringa oleifera lam,glucuronic acid,Moringa oleifera,Moringa oleifera Lam.,AEMOLEFTQBMNLQ,10.15562/phytomedicine.2018.71,Moringa oleifera_AEMOLEFTQBMNLQ
5319,moringa oleifera lam,isoquercitrin,Moringa oleifera,Moringa oleifera Lam.,OPJZLUXFQFQYAI,10.15562/phytomedicine.2018.71,Moringa oleifera_OPJZLUXFQFQYAI
5321,moringa oleifera lam,xylose,Moringa oleifera,Moringa oleifera Lam.,SRBFZHDQGSBBOR,10.15562/phytomedicine.2018.71,Moringa oleifera_SRBFZHDQGSBBOR
5322,moringa oleifera lam,l-galactose,Moringa oleifera,Moringa oleifera Lam.,GZCGUPFRVQAUEE,10.15562/phytomedicine.2018.71,Moringa oleifera_GZCGUPFRVQAUEE
5326,moringa oleifera lam,l-rhamnose,Moringa oleifera,Moringa oleifera Lam.,SHZGCJCMOBCMKK,10.15562/phytomedicine.2018.71,Moringa oleifera_SHZGCJCMOBCMKK
5331,moringa oleifera lam,l-arabinose,Moringa oleifera,Moringa oleifera Lam.,SRBFZHDQGSBBOR,10.15562/phytomedicine.2018.71,Moringa oleifera_SRBFZHDQGSBBOR
5333,rosa damascena mill,quercetin 3-o-glucosyl-xyloside,Rosa,Rosa L.,ZFGBNYDDAJMWAZ,10.14719/pst.8344,Rosa_ZFGBNYDDAJMWAZ
5336,rosa damascena mill,violaxanthin,Rosa,Rosa L.,SZCBXWMUOPQSOX,10.14719/pst.8344,Rosa_SZCBXWMUOPQSOX
5338,rosa damascena mill,lutein,Rosa,Rosa L.,KBPHJBAIARWVSC,10.14719/pst.8344,Rosa_KBPHJBAIARWVSC
5342,rosa damascena mill,lutein epoxide,Rosa,Rosa L.,DYUUPIKEWLHQGQ,10.14719/pst.8344,Rosa_DYUUPIKEWLHQGQ
5343,rosa damascena mill,"cyanidin 3,5-diglucoside",Rosa,Rosa L.,MVCZYIINCNBXDB,10.14719/pst.8344,Rosa_MVCZYIINCNBXDB
5346,rosa damascena mill,zeaxanthin,Rosa,Rosa L.,JKQXZKUSFCKOGQ,10.14719/pst.8344,Rosa_JKQXZKUSFCKOGQ
5347,rosa damascena mill,gallic acid,Rosa,Rosa L.,LNTHITQWFMADLM,10.14719/pst.8344,Rosa_LNTHITQWFMADLM
5351,rosa damascena mill,β-ionone,Rosa,Rosa L.,PSQYTAPXSHCGMF,10.14719/pst.8344,Rosa_PSQYTAPXSHCGMF
5352,rosa damascena mill,β-damascone,Rosa,Rosa L.,BGTBFNDXYDYBEY,10.14719/pst.8344,Rosa_BGTBFNDXYDYBEY
5354,rosa damascena mill,"pelargonidin 3,5-diglucoside",Rosa,Rosa L.,DIRROHKULXIUCB,10.14719/pst.8344,Rosa_DIRROHKULXIUCB
5356,rosa damascena mill,geranic acid,Rosa,Rosa L.,ZHYZQXUYZJNEHD,10.14719/pst.8344,Rosa_ZHYZQXUYZJNEHD
5364,cascabela thevetia,theveneriin,Cascabela thevetia,Cascabela thevetia (L.) Lippold,OUNJIPXPCNNRQO,10.55544/jrasb.3.5.22,Cascabela thevetia_OUNJIPXPCNNRQO
5366,cascabela thevetia,eugenol,Cascabela thevetia,Cascabela thevetia (L.) Lippold,RRAFCDWBNXTKKO,10.55544/jrasb.3.5.22,Cascabela thevetia_RRAFCDWBNXTKKO
5370,cascabela thevetia,hesperetin-7-glucoside,Cascabela thevetia,Cascabela thevetia (L.) Lippold,ADSYMQORONDIDD,10.55544/jrasb.3.5.22,Cascabela thevetia_ADSYMQORONDIDD
5378,cascabela thevetia,oleandrin,Cascabela thevetia,Cascabela thevetia (L.) Lippold,JLPDBLFIVFSOCC,10.55544/jrasb.3.5.22,Cascabela thevetia_JLPDBLFIVFSOCC
5381,rhynchosia beddomei,d-pinitol,Rhynchosia beddomei,Rhynchosia beddomei Baker,DSCFFEYYQKSRSV,10.1007/s00425-019-03311-2,Rhynchosia beddomei_DSCFFEYYQKSRSV
5389,rhynchosia beddomei,biochanin a,Rhynchosia beddomei,Rhynchosia beddomei Baker,WUADCCWRTIWANL,10.1007/s00425-019-03311-2,Rhynchosia beddomei_WUADCCWRTIWANL
5395,rhynchosia heynei,lucenin-2,Rhynchosia heynei,Rhynchosia heynei Wight & Arn.,ZLPSOQFIIQIIAX,10.1007/s00425-019-03311-2,Rhynchosia heynei_ZLPSOQFIIQIIAX
5398,rhynchosia heynei,apigenin,Rhynchosia heynei,Rhynchosia heynei Wight & Arn.,KZNIFHPLKGYRTM,10.1007/s00425-019-03311-2,Rhynchosia heynei_KZNIFHPLKGYRTM
5402,rhynchosia rothii,lucenin-2,Rhynchosia rothii,Rhynchosia rothii Benth. ex Aitch.,ZLPSOQFIIQIIAX,10.1007/s00425-019-03311-2,Rhynchosia rothii_ZLPSOQFIIQIIAX
5404,rhynchosia rothii,apigenin,Rhynchosia rothii,Rhynchosia rothii Benth. ex Aitch.,KZNIFHPLKGYRTM,10.1007/s00425-019-03311-2,Rhynchosia rothii_KZNIFHPLKGYRTM
5409,rhynchosia suaveolens,vanillic acid,Rhynchosia suaveolens,Rhynchosia suaveolens (L.f.) DC.,WKOLLVMJNQIZCI,10.1007/s00425-019-03311-2,Rhynchosia suaveolens_WKOLLVMJNQIZCI
5414,rhynchosia suaveolens,"2-hydroxy-3,4-dimethoxybenzophenone",Rhynchosia suaveolens,Rhynchosia suaveolens (L.f.) DC.,IUXVLNXXUCZUMI,10.1007/s00425-019-03311-2,Rhynchosia suaveolens_IUXVLNXXUCZUMI
5416,rhynchosia volubilis,diadzein,Rhynchosia volubilis,Rhynchosia volubilis Lour.,ZQSIJRDFPHDXIC,10.1007/s00425-019-03311-2,Rhynchosia volubilis_ZQSIJRDFPHDXIC
5417,rhynchosia volubilis,calycosin,Rhynchosia volubilis,Rhynchosia volubilis Lour.,ZZAJQOPSWWVMBI,10.1007/s00425-019-03311-2,Rhynchosia volubilis_ZZAJQOPSWWVMBI
5418,rhynchosia volubilis,luteolin-7-o-β-d-glucopyranoside,Rhynchosia volubilis,Rhynchosia volubilis Lour.,PEFNSGRTCBGNAN,10.1007/s00425-019-03311-2,Rhynchosia volubilis_PEFNSGRTCBGNAN
5421,rhynchosia volubilis,tricin,Rhynchosia volubilis,Rhynchosia volubilis Lour.,HRGUSFBJBOKSML,10.1007/s00425-019-03311-2,Rhynchosia volubilis_HRGUSFBJBOKSML
5422,rhynchosia volubilis,quercetin,Rhynchosia volubilis,Rhynchosia volubilis Lour.,REFJWTPEDVJJIY,10.1007/s00425-019-03311-2,Rhynchosia volubilis_REFJWTPEDVJJIY
5423,rhynchosia volubilis,cajanone,Rhynchosia volubilis,Rhynchosia volubilis Lour.,BAKSOIVZFARRJC,10.1007/s00425-019-03311-2,Rhynchosia volubilis_BAKSOIVZFARRJC
5424,rhynchosia volubilis,kaempferol,Rhynchosia volubilis,Rhynchosia volubilis Lour.,IYRMWMYZSQPJKC,10.1007/s00425-019-03311-2,Rhynchosia volubilis_IYRMWMYZSQPJKC
5427,rhynchosia volubilis,apigenin-7-o-β-d-glucopyranoside,Rhynchosia volubilis,Rhynchosia volubilis Lour.,KMOUJOKENFFTPU,10.1007/s00425-019-03311-2,Rhynchosia volubilis_KMOUJOKENFFTPU
5428,rhynchosia volubilis,biochanin a,Rhynchosia volubilis,Rhynchosia volubilis Lour.,WUADCCWRTIWANL,10.1007/s00425-019-03311-2,Rhynchosia volubilis_WUADCCWRTIWANL
5430,rhynchosia volubilis,epicatechin,Rhynchosia volubilis,Rhynchosia volubilis Lour.,PFTAWBLQPZVEMU,10.1007/s00425-019-03311-2,Rhynchosia volubilis_PFTAWBLQPZVEMU
5437,rhynchosia bracteata,isovitexin,Rhynchosia bracteata,Rhynchosia bracteata Benth. ex Baker,MYXNWGACZJSMBT,10.1007/s00425-019-03311-2,Rhynchosia bracteata_MYXNWGACZJSMBT
5438,rhynchosia bracteata,isoorientin,Rhynchosia bracteata,Rhynchosia bracteata Benth. ex Baker,ODBRNZZJSYPIDI,10.1007/s00425-019-03311-2,Rhynchosia bracteata_ODBRNZZJSYPIDI
5439,rhynchosia bracteata,lucenin-2,Rhynchosia bracteata,Rhynchosia bracteata Benth. ex Baker,ZLPSOQFIIQIIAX,10.1007/s00425-019-03311-2,Rhynchosia bracteata_ZLPSOQFIIQIIAX
5440,rhynchosia bracteata,orientin,Rhynchosia bracteata,Rhynchosia bracteata Benth. ex Baker,PLAPMLGJVGLZOV,10.1007/s00425-019-03311-2,Rhynchosia bracteata_PLAPMLGJVGLZOV
5441,rhynchosia bracteata,vitexin,Rhynchosia bracteata,Rhynchosia bracteata Benth. ex Baker,SGEWCQFRYRRZDC,10.1007/s00425-019-03311-2,Rhynchosia bracteata_SGEWCQFRYRRZDC
5442,rhynchosia bracteata,vicenin-2,Rhynchosia bracteata,Rhynchosia bracteata Benth. ex Baker,FIAAVMJLAGNUKW,10.1007/s00425-019-03311-2,Rhynchosia bracteata_FIAAVMJLAGNUKW
5443,rhynchosia sublobata,isovitexin,Rhynchosia sublobata,Rhynchosia sublobata (Schumach.) Meikle,MYXNWGACZJSMBT,10.1007/s00425-019-03311-2,Rhynchosia sublobata_MYXNWGACZJSMBT
5444,rhynchosia sublobata,isoorientin,Rhynchosia sublobata,Rhynchosia sublobata (Schumach.) Meikle,ODBRNZZJSYPIDI,10.1007/s00425-019-03311-2,Rhynchosia sublobata_ODBRNZZJSYPIDI
5445,rhynchosia sublobata,lucenin-2,Rhynchosia sublobata,Rhynchosia sublobata (Schumach.) Meikle,ZLPSOQFIIQIIAX,10.1007/s00425-019-03311-2,Rhynchosia sublobata_ZLPSOQFIIQIIAX
5446,rhynchosia sublobata,orientin,Rhynchosia sublobata,Rhynchosia sublobata (Schumach.) Meikle,PLAPMLGJVGLZOV,10.1007/s00425-019-03311-2,Rhynchosia sublobata_PLAPMLGJVGLZOV
5447,rhynchosia sublobata,vitexin,Rhynchosia sublobata,Rhynchosia sublobata (Schumach.) Meikle,SGEWCQFRYRRZDC,10.1007/s00425-019-03311-2,Rhynchosia sublobata_SGEWCQFRYRRZDC
5448,rhynchosia sublobata,vicenin-2,Rhynchosia sublobata,Rhynchosia sublobata (Schumach.) Meikle,FIAAVMJLAGNUKW,10.1007/s00425-019-03311-2,Rhynchosia sublobata_FIAAVMJLAGNUKW
5459,rhynchosia minima,hydroquinone diacetate,Rhynchosia minima,Rhynchosia minima (L.) DC.,AKOGNYJNGMLDOA,10.1007/s00425-019-03311-2,Rhynchosia minima_AKOGNYJNGMLDOA
5460,rhynchosia minima,gallic acid,Rhynchosia minima,Rhynchosia minima (L.) DC.,LNTHITQWFMADLM,10.1007/s00425-019-03311-2,Rhynchosia minima_LNTHITQWFMADLM
5463,rhynchosia minima,protocatechuic acid,Rhynchosia minima,Rhynchosia minima (L.) DC.,YQUVCSBJEUQKSH,10.1007/s00425-019-03311-2,Rhynchosia minima_YQUVCSBJEUQKSH
5468,rhynchosia minima,β-sitosterol,Rhynchosia minima,Rhynchosia minima (L.) DC.,KZJWDPNRJALLNS,10.1007/s00425-019-03311-2,Rhynchosia minima_KZJWDPNRJALLNS
5471,rhynchosia minima,ethyl gallate,Rhynchosia minima,Rhynchosia minima (L.) DC.,VFPFQHQNJCMNBZ,10.1007/s00425-019-03311-2,Rhynchosia minima_VFPFQHQNJCMNBZ
5475,rhynchosia sericea,vicenin-3,Galactia glaucophylla,Galactia glaucophylla Harms,MMDUKUSNQNWVET,10.1007/s00425-019-03311-2,Galactia glaucophylla_MMDUKUSNQNWVET
5476,rhynchosia sericea,orientin,Galactia glaucophylla,Galactia glaucophylla Harms,PLAPMLGJVGLZOV,10.1007/s00425-019-03311-2,Galactia glaucophylla_PLAPMLGJVGLZOV
5478,rhynchosia sericea,vicenin-2,Galactia glaucophylla,Galactia glaucophylla Harms,FIAAVMJLAGNUKW,10.1007/s00425-019-03311-2,Galactia glaucophylla_FIAAVMJLAGNUKW
5479,rhynchosia jacobii,vicenin-1,Rhynchosia jacobii,Rhynchosia jacobii Chandrab. & B.V.Shetty,OVMFOVNOXASTPA,10.1007/s00425-019-03311-2,Rhynchosia jacobii_OVMFOVNOXASTPA
5481,rhynchosia jacobii,isoorientin,Rhynchosia jacobii,Rhynchosia jacobii Chandrab. & B.V.Shetty,ODBRNZZJSYPIDI,10.1007/s00425-019-03311-2,Rhynchosia jacobii_ODBRNZZJSYPIDI
5482,rhynchosia jacobii,orientin,Rhynchosia jacobii,Rhynchosia jacobii Chandrab. & B.V.Shetty,PLAPMLGJVGLZOV,10.1007/s00425-019-03311-2,Rhynchosia jacobii_PLAPMLGJVGLZOV
5484,rhynchosia jacobii,vicenin-2,Rhynchosia jacobii,Rhynchosia jacobii Chandrab. & B.V.Shetty,FIAAVMJLAGNUKW,10.1007/s00425-019-03311-2,Rhynchosia jacobii_FIAAVMJLAGNUKW
5485,rhynchosia cyanosperma,vanillic acid,Rhynchosia hirta,Rhynchosia hirta (Andrews) Meikle & Verdc.,WKOLLVMJNQIZCI,10.1007/s00425-019-03311-2,Rhynchosia hirta_WKOLLVMJNQIZCI
5491,rhynchosia viscosa,genistein,Rhynchosia viscosa,Rhynchosia viscosa DC.,TZBJGXHYKVUXJN,10.1007/s00425-019-03311-2,Rhynchosia viscosa_TZBJGXHYKVUXJN
5492,rhynchosia viscosa,sophoraisoflavone a,Rhynchosia viscosa,Rhynchosia viscosa DC.,RIDRQWKYWXHAOD,10.1007/s00425-019-03311-2,Rhynchosia viscosa_RIDRQWKYWXHAOD
5493,rhynchosia viscosa,licoisoflavone a,Rhynchosia viscosa,Rhynchosia viscosa DC.,KCUZCRLRQVRBBV,10.1007/s00425-019-03311-2,Rhynchosia viscosa_KCUZCRLRQVRBBV
5494,rhynchosia villosa,genistein,Rhynchosia villosa,Rhynchosia villosa (Meisn.) Druce,TZBJGXHYKVUXJN,10.1007/s00425-019-03311-2,Rhynchosia villosa_TZBJGXHYKVUXJN
5495,rhynchosia villosa,catechin,Rhynchosia villosa,Rhynchosia villosa (Meisn.) Druce,PFTAWBLQPZVEMU,10.1007/s00425-019-03311-2,Rhynchosia villosa_PFTAWBLQPZVEMU
5496,rhynchosia villosa,cajanin,Rhynchosia villosa,Rhynchosia villosa (Meisn.) Druce,ALFNTRJPGFNJQV,10.1007/s00425-019-03311-2,Rhynchosia villosa_ALFNTRJPGFNJQV
5497,rhynchosia villosa,7-o-galloylcatechin,Rhynchosia villosa,Rhynchosia villosa (Meisn.) Druce,WKIHBIBUCQPPBY,10.1007/s00425-019-03311-2,Rhynchosia villosa_WKIHBIBUCQPPBY
5498,rhynchosia edulis,cajanone,Rhynchosia edulis,Rhynchosia edulis Griseb.,BAKSOIVZFARRJC,10.1007/s00425-019-03311-2,Rhynchosia edulis_BAKSOIVZFARRJC
5501,ferula gummosa boiss,δ-3-carene,Ferula gummosa,Ferula gummosa Boiss.,BQOFWKZOCNGFEC,10.1038/s41598-023-39254-8,Ferula gummosa_BQOFWKZOCNGFEC
5503,pimpinella anisum,carvone,Pimpinella anisum,Pimpinella anisum L.,ULDHMXUKGWMISQ,10.1038/s41598-023-39254-8,Pimpinella anisum_ULDHMXUKGWMISQ
5507,cuminum cyminum l,γ-terpinen-7-al,Cuminum cyminum,Cuminum cyminum L.,NIBUJHLMVJZODW,10.1038/s41598-023-39254-8,Cuminum cyminum_NIBUJHLMVJZODW
5510,bunium persicum,β-pinene,Elwendia persica,Elwendia persica (Boiss.) Pimenov & Kljuykov,WTARULDDTDQWMU,10.1038/s41598-023-39254-8,Elwendia persica_WTARULDDTDQWMU
5511,bunium persicum,γ-terpinene,Elwendia persica,Elwendia persica (Boiss.) Pimenov & Kljuykov,YKFLAYDHMOASIY,10.1038/s41598-023-39254-8,Elwendia persica_YKFLAYDHMOASIY
5512,bunium persicum,γ-terpinen-7-al,Elwendia persica,Elwendia persica (Boiss.) Pimenov & Kljuykov,NIBUJHLMVJZODW,10.1038/s41598-023-39254-8,Elwendia persica_NIBUJHLMVJZODW
5513,bunium persicum,cuminaldehyde,Elwendia persica,Elwendia persica (Boiss.) Pimenov & Kljuykov,WTWBUQJHJGUZCY,10.1038/s41598-023-39254-8,Elwendia persica_WTWBUQJHJGUZCY
5514,bunium persicum,p-cymene,Elwendia persica,Elwendia persica (Boiss.) Pimenov & Kljuykov,HFPZCAJZSCWRBC,10.1038/s41598-023-39254-8,Elwendia persica_HFPZCAJZSCWRBC
5515,heracleum persicum desf,octyl-2-methylbutyrate,Heracleum persicum,"Heracleum persicum Desf. ex Fisch., C.A.Mey. & Avé-Lall.",BCOJVEMHTBSAOE,10.1038/s41598-023-39254-8,Heracleum persicum_BCOJVEMHTBSAOE
5518,kelussia odoratissima mozaff,limonene,Kelussia odoratissima,Kelussia odoratissima Mozaff.,XMGQYMWWDOXHJM,10.1038/s41598-023-39254-8,Kelussia odoratissima_XMGQYMWWDOXHJM
5519,kelussia odoratissima mozaff,γ-elemene,Kelussia odoratissima,Kelussia odoratissima Mozaff.,BQSLMQNYHVFRDT,10.1038/s41598-023-39254-8,Kelussia odoratissima_BQSLMQNYHVFRDT
5520,kelussia odoratissima mozaff,(z)-ligustilide,Kelussia odoratissima,Kelussia odoratissima Mozaff.,IQVQXVFMNOFTMU,10.1038/s41598-023-39254-8,Kelussia odoratissima_IQVQXVFMNOFTMU
5521,kelussia odoratissima mozaff,germacrene d,Kelussia odoratissima,Kelussia odoratissima Mozaff.,GAIBLDCXCZKKJE,10.1038/s41598-023-39254-8,Kelussia odoratissima_GAIBLDCXCZKKJE
5522,kelussia odoratissima mozaff,δ-cadinene,Kelussia odoratissima,Kelussia odoratissima Mozaff.,FUCYIEXQVQJBKY,10.1038/s41598-023-39254-8,Kelussia odoratissima_FUCYIEXQVQJBKY
5531,kirkia acuminata oliver,valeric acid,Kirkia acuminata,Kirkia acuminata Oliv.,NQPDZGIKBAWPEJ,10.4314/tjpr.v15i11.28,Kirkia acuminata_NQPDZGIKBAWPEJ
5532,kirkia acuminata oliver,(+)-lyoniresinol,Kirkia acuminata,Kirkia acuminata Oliv.,ZDVZKBOFCHOPLM,10.4314/tjpr.v15i11.28,Kirkia acuminata_ZDVZKBOFCHOPLM
5533,kirkia acuminata oliver,acetic acid,Kirkia acuminata,Kirkia acuminata Oliv.,QTBSBXVTEAMEQO,10.4314/tjpr.v15i11.28,Kirkia acuminata_QTBSBXVTEAMEQO
5534,kirkia acuminata oliver,propionic acid,Kirkia acuminata,Kirkia acuminata Oliv.,XBDQKXXYIPTUBI,10.4314/tjpr.v15i11.28,Kirkia acuminata_XBDQKXXYIPTUBI
5535,kirkia acuminata oliver,iso butyric acid,Kirkia acuminata,Kirkia acuminata Oliv.,KQNPFQTWMSNSAP,10.4314/tjpr.v15i11.28,Kirkia acuminata_KQNPFQTWMSNSAP
5536,kirkia acuminata oliver,gallic acid,Kirkia acuminata,Kirkia acuminata Oliv.,LNTHITQWFMADLM,10.4314/tjpr.v15i11.28,Kirkia acuminata_LNTHITQWFMADLM
5537,kirkia acuminata oliver,quercetin,Kirkia acuminata,Kirkia acuminata Oliv.,REFJWTPEDVJJIY,10.4314/tjpr.v15i11.28,Kirkia acuminata_REFJWTPEDVJJIY
5538,kirkia acuminata oliver,butyric acid,Kirkia acuminata,Kirkia acuminata Oliv.,FERIUCNNQQJTOY,10.4314/tjpr.v15i11.28,Kirkia acuminata_FERIUCNNQQJTOY
5539,kirkia acuminata oliver,caffeic acid,Kirkia acuminata,Kirkia acuminata Oliv.,QAIPRVGONGVQAS,10.4314/tjpr.v15i11.28,Kirkia acuminata_QAIPRVGONGVQAS
5540,kirkia acuminata oliver,ellagic acid,Kirkia acuminata,Kirkia acuminata Oliv.,AFSDNFLWKVMVRB,10.4314/tjpr.v15i11.28,Kirkia acuminata_AFSDNFLWKVMVRB
5541,kirkia wilmsii engl,valeric acid,Kirkia wilmsii,Kirkia wilmsii Engl.,NQPDZGIKBAWPEJ,10.4314/tjpr.v15i11.28,Kirkia wilmsii_NQPDZGIKBAWPEJ
5542,kirkia wilmsii engl,acetic acid,Kirkia wilmsii,Kirkia wilmsii Engl.,QTBSBXVTEAMEQO,10.4314/tjpr.v15i11.28,Kirkia wilmsii_QTBSBXVTEAMEQO
5543,kirkia wilmsii engl,propionic acid,Kirkia wilmsii,Kirkia wilmsii Engl.,XBDQKXXYIPTUBI,10.4314/tjpr.v15i11.28,Kirkia wilmsii_XBDQKXXYIPTUBI
5544,kirkia wilmsii engl,iso butyric acid,Kirkia wilmsii,Kirkia wilmsii Engl.,KQNPFQTWMSNSAP,10.4314/tjpr.v15i11.28,Kirkia wilmsii_KQNPFQTWMSNSAP
5545,kirkia wilmsii engl,gallic acid,Kirkia wilmsii,Kirkia wilmsii Engl.,LNTHITQWFMADLM,10.4314/tjpr.v15i11.28,Kirkia wilmsii_LNTHITQWFMADLM
5546,kirkia wilmsii engl,quercetin,Kirkia wilmsii,Kirkia wilmsii Engl.,REFJWTPEDVJJIY,10.4314/tjpr.v15i11.28,Kirkia wilmsii_REFJWTPEDVJJIY
5547,kirkia wilmsii engl,butyric acid,Kirkia wilmsii,Kirkia wilmsii Engl.,FERIUCNNQQJTOY,10.4314/tjpr.v15i11.28,Kirkia wilmsii_FERIUCNNQQJTOY
5548,kirkia wilmsii engl,caffeic acid,Kirkia wilmsii,Kirkia wilmsii Engl.,QAIPRVGONGVQAS,10.4314/tjpr.v15i11.28,Kirkia wilmsii_QAIPRVGONGVQAS
5549,kirkia wilmsii engl,ellagic acid,Kirkia wilmsii,Kirkia wilmsii Engl.,AFSDNFLWKVMVRB,10.4314/tjpr.v15i11.28,Kirkia wilmsii_AFSDNFLWKVMVRB
5550,iris postii mouterde,isovitexin,Iris postii,Iris postii Mouterde,MYXNWGACZJSMBT,10.3390/molecules26020264,Iris postii_MYXNWGACZJSMBT
5551,iris postii mouterde,isotectorigenin,Iris postii,Iris postii Mouterde,UYLQOGTYNFVQQX,10.3390/molecules26020264,Iris postii_UYLQOGTYNFVQQX
5552,iris postii mouterde,swertisin,Iris postii,Iris postii Mouterde,ABRULANJVVJLFI,10.3390/molecules26020264,Iris postii_ABRULANJVVJLFI
5553,iris postii mouterde,l-tryptophan,Iris postii,Iris postii Mouterde,QIVBCDIJIAJPQS,10.3390/molecules26020264,Iris postii_QIVBCDIJIAJPQS
5554,iris postii mouterde,androsin,Iris postii,Iris postii Mouterde,QUOZWMJFTQUXON,10.3390/molecules26020264,Iris postii_QUOZWMJFTQUXON
5555,iris germanica l,"5,2′-dihydroxy-3-methoxy-6,7-methylenedioxyflavone",Iris × germanica,Iris × germanica L.,MKHNQPPKUWUEFB,10.3390/molecules26020264,Iris × germanica_MKHNQPPKUWUEFB
5558,iris germanica l,p-hydroxy benzoic acid,Iris × germanica,Iris × germanica L.,FJKROLUGYXJWQN,10.3390/molecules26020264,Iris × germanica_FJKROLUGYXJWQN
5559,iris germanica l,irilin d,Iris × germanica,Iris × germanica L.,VYCWOMOGAIPFPW,10.3390/molecules26020264,Iris × germanica_VYCWOMOGAIPFPW
5560,iris germanica l,delphanin,Iris × germanica,Iris × germanica L.,OUUYNFWYLXMNQZ,10.3390/molecules26020264,Iris × germanica_OUUYNFWYLXMNQZ
5561,iris germanica l,"methyl (1r,3r)-1-methyl-2,3,4,9-tetrahydro-1h-pyrido[3,4-b]indole-3-carboxylate",Iris × germanica,Iris × germanica L.,WZHYQHKXXRMALW,10.3390/molecules26020264,Iris × germanica_WZHYQHKXXRMALW
5562,iris germanica l,chlorogenic acid,Iris × germanica,Iris × germanica L.,CWVRJTMFETXNAD,10.3390/molecules26020264,Iris × germanica_CWVRJTMFETXNAD
5563,iris germanica l,pid,Iris × germanica,Iris × germanica L.,NFBAXHOPROOJAW,10.3390/molecules26020264,Iris × germanica_NFBAXHOPROOJAW
5564,iris germanica l,caffeic acid,Iris × germanica,Iris × germanica L.,QAIPRVGONGVQAS,10.3390/molecules26020264,Iris × germanica_QAIPRVGONGVQAS
5567,iris germanica l,"2-(furan-2-yl)-5-(2,3,4-trihydroxybutyl)-1,4-diazine",Iris × germanica,Iris × germanica L.,KLACITZZUQUMIS,10.3390/molecules26020264,Iris × germanica_KLACITZZUQUMIS
5568,iris germanica l,6-hydroxymethyl-3-pyridinol,Iris × germanica,Iris × germanica L.,NESFDGDRYVANBC,10.3390/molecules26020264,Iris × germanica_NESFDGDRYVANBC
5569,iris germanica l,"(1s,3r)-methyl 1-methyl-2,3,4,9-tetrahydro-1h-pyrido[3,4-b]indole-3-carboxylate",Iris × germanica,Iris × germanica L.,WZHYQHKXXRMALW,10.3390/molecules26020264,Iris × germanica_WZHYQHKXXRMALW
5571,iris germanica l,4-(9h-β-carbolin-1-yl)-4-oxobut-2-enoic acid methyl ester,Iris × germanica,Iris × germanica L.,IAXJBVZHNNLOND,10.3390/molecules26020264,Iris × germanica_IAXJBVZHNNLOND
5576,iris germanica l,"5,7,8-trihydroxy-3-(4-methoxyphenyl)-2-methyl-4h-chromen-4-one",Iris × germanica,Iris × germanica L.,RVSOAWYDDFXPDH,10.3390/molecules26020264,Iris × germanica_RVSOAWYDDFXPDH
5579,iris germanica l,muningin,Iris × germanica,Iris × germanica L.,KVSCSPAYYVSPTI,10.3390/molecules26020264,Iris × germanica_KVSCSPAYYVSPTI
5581,iris germanica l,nigricanin,Iris × germanica,Iris × germanica L.,XTCYRFROIBWDPU,10.3390/molecules26020264,Iris × germanica_XTCYRFROIBWDPU
5583,iris germanica l,3-β-d-ribofuranosyluracil,Iris × germanica,Iris × germanica L.,NBNBAENCKIJZAH,10.3390/molecules26020264,Iris × germanica_NBNBAENCKIJZAH
5584,iris germanica l,γ-irone,Iris × germanica,Iris × germanica L.,MVPDTCQYNRKWJA,10.3390/molecules26020264,Iris × germanica_MVPDTCQYNRKWJA
5590,iris germanica l,irilin a,Iris × germanica,Iris × germanica L.,HVYFRUIBILXVBU,10.3390/molecules26020264,Iris × germanica_HVYFRUIBILXVBU
5591,iris germanica l,"2-acetoxy-3,6-dimethoxy-1,4-benzoquinone",Iris × germanica,Iris × germanica L.,BBQAWGBALTVHFN,10.3390/molecules26020264,Iris × germanica_BBQAWGBALTVHFN
5592,iris germanica l,α-irone,Iris × germanica,Iris × germanica L.,JZQOJFLIJNRDHK,10.3390/molecules26020264,Iris × germanica_JZQOJFLIJNRDHK
5593,iris germanica l,"6,6-ditetradecyl-6,7-dihydrooxepin-2(3h)-one",Iris × germanica,Iris × germanica L.,DPCINRXRMFZCEJ,10.3390/molecules26020264,Iris × germanica_DPCINRXRMFZCEJ
5594,iris germanica l,"6,7-dihydroxy-3-(4-methoxyphenyl)-2-methyl-4h-chromen-4-one",Iris × germanica,Iris × germanica L.,GNTJDACLLNJRSC,10.3390/molecules26020264,Iris × germanica_GNTJDACLLNJRSC
5595,iris germanica l,"2-amino-1h-imidazo-[4,5-b]pyrazine",Iris × germanica,Iris × germanica L.,ICNRJMRTXYQGEC,10.3390/molecules26020264,Iris × germanica_ICNRJMRTXYQGEC
5598,iris germanica l,irifloside,Iris × germanica,Iris × germanica L.,ZYXMBDJAUWLBQW,10.3390/molecules26020264,Iris × germanica_ZYXMBDJAUWLBQW
5599,iris germanica l,irilin b,Iris × germanica,Iris × germanica L.,SRXIDIOVDWRHPY,10.3390/molecules26020264,Iris × germanica_SRXIDIOVDWRHPY
5600,iris germanica l,"5,7,2′-trihydroxy-6-methoxyflavanone",Iris × germanica,Iris × germanica L.,VIYRCVBDGLGTOV,10.3390/molecules26020264,Iris × germanica_VIYRCVBDGLGTOV
5601,iris germanica l,β-irone,Iris × germanica,Iris × germanica L.,BGKCUGPVLVNPSG,10.3390/molecules26020264,Iris × germanica_BGKCUGPVLVNPSG
5602,iris germanica l,naringenin,Iris × germanica,Iris × germanica L.,FTVWIRXFELQLPI,10.3390/molecules26020264,Iris × germanica_FTVWIRXFELQLPI
5604,iris germanica l,16-o-acetylisoiridogermanal,Iris × germanica,Iris × germanica L.,YLBQHEKHEQVFLJ,10.3390/molecules26020264,Iris × germanica_YLBQHEKHEQVFLJ
5606,iris germanica l,ombuin,Iris × germanica,Iris × germanica L.,BWORNNDZQGOKBY,10.3390/molecules26020264,Iris × germanica_BWORNNDZQGOKBY
5609,iris germanica l,androsin,Iris × germanica,Iris × germanica L.,QUOZWMJFTQUXON,10.3390/molecules26020264,Iris × germanica_QUOZWMJFTQUXON
5610,iris germanica l,genistein,Iris × germanica,Iris × germanica L.,TZBJGXHYKVUXJN,10.3390/molecules26020264,Iris × germanica_TZBJGXHYKVUXJN
5613,iris germanica l,"1,2,3,4-tetrahydro-β-carboline-3-carboxylic acid",Iris × germanica,Iris × germanica L.,FSNCEEGOMTYXKY,10.3390/molecules26020264,Iris × germanica_FSNCEEGOMTYXKY
5615,iris persica l,isovitexin,Iris persica,Iris persica L.,MYXNWGACZJSMBT,10.3390/molecules26020264,Iris persica_MYXNWGACZJSMBT
5616,iris persica l,embinin,Iris persica,Iris persica L.,OXTGLFRGBDFBHI,10.3390/molecules26020264,Iris persica_OXTGLFRGBDFBHI
5617,iris persica l,tectorigenin,Iris persica,Iris persica L.,OBBCRPUNCUPUOS,10.3390/molecules26020264,Iris persica_OBBCRPUNCUPUOS
5618,artemisia absinthium l,(e)-verbenol,Artemisia absinthium,Artemisia absinthium L.,WONIGEXYPVIKFS,10.3390/plants9091063,Artemisia absinthium_WONIGEXYPVIKFS
5621,artemisia absinthium l,rosmarinic acid,Artemisia absinthium,Artemisia absinthium L.,DOUMFZQKYFQNTF,10.3390/plants9091063,Artemisia absinthium_DOUMFZQKYFQNTF
5622,artemisia absinthium l,lyratyl acetate,Artemisia absinthium,Artemisia absinthium L.,MYZPBDIATBBLPX,10.3390/plants9091063,Artemisia absinthium_MYZPBDIATBBLPX
5624,artemisia absinthium l,ethyl linoleate,Artemisia absinthium,Artemisia absinthium L.,FMMOOAYVCKXGMF,10.3390/plants9091063,Artemisia absinthium_FMMOOAYVCKXGMF
5625,artemisia absinthium l,(z)-3-hexenyl butyrate,Artemisia absinthium,Artemisia absinthium L.,ZCHOPXVYTWUHDS,10.3390/plants9091063,Artemisia absinthium_ZCHOPXVYTWUHDS
5626,artemisia absinthium l,p-coumaric acid,Artemisia absinthium,Artemisia absinthium L.,NGSWKAQJJWESNS,10.3390/plants9091063,Artemisia absinthium_NGSWKAQJJWESNS
5629,artemisia absinthium l,β-isocomene,Artemisia absinthium,Artemisia absinthium L.,KPKLYXVMHOVJJL,10.3390/plants9091063,Artemisia absinthium_KPKLYXVMHOVJJL
5630,artemisia absinthium l,p-cymen-8-ol,Artemisia absinthium,Artemisia absinthium L.,XLPDVYGDNRIQFV,10.3390/plants9091063,Artemisia absinthium_XLPDVYGDNRIQFV
5631,artemisia absinthium l,myristin,Artemisia absinthium,Artemisia absinthium L.,DUXYWXYOBMKGIN,10.3390/plants9091063,Artemisia absinthium_DUXYWXYOBMKGIN
5632,artemisia absinthium l,isobornyl propanoate,Artemisia absinthium,Artemisia absinthium L.,FAFMZORPAAGQFV,10.3390/plants9091063,Artemisia absinthium_FAFMZORPAAGQFV
5633,artemisia absinthium l,pethybrene,Artemisia absinthium,Artemisia absinthium L.,BPSJFUIWVOWJNO,10.3390/plants9091063,Artemisia absinthium_BPSJFUIWVOWJNO
5634,artemisia absinthium l,sabinyl acetate,Artemisia absinthium,Artemisia absinthium L.,PBWRFXQNNGSAQG,10.3390/plants9091063,Artemisia absinthium_PBWRFXQNNGSAQG
5636,artemisia absinthium l,geranyl 2-methylbutanoate,Artemisia absinthium,Artemisia absinthium L.,PEQMAZJTEUEQJP,10.3390/plants9091063,Artemisia absinthium_PEQMAZJTEUEQJP
5640,artemisia absinthium l,β-santonin,Artemisia absinthium,Artemisia absinthium L.,XJHDMGJURBVLLE,10.3390/plants9091063,Artemisia absinthium_XJHDMGJURBVLLE
5642,artemisia absinthium l,succinic acid,Artemisia absinthium,Artemisia absinthium L.,KDYFGRWQOYBRFD,10.3390/plants9091063,Artemisia absinthium_KDYFGRWQOYBRFD
5644,artemisia absinthium l,cadinene,Artemisia absinthium,Artemisia absinthium L.,HNTISMRTGMVWGH,10.3390/plants9091063,Artemisia absinthium_HNTISMRTGMVWGH
5645,artemisia absinthium l,(e)-cinnamic acid,Artemisia absinthium,Artemisia absinthium L.,WBYWAXJHAXSJNI,10.3390/plants9091063,Artemisia absinthium_WBYWAXJHAXSJNI
5646,artemisia absinthium l,casticin,Artemisia absinthium,Artemisia absinthium L.,PJQLSMYMOKWUJG,10.3390/plants9091063,Artemisia absinthium_PJQLSMYMOKWUJG
5647,artemisia absinthium l,α-terpinyl acetate,Artemisia absinthium,Artemisia absinthium L.,IGODOXYLBBXFDW,10.3390/plants9091063,Artemisia absinthium_IGODOXYLBBXFDW
5648,artemisia absinthium l,apigenin,Artemisia absinthium,Artemisia absinthium L.,KZNIFHPLKGYRTM,10.3390/plants9091063,Artemisia absinthium_KZNIFHPLKGYRTM
5650,artemisia absinthium l,linoleic acid,Artemisia absinthium,Artemisia absinthium L.,OYHQOLUKZRVURQ,10.3390/plants9091063,Artemisia absinthium_OYHQOLUKZRVURQ
5651,artemisia absinthium l,α-thujene,Artemisia absinthium,Artemisia absinthium L.,KQAZVFVOEIRWHN,10.3390/plants9091063,Artemisia absinthium_KQAZVFVOEIRWHN
5653,artemisia absinthium l,"(e,e)-farnesyl acetate",Artemisia absinthium,Artemisia absinthium L.,ZGIGZINMAOQWLX,10.3390/plants9091063,Artemisia absinthium_ZGIGZINMAOQWLX
5654,artemisia absinthium l,3-methylbutanoate,Artemisia absinthium,Artemisia absinthium L.,GWYFCOCPABKNJV,10.3390/plants9091063,Artemisia absinthium_GWYFCOCPABKNJV
5655,artemisia absinthium l,methyl palmitate,Artemisia absinthium,Artemisia absinthium L.,FLIACVVOZYBSBS,10.3390/plants9091063,Artemisia absinthium_FLIACVVOZYBSBS
5656,artemisia absinthium l,γ-humulene,Artemisia absinthium,Artemisia absinthium L.,FNXUOGPQAOCFKU,10.3390/plants9091063,Artemisia absinthium_FNXUOGPQAOCFKU
5658,artemisia absinthium l,stearic acid,Artemisia absinthium,Artemisia absinthium L.,QIQXTHQIDYTFRH,10.3390/plants9091063,Artemisia absinthium_QIQXTHQIDYTFRH
5659,artemisia absinthium l,β-elemene,Artemisia absinthium,Artemisia absinthium L.,OPFTUNCRGUEPRZ,10.3390/plants9091063,Artemisia absinthium_OPFTUNCRGUEPRZ
5662,artemisia absinthium l,linalyl butanoate,Artemisia absinthium,Artemisia absinthium L.,FHLGUOHLUFIAAA,10.3390/plants9091063,Artemisia absinthium_FHLGUOHLUFIAAA
5663,artemisia absinthium l,"1,8-cineole",Artemisia absinthium,Artemisia absinthium L.,WEEGYLXZBRQIMU,10.3390/plants9091063,Artemisia absinthium_WEEGYLXZBRQIMU
5665,artemisia absinthium l,α-bisabolene,Artemisia absinthium,Artemisia absinthium L.,YHBUQBJHSRGZNF,10.3390/plants9091063,Artemisia absinthium_YHBUQBJHSRGZNF
5667,artemisia absinthium l,linalyl acetate,Artemisia absinthium,Artemisia absinthium L.,UWKAYLJWKGQEPM,10.3390/plants9091063,Artemisia absinthium_UWKAYLJWKGQEPM
5668,artemisia absinthium l,1-butanol,Artemisia absinthium,Artemisia absinthium L.,LRHPLDYGYMQRHN,10.3390/plants9091063,Artemisia absinthium_LRHPLDYGYMQRHN
5669,artemisia absinthium l,ethyl palmitate,Artemisia absinthium,Artemisia absinthium L.,XIRNKXNNONJFQO,10.3390/plants9091063,Artemisia absinthium_XIRNKXNNONJFQO
5671,artemisia absinthium l,neral,Artemisia absinthium,Artemisia absinthium L.,WTEVQBCEXWBHNA,10.3390/plants9091063,Artemisia absinthium_WTEVQBCEXWBHNA
5672,artemisia absinthium l,flavone,Artemisia absinthium,Artemisia absinthium L.,VHBFFQKBGNRLFZ,10.3390/plants9091063,Artemisia absinthium_VHBFFQKBGNRLFZ
5675,artemisia absinthium l,pinene,Artemisia absinthium,Artemisia absinthium L.,NDUIFQPPDDOKRN,10.3390/plants9091063,Artemisia absinthium_NDUIFQPPDDOKRN
5676,artemisia absinthium l,bicyclo[2.2.1]-hept-2-en-7-ol,Artemisia absinthium,Artemisia absinthium L.,PSKWDFVNXXATCG,10.3390/plants9091063,Artemisia absinthium_PSKWDFVNXXATCG
5677,artemisia absinthium l,neryl 2-methylpropanoate,Artemisia absinthium,Artemisia absinthium L.,FQMZVFJYMPNUCT,10.3390/plants9091063,Artemisia absinthium_FQMZVFJYMPNUCT
5679,artemisia absinthium l,malic acid,Artemisia absinthium,Artemisia absinthium L.,BJEPYKJPYRNKOW,10.3390/plants9091063,Artemisia absinthium_BJEPYKJPYRNKOW
5680,artemisia absinthium l,fenchone,Artemisia absinthium,Artemisia absinthium L.,LHXDLQBQYFFVNW,10.3390/plants9091063,Artemisia absinthium_LHXDLQBQYFFVNW
5681,artemisia absinthium l,silphiperfol-6-ene,Artemisia absinthium,Artemisia absinthium L.,VIXZYZFZHINXMQ,10.3390/plants9091063,Artemisia absinthium_VIXZYZFZHINXMQ
5683,artemisia absinthium l,"(5z)-2,6-dimethylocta-5,7-diene-2,3-diol",Artemisia absinthium,Artemisia absinthium L.,BTHAWHOTHGQIKC,10.3390/plants9091063,Artemisia absinthium_BTHAWHOTHGQIKC
5684,artemisia absinthium l,eugenol,Artemisia absinthium,Artemisia absinthium L.,RRAFCDWBNXTKKO,10.3390/plants9091063,Artemisia absinthium_RRAFCDWBNXTKKO
5686,artemisia absinthium l,neryl 2-methylbutanoate,Artemisia absinthium,Artemisia absinthium L.,PEQMAZJTEUEQJP,10.3390/plants9091063,Artemisia absinthium_PEQMAZJTEUEQJP
5687,artemisia absinthium l,lavandulyl acetate,Artemisia absinthium,Artemisia absinthium L.,HYNGAVZPWWXQIU,10.3390/plants9091063,Artemisia absinthium_HYNGAVZPWWXQIU
5692,artemisia absinthium l,ar-curcumene,Artemisia absinthium,Artemisia absinthium L.,VMYXUZSZMNBRCN,10.3390/plants9091063,Artemisia absinthium_VMYXUZSZMNBRCN
5693,artemisia absinthium l,humulene oxide ii,Artemisia absinthium,Artemisia absinthium L.,QTGAEXCCAPTGLB,10.3390/plants9091063,Artemisia absinthium_QTGAEXCCAPTGLB
5694,artemisia absinthium l,(z)-nerolidol,Artemisia absinthium,Artemisia absinthium L.,FQTLCLSUCSAZDY,10.3390/plants9091063,Artemisia absinthium_FQTLCLSUCSAZDY
5695,artemisia absinthium l,coumaric acid,Artemisia absinthium,Artemisia absinthium L.,NGSWKAQJJWESNS,10.3390/plants9091063,Artemisia absinthium_NGSWKAQJJWESNS
5696,artemisia absinthium l,(z)-verbenol,Artemisia absinthium,Artemisia absinthium L.,WONIGEXYPVIKFS,10.3390/plants9091063,Artemisia absinthium_WONIGEXYPVIKFS
5697,artemisia absinthium l,artemisia ketone,Artemisia absinthium,Artemisia absinthium L.,OTYVBQZXUNBRTK,10.3390/plants9091063,Artemisia absinthium_OTYVBQZXUNBRTK
5698,artemisia absinthium l,thujol,Artemisia absinthium,Artemisia absinthium L.,DZVXRFMREAADPP,10.3390/plants9091063,Artemisia absinthium_DZVXRFMREAADPP
5699,artemisia absinthium l,quebrachitol,Artemisia absinthium,Artemisia absinthium L.,DSCFFEYYQKSRSV,10.3390/plants9091063,Artemisia absinthium_DSCFFEYYQKSRSV
5700,artemisia absinthium l,albene,Artemisia absinthium,Artemisia absinthium L.,HKLBEHRJWPWLOB,10.3390/plants9091063,Artemisia absinthium_HKLBEHRJWPWLOB
5702,artemisia absinthium l,"(z,e)-α-farnesene",Artemisia absinthium,Artemisia absinthium L.,CXENHBSYCFFKJS,10.3390/plants9091063,Artemisia absinthium_CXENHBSYCFFKJS
5703,artemisia absinthium l,methyl linoleate,Artemisia absinthium,Artemisia absinthium L.,WTTJVINHCBCLGX,10.3390/plants9091063,Artemisia absinthium_WTTJVINHCBCLGX
5704,artemisia absinthium l,α-isocomene,Artemisia absinthium,Artemisia absinthium L.,SAOJPWFHRMUCFN,10.3390/plants9091063,Artemisia absinthium_SAOJPWFHRMUCFN
5705,artemisia absinthium l,phellandrene,Artemisia absinthium,Artemisia absinthium L.,CFJYNSNXFXLKNS,10.3390/plants9091063,Artemisia absinthium_CFJYNSNXFXLKNS
5707,artemisia absinthium l,kaempferol,Artemisia absinthium,Artemisia absinthium L.,IYRMWMYZSQPJKC,10.3390/plants9091063,Artemisia absinthium_IYRMWMYZSQPJKC
5708,artemisia absinthium l,gallic acid,Artemisia absinthium,Artemisia absinthium L.,LNTHITQWFMADLM,10.3390/plants9091063,Artemisia absinthium_LNTHITQWFMADLM
5709,artemisia absinthium l,1h-benzocycloheptene,Artemisia absinthium,Artemisia absinthium L.,ZVCPCZRXWGOICC,10.3390/plants9091063,Artemisia absinthium_ZVCPCZRXWGOICC
5712,artemisia absinthium l,α-gurjunene,Artemisia absinthium,Artemisia absinthium L.,SPCXZDDGSGTVAW,10.3390/plants9091063,Artemisia absinthium_SPCXZDDGSGTVAW
5714,artemisia absinthium l,herniarin,Artemisia absinthium,Artemisia absinthium L.,LIIALPBMIOVAHH,10.3390/plants9091063,Artemisia absinthium_LIIALPBMIOVAHH
5715,artemisia absinthium l,β-gurjunene,Artemisia absinthium,Artemisia absinthium L.,IRCZVRWQUNZGSH,10.3390/plants9091063,Artemisia absinthium_IRCZVRWQUNZGSH
5716,artemisia absinthium l,silica,Artemisia absinthium,Artemisia absinthium L.,VYPSYNLAJGMNEJ,10.3390/plants9091063,Artemisia absinthium_VYPSYNLAJGMNEJ
5717,artemisia absinthium l,3-octanol,Artemisia absinthium,Artemisia absinthium L.,NMRPBPVERJPACX,10.3390/plants9091063,Artemisia absinthium_NMRPBPVERJPACX
5719,artemisia absinthium l,α-santalene,Artemisia absinthium,Artemisia absinthium L.,KWFJIXPIFLVMPM,10.3390/plants9091063,Artemisia absinthium_KWFJIXPIFLVMPM
5720,artemisia absinthium l,azulene,Artemisia absinthium,Artemisia absinthium L.,CUFNKYGDVFVPHO,10.3390/plants9091063,Artemisia absinthium_CUFNKYGDVFVPHO
5721,artemisia absinthium l,vulgarol a,Artemisia absinthium,Artemisia absinthium L.,LEOHDQKUMQKLMP,10.3390/plants9091063,Artemisia absinthium_LEOHDQKUMQKLMP
5722,artemisia absinthium l,α-himachalene,Artemisia absinthium,Artemisia absinthium L.,ZJSIKVDEOWWVEH,10.3390/plants9091063,Artemisia absinthium_ZJSIKVDEOWWVEH
5723,artemisia absinthium l,"2-ethyl-4-methyl-1,3-pentadienylbenzene",Artemisia absinthium,Artemisia absinthium L.,SWCNQIZMEQIPBB,10.3390/plants9091063,Artemisia absinthium_SWCNQIZMEQIPBB
5724,artemisia absinthium l,salicylic acid,Artemisia absinthium,Artemisia absinthium L.,YGSDEFSMJLZEOE,10.3390/plants9091063,Artemisia absinthium_YGSDEFSMJLZEOE
5726,artemisia absinthium l,syringic acid,Artemisia absinthium,Artemisia absinthium L.,JMSVCTWVEWCHDZ,10.3390/plants9091063,Artemisia absinthium_JMSVCTWVEWCHDZ
5728,artemisia absinthium l,quercetin,Artemisia absinthium,Artemisia absinthium L.,REFJWTPEDVJJIY,10.3390/plants9091063,Artemisia absinthium_REFJWTPEDVJJIY
5730,artemisia absinthium l,"(e,e)-farnesal",Artemisia absinthium,Artemisia absinthium L.,YHRUHBBTQZKMEX,10.3390/plants9091063,Artemisia absinthium_YHRUHBBTQZKMEX
5734,artemisia absinthium l,bicyclogermacrene,Artemisia absinthium,Artemisia absinthium L.,VPDZRSSKICPUEY,10.3390/plants9091063,Artemisia absinthium_VPDZRSSKICPUEY
5736,artemisia absinthium l,palmitic acid,Artemisia absinthium,Artemisia absinthium L.,IPCSVZSSVZVIGE,10.3390/plants9091063,Artemisia absinthium_IPCSVZSSVZVIGE
5737,artemisia absinthium l,dodecanoic acid,Artemisia absinthium,Artemisia absinthium L.,POULHZVOKOAJMA,10.3390/plants9091063,Artemisia absinthium_POULHZVOKOAJMA
5738,artemisia absinthium l,thujyl acetate,Artemisia absinthium,Artemisia absinthium L.,AOMMSUWGNMJJJK,10.3390/plants9091063,Artemisia absinthium_AOMMSUWGNMJJJK
5739,artemisia absinthium l,γ-cadinene,Artemisia absinthium,Artemisia absinthium L.,WRHGORWNJGOVQY,10.3390/plants9091063,Artemisia absinthium_WRHGORWNJGOVQY
5740,artemisia absinthium l,β-bourbonene,Artemisia absinthium,Artemisia absinthium L.,YIRAHEODBQONHI,10.3390/plants9091063,Artemisia absinthium_YIRAHEODBQONHI
5742,artemisia absinthium l,cyperene,Artemisia absinthium,Artemisia absinthium L.,RTBLDXVIGWSICW,10.3390/plants9091063,Artemisia absinthium_RTBLDXVIGWSICW
5743,artemisia absinthium l,germacranolide,Artemisia absinthium,Artemisia absinthium L.,QJRFOUJEGHRZIU,10.3390/plants9091063,Artemisia absinthium_QJRFOUJEGHRZIU
5744,artemisia absinthium l,epoxyoleic acid,Artemisia absinthium,Artemisia absinthium L.,IMYZYCNQZDBZBQ,10.3390/plants9091063,Artemisia absinthium_IMYZYCNQZDBZBQ
5745,artemisia absinthium l,(e)-nerolidyl propanoate,Artemisia absinthium,Artemisia absinthium L.,NPSBIIPKEQTFPA,10.3390/plants9091063,Artemisia absinthium_NPSBIIPKEQTFPA
5746,artemisia absinthium l,p-menth-3-en-9-ol,Artemisia absinthium,Artemisia absinthium L.,KFUIAXXMGXAVHN,10.3390/plants9091063,Artemisia absinthium_KFUIAXXMGXAVHN
5747,artemisia absinthium l,bisabolol oxide,Artemisia absinthium,Artemisia absinthium L.,FZHGQBOZUMAPRQ,10.3390/plants9091063,Artemisia absinthium_FZHGQBOZUMAPRQ
5748,artemisia absinthium l,benzene,Artemisia absinthium,Artemisia absinthium L.,UHOVQNZJYSORNB,10.3390/plants9091063,Artemisia absinthium_UHOVQNZJYSORNB
5750,artemisia absinthium l,quercetin dihydrate,Artemisia absinthium,Artemisia absinthium L.,GMGIWEZSKCNYSW,10.3390/plants9091063,Artemisia absinthium_GMGIWEZSKCNYSW
5752,artemisia absinthium l,spathulenol,Artemisia absinthium,Artemisia absinthium L.,FRMCCTDTYSRUBE,10.3390/plants9091063,Artemisia absinthium_FRMCCTDTYSRUBE
5753,artemisia absinthium l,epi-β-santalene,Artemisia absinthium,Artemisia absinthium L.,PGBNIHXXFQBCPU,10.3390/plants9091063,Artemisia absinthium_PGBNIHXXFQBCPU
5755,artemisia absinthium l,phellandrene epoxide,Artemisia absinthium,Artemisia absinthium L.,YYOYQZIEGSUHQG,10.3390/plants9091063,Artemisia absinthium_YYOYQZIEGSUHQG
5756,artemisia absinthium l,(z)-jasmone,Artemisia absinthium,Artemisia absinthium L.,XMLSXPIVAXONDL,10.3390/plants9091063,Artemisia absinthium_XMLSXPIVAXONDL
5757,artemisia absinthium l,4-hexen-1-ol,Artemisia absinthium,Artemisia absinthium L.,VTIODUHBZHNXFP,10.3390/plants9091063,Artemisia absinthium_VTIODUHBZHNXFP
5758,artemisia absinthium l,(e)-nerolidol,Artemisia absinthium,Artemisia absinthium L.,FQTLCLSUCSAZDY,10.3390/plants9091063,Artemisia absinthium_FQTLCLSUCSAZDY
5760,artemisia absinthium l,thujyl alcohol,Artemisia absinthium,Artemisia absinthium L.,DZVXRFMREAADPP,10.3390/plants9091063,Artemisia absinthium_DZVXRFMREAADPP
5761,artemisia absinthium l,oleic acid,Artemisia absinthium,Artemisia absinthium L.,ZQPPMHVWECSIRJ,10.3390/plants9091063,Artemisia absinthium_ZQPPMHVWECSIRJ
5762,artemisia absinthium l,(z)-α-bisabolene,Artemisia absinthium,Artemisia absinthium L.,YHBUQBJHSRGZNF,10.3390/plants9091063,Artemisia absinthium_YHBUQBJHSRGZNF
5763,artemisia absinthium l,α-terpineol,Artemisia absinthium,Artemisia absinthium L.,WUOACPNHFRMFPN,10.3390/plants9091063,Artemisia absinthium_WUOACPNHFRMFPN
5764,artemisia absinthium l,(z)-sabinene hydrate,Artemisia absinthium,Artemisia absinthium L.,KXSDPILWMGFJMM,10.3390/plants9091063,Artemisia absinthium_KXSDPILWMGFJMM
5767,artemisia absinthium l,α-humulene,Artemisia absinthium,Artemisia absinthium L.,FAMPSKZZVDUYOS,10.3390/plants9091063,Artemisia absinthium_FAMPSKZZVDUYOS
5768,artemisia absinthium l,linalyl 3-methylbutanoate,Artemisia absinthium,Artemisia absinthium L.,WCDGWAIZRYMVOW,10.3390/plants9091063,Artemisia absinthium_WCDGWAIZRYMVOW
5773,artemisia absinthium l,hexahydrofarnesyl acetone,Artemisia absinthium,Artemisia absinthium L.,WHWDWIHXSPCOKZ,10.3390/plants9091063,Artemisia absinthium_WHWDWIHXSPCOKZ
5775,artemisia absinthium l,cineol,Artemisia absinthium,Artemisia absinthium L.,WEEGYLXZBRQIMU,10.3390/plants9091063,Artemisia absinthium_WEEGYLXZBRQIMU
5776,artemisia absinthium l,"(z)-2,6-dimethylocta-5,7-diene-2,3-diol",Artemisia absinthium,Artemisia absinthium L.,BTHAWHOTHGQIKC,10.3390/plants9091063,Artemisia absinthium_BTHAWHOTHGQIKC
5777,artemisia absinthium l,tannic acid,Artemisia absinthium,Artemisia absinthium L.,LRBQNJMCXXYXIU,10.3390/plants9091063,Artemisia absinthium_LRBQNJMCXXYXIU
5778,artemisia absinthium l,nerolidol,Artemisia absinthium,Artemisia absinthium L.,FQTLCLSUCSAZDY,10.3390/plants9091063,Artemisia absinthium_FQTLCLSUCSAZDY
5779,artemisia absinthium l,γ-muurolene,Artemisia absinthium,Artemisia absinthium L.,WRHGORWNJGOVQY,10.3390/plants9091063,Artemisia absinthium_WRHGORWNJGOVQY
5782,artemisia absinthium l,isothujyl acetate,Artemisia absinthium,Artemisia absinthium L.,RYMWIDNPMDLHRP,10.3390/plants9091063,Artemisia absinthium_RYMWIDNPMDLHRP
5785,artemisia absinthium l,bisabololoxide b,Artemisia absinthium,Artemisia absinthium L.,RKBAYVATPNYHLW,10.3390/plants9091063,Artemisia absinthium_RKBAYVATPNYHLW
5786,artemisia absinthium l,geranyl pentanoate,Artemisia absinthium,Artemisia absinthium L.,CVSWGLSBJFKWMW,10.3390/plants9091063,Artemisia absinthium_CVSWGLSBJFKWMW
5787,artemisia absinthium l,hexanal,Artemisia absinthium,Artemisia absinthium L.,JARKCYVAAOWBJS,10.3390/plants9091063,Artemisia absinthium_JARKCYVAAOWBJS
5792,artemisia absinthium l,α-cedrene,Artemisia absinthium,Artemisia absinthium L.,IRAQOCYXUMOFCW,10.3390/plants9091063,Artemisia absinthium_IRAQOCYXUMOFCW
5793,artemisia absinthium l,δ-cadinene,Artemisia absinthium,Artemisia absinthium L.,FUCYIEXQVQJBKY,10.3390/plants9091063,Artemisia absinthium_FUCYIEXQVQJBKY
5795,artemisia absinthium l,bornyl 3-methylbutanoate,Artemisia absinthium,Artemisia absinthium L.,MPYYVGIJHREDBO,10.3390/plants9091063,Artemisia absinthium_MPYYVGIJHREDBO
5798,artemisia absinthium l,β-eudesmol,Artemisia absinthium,Artemisia absinthium L.,BOPIMTNSYWYZOC,10.3390/plants9091063,Artemisia absinthium_BOPIMTNSYWYZOC
5799,artemisia absinthium l,"9- hydroxy-(e)-10,12-octadecadienoic acid",Artemisia absinthium,Artemisia absinthium L.,NPDSHTNEKLQQIJ,10.3390/plants9091063,Artemisia absinthium_NPDSHTNEKLQQIJ
5800,artemisia absinthium l,presilphiperfol-7-ene,Artemisia absinthium,Artemisia absinthium L.,PLHQUFSAXMJRAY,10.3390/plants9091063,Artemisia absinthium_PLHQUFSAXMJRAY
5802,artemisia absinthium l,α-calacorene,Artemisia absinthium,Artemisia absinthium L.,CUUMXRBKJIDIAY,10.3390/plants9091063,Artemisia absinthium_CUUMXRBKJIDIAY
5804,artemisia absinthium l,thymol,Artemisia absinthium,Artemisia absinthium L.,MGSRCZKZVOBKFT,10.3390/plants9091063,Artemisia absinthium_MGSRCZKZVOBKFT
5805,artemisia absinthium l,allo-ocimene,Artemisia absinthium,Artemisia absinthium L.,GQVMHMFBVWSSPF,10.3390/plants9091063,Artemisia absinthium_GQVMHMFBVWSSPF
5806,artemisia absinthium l,guaiazulene,Artemisia absinthium,Artemisia absinthium L.,FWKQNCXZGNBPFD,10.3390/plants9091063,Artemisia absinthium_FWKQNCXZGNBPFD
5807,artemisia absinthium l,carvone,Artemisia absinthium,Artemisia absinthium L.,ULDHMXUKGWMISQ,10.3390/plants9091063,Artemisia absinthium_ULDHMXUKGWMISQ
5808,artemisia absinthium l,chrysanthenyl acetate,Artemisia absinthium,Artemisia absinthium L.,UASZOTVHPVEMQR,10.3390/plants9091063,Artemisia absinthium_UASZOTVHPVEMQR
5809,artemisia absinthium l,(z)-carveol,Artemisia absinthium,Artemisia absinthium L.,BAVONGHXFVOKBV,10.3390/plants9091063,Artemisia absinthium_BAVONGHXFVOKBV
5810,artemisia absinthium l,pulegone,Artemisia absinthium,Artemisia absinthium L.,NZGWDASTMWDZIW,10.3390/plants9091063,Artemisia absinthium_NZGWDASTMWDZIW
5813,artemisia absinthium l,"(e,e)-farnesyl 3-methylbutanoate",Artemisia absinthium,Artemisia absinthium L.,BZQKWZWRJMKCNP,10.3390/plants9091063,Artemisia absinthium_BZQKWZWRJMKCNP
5814,artemisia absinthium l,petasitene,Artemisia absinthium,Artemisia absinthium L.,ZGKPBXWQOYDEMA,10.3390/plants9091063,Artemisia absinthium_ZGKPBXWQOYDEMA
5815,artemisia absinthium l,(e)-linalool oxide,Artemisia absinthium,Artemisia absinthium L.,BRHDDEIRQPDPMG,10.3390/plants9091063,Artemisia absinthium_BRHDDEIRQPDPMG
5816,artemisia absinthium l,allo-aromadendrene,Artemisia absinthium,Artemisia absinthium L.,ITYNGVSTWVVPIC,10.3390/plants9091063,Artemisia absinthium_ITYNGVSTWVVPIC
5817,artemisia absinthium l,(e)-sabinyl acetate,Artemisia absinthium,Artemisia absinthium L.,PBWRFXQNNGSAQG,10.3390/plants9091063,Artemisia absinthium_PBWRFXQNNGSAQG
5818,artemisia absinthium l,curcumene,Artemisia absinthium,Artemisia absinthium L.,VMYXUZSZMNBRCN,10.3390/plants9091063,Artemisia absinthium_VMYXUZSZMNBRCN
5819,artemisia absinthium l,cardamonin,Artemisia absinthium,Artemisia absinthium L.,NYSZJNUIVUBQMM,10.3390/plants9091063,Artemisia absinthium_NYSZJNUIVUBQMM
5820,artemisia absinthium l,geranial,Artemisia absinthium,Artemisia absinthium L.,WTEVQBCEXWBHNA,10.3390/plants9091063,Artemisia absinthium_WTEVQBCEXWBHNA
5821,artemisia absinthium l,linalyl propionate,Artemisia absinthium,Artemisia absinthium L.,WAQIIHCCEMGYKP,10.3390/plants9091063,Artemisia absinthium_WAQIIHCCEMGYKP
5822,artemisia absinthium l,(e)-3-hexenyl butyrate,Artemisia absinthium,Artemisia absinthium L.,ZCHOPXVYTWUHDS,10.3390/plants9091063,Artemisia absinthium_ZCHOPXVYTWUHDS
5824,artemisia absinthium l,vulgarol b,Artemisia absinthium,Artemisia absinthium L.,XQPMEWZJPNAPBK,10.3390/plants9091063,Artemisia absinthium_XQPMEWZJPNAPBK
5825,artemisia absinthium l,estragole,Artemisia absinthium,Artemisia absinthium L.,ZFMSMUAANRJZFM,10.3390/plants9091063,Artemisia absinthium_ZFMSMUAANRJZFM
5826,artemisia absinthium l,benzeneacetaldehyde,Artemisia absinthium,Artemisia absinthium L.,DTUQWGWMVIHBKE,10.3390/plants9091063,Artemisia absinthium_DTUQWGWMVIHBKE
5827,artemisia absinthium l,benzenemethanol,Artemisia absinthium,Artemisia absinthium L.,WVDDGKGOMKODPV,10.3390/plants9091063,Artemisia absinthium_WVDDGKGOMKODPV
5828,artemisia absinthium l,tricyclene,Artemisia absinthium,Artemisia absinthium L.,RRBYUSWBLVXTQN,10.3390/plants9091063,Artemisia absinthium_RRBYUSWBLVXTQN
5829,artemisia absinthium l,γ-gurjunene,Artemisia absinthium,Artemisia absinthium L.,DUYRYUZIBGFLDD,10.3390/plants9091063,Artemisia absinthium_DUYRYUZIBGFLDD
5830,artemisia absinthium l,coumarin,Artemisia absinthium,Artemisia absinthium L.,ZYGHJZDHTFUPRJ,10.3390/plants9091063,Artemisia absinthium_ZYGHJZDHTFUPRJ
5832,artemisia absinthium l,elemol,Artemisia absinthium,Artemisia absinthium L.,GFJIQNADMLPFOW,10.3390/plants9091063,Artemisia absinthium_GFJIQNADMLPFOW
5833,artemisia absinthium l,methyleugenol,Artemisia absinthium,Artemisia absinthium L.,ZYEMGPIYFIJGTP,10.3390/plants9091063,Artemisia absinthium_ZYEMGPIYFIJGTP
5834,artemisia absinthium l,carvacrol,Artemisia absinthium,Artemisia absinthium L.,RECUKUPTGUEGMW,10.3390/plants9091063,Artemisia absinthium_RECUKUPTGUEGMW
5835,artemisia absinthium l,β-santalene,Artemisia absinthium,Artemisia absinthium L.,PGBNIHXXFQBCPU,10.3390/plants9091063,Artemisia absinthium_PGBNIHXXFQBCPU
5842,citrus limon (l.) burm. f,sinapinic acid,Citrus,Citrus L.,PCMORTLOPMLEFB,10.5772/26329,Citrus_PCMORTLOPMLEFB
5849,citrus limon (l.) burm. f,imperatorin,Citrus,Citrus L.,OLOOJGVNMBJLLR,10.5772/26329,Citrus_OLOOJGVNMBJLLR
5851,citrus limon (l.) burm. f,5-geranyloxy-7-methoxycoumarine,Citrus,Citrus L.,WXUOSNJWDJOHGW,10.5772/26329,Citrus_WXUOSNJWDJOHGW
5854,citrus limon (l.) burm. f,citroptene,Citrus,Citrus L.,NXJCRELRQHZBQA,10.5772/26329,Citrus_NXJCRELRQHZBQA
5881,opopanax chironium (l.) w.d.j. koch,marmesin,Opopanax chironium,Opopanax chironium (L.) W.D.J.Koch,FWYSBEAFFPBAQU,10.34172/ps.2020.8,Opopanax chironium_FWYSBEAFFPBAQU
5883,opopanax chironium (l.) w.d.j. koch,prantschimgin,Opopanax chironium,Opopanax chironium (L.) W.D.J.Koch,PQCLZBCFLJVBGA,10.34172/ps.2020.8,Opopanax chironium_PQCLZBCFLJVBGA
5884,opopanax chironium (l.) w.d.j. koch,heraclenol,Opopanax chironium,Opopanax chironium (L.) W.D.J.Koch,FOINLJRVEBYARJ,10.34172/ps.2020.8,Opopanax chironium_FOINLJRVEBYARJ
5887,opopanax chironium (l.) w.d.j. koch,umbelliprenin,Opopanax chironium,Opopanax chironium (L.) W.D.J.Koch,GNMUGVNEWCZUAA,10.34172/ps.2020.8,Opopanax chironium_GNMUGVNEWCZUAA
5888,opopanax chironium (l.) w.d.j. koch,officinalin isobutyrate,Opopanax chironium,Opopanax chironium (L.) W.D.J.Koch,VUVWVGLISBHUCV,10.34172/ps.2020.8,Opopanax chironium_VUVWVGLISBHUCV
5893,opopanax chironium (l.) w.d.j. koch,columbianadin,Opopanax chironium,Opopanax chironium (L.) W.D.J.Koch,JRIBPWOXWIRQOQ,10.34172/ps.2020.8,Opopanax chironium_JRIBPWOXWIRQOQ
5894,opopanax chironium (l.) w.d.j. koch,coniferyl oleate,Opopanax chironium,Opopanax chironium (L.) W.D.J.Koch,NAVDQEOBTUFKOL,10.34172/ps.2020.8,Opopanax chironium_NAVDQEOBTUFKOL
5897,opopanax chironium (l.) w.d.j. koch,suberosin,Opopanax chironium,Opopanax chironium (L.) W.D.J.Koch,RSZDAYHEZSRVHS,10.34172/ps.2020.8,Opopanax chironium_RSZDAYHEZSRVHS
5898,opopanax chironium (l.) w.d.j. koch,"e,e-farnesyl acetate",Opopanax chironium,Opopanax chironium (L.) W.D.J.Koch,ZGIGZINMAOQWLX,10.34172/ps.2020.8,Opopanax chironium_ZGIGZINMAOQWLX
5899,opopanax chironium (l.) w.d.j. koch,senkyunolide i,Opopanax chironium,Opopanax chironium (L.) W.D.J.Koch,DQNGMIQSXNGHOA,10.34172/ps.2020.8,Opopanax chironium_DQNGMIQSXNGHOA
5900,opopanax chironium (l.) w.d.j. koch,z-butylidenephthalide,Opopanax chironium,Opopanax chironium (L.) W.D.J.Koch,WMBOCUXXNSOQHM,10.34172/ps.2020.8,Opopanax chironium_WMBOCUXXNSOQHM
5901,opopanax hispidus (friv.) griseb,incensole,Opopanax hispidus,Opopanax hispidus (Friv.) Griseb.,SSBZLMMXFQMHDP,10.34172/ps.2020.8,Opopanax hispidus_SSBZLMMXFQMHDP
5902,opopanax hispidus (friv.) griseb,incensole acetate,Opopanax hispidus,Opopanax hispidus (Friv.) Griseb.,HVBACKJYWZTKCA,10.34172/ps.2020.8,Opopanax hispidus_HVBACKJYWZTKCA
5903,opopanax hispidus (friv.) griseb,geranyl geraniol acetate,Opopanax hispidus,Opopanax hispidus (Friv.) Griseb.,REIRVSYCMLNXKL,10.34172/ps.2020.8,Opopanax hispidus_REIRVSYCMLNXKL
5905,opopanax hispidus (friv.) griseb,torulosol,Opopanax hispidus,Opopanax hispidus (Friv.) Griseb.,IERFAZQCIAZODG,10.34172/ps.2020.8,Opopanax hispidus_IERFAZQCIAZODG
5906,opopanax hispidus (friv.) griseb,germacrene d,Opopanax hispidus,Opopanax hispidus (Friv.) Griseb.,GAIBLDCXCZKKJE,10.34172/ps.2020.8,Opopanax hispidus_GAIBLDCXCZKKJE
5909,solanum trilobatum,solanidine,Solanum trilobatum,Solanum trilobatum L.,JVKYZPBMZPJNAJ,10.70135/seejph.vi.6201,Solanum trilobatum_JVKYZPBMZPJNAJ
5910,rauvolfia serpentina l. benth. ex kurz,yohimbinic acid,Rauvolfia serpentina,Rauvolfia serpentina (L.) Benth. ex Kurz,AADVZSXPNRLYLV,10.14719/pst.8577,Rauvolfia serpentina_AADVZSXPNRLYLV
5915,rauvolfia serpentina l. benth. ex kurz,3-hydroxysarpagine,Rauvolfia serpentina,Rauvolfia serpentina (L.) Benth. ex Kurz,FNKZQZYHQGWZAE,10.14719/pst.8577,Rauvolfia serpentina_FNKZQZYHQGWZAE
5918,rauvolfia serpentina l. benth. ex kurz,loganic acid,Rauvolfia serpentina,Rauvolfia serpentina (L.) Benth. ex Kurz,JNNGEAWILNVFFD,10.14719/pst.8577,Rauvolfia serpentina_JNNGEAWILNVFFD
5923,rauvolfia serpentina l. benth. ex kurz,stigmasterol 3-o-β-d-glucopyranoside,Rauvolfia serpentina,Rauvolfia serpentina (L.) Benth. ex Kurz,VWDLOXMZIGUBKM,10.14719/pst.8577,Rauvolfia serpentina_VWDLOXMZIGUBKM
5924,rauvolfia serpentina l. benth. ex kurz,venoterpine,Rauvolfia serpentina,Rauvolfia serpentina (L.) Benth. ex Kurz,IOIGOIPHPUCFOB,10.14719/pst.8577,Rauvolfia serpentina_IOIGOIPHPUCFOB
5925,rauvolfia serpentina l. benth. ex kurz,"methyl 3,4,5-trimethoxy-trans-cinnamate",Rauvolfia serpentina,Rauvolfia serpentina (L.) Benth. ex Kurz,KLXHCGFNNUQTEY,10.14719/pst.8577,Rauvolfia serpentina_KLXHCGFNNUQTEY
5926,rauvolfia serpentina l. benth. ex kurz,rutin,Rauvolfia serpentina,Rauvolfia serpentina (L.) Benth. ex Kurz,IKGXIBQEEMLURG,10.14719/pst.8577,Rauvolfia serpentina_IKGXIBQEEMLURG
5929,rauvolfia serpentina l. benth. ex kurz,β-sitosterol 3-o-β-d-glucopyranoside,Rauvolfia serpentina,Rauvolfia serpentina (L.) Benth. ex Kurz,NPJICTMALKLTFW,10.14719/pst.8577,Rauvolfia serpentina_NPJICTMALKLTFW
5931,rauvolfia serpentina l. benth. ex kurz,quercetin,Rauvolfia serpentina,Rauvolfia serpentina (L.) Benth. ex Kurz,REFJWTPEDVJJIY,10.14719/pst.8577,Rauvolfia serpentina_REFJWTPEDVJJIY
5933,rauvolfia serpentina l. benth. ex kurz,isorauhimbinic acid,Rauvolfia serpentina,Rauvolfia serpentina (L.) Benth. ex Kurz,AADVZSXPNRLYLV,10.14719/pst.8577,Rauvolfia serpentina_AADVZSXPNRLYLV
5934,rauvolfia serpentina l. benth. ex kurz,kaempferol,Rauvolfia serpentina,Rauvolfia serpentina (L.) Benth. ex Kurz,IYRMWMYZSQPJKC,10.14719/pst.8577,Rauvolfia serpentina_IYRMWMYZSQPJKC
5936,rauvolfia serpentina l. benth. ex kurz,7-deoxyloganic acid,Rauvolfia serpentina,Rauvolfia serpentina (L.) Benth. ex Kurz,DSXFHNSGLYXPNG,10.14719/pst.8577,Rauvolfia serpentina_DSXFHNSGLYXPNG
5940,rauvolfia tetraphylla l,myricetin,Rauvolfia tetraphylla,Rauvolfia tetraphylla L.,IKMDFBPHZNJCSN,10.14719/pst.8577,Rauvolfia tetraphylla_IKMDFBPHZNJCSN
5946,rauvolfia tetraphylla l,β-carotene,Rauvolfia tetraphylla,Rauvolfia tetraphylla L.,OENHQHLEOONYIE,10.14719/pst.8577,Rauvolfia tetraphylla_OENHQHLEOONYIE
5947,rauvolfia tetraphylla l,phenanthrenone,Rauvolfia tetraphylla,Rauvolfia tetraphylla L.,IQMTVJBLQXREOP,10.14719/pst.8577,Rauvolfia tetraphylla_IQMTVJBLQXREOP
5949,rauvolfia tetraphylla l,quercetin,Rauvolfia tetraphylla,Rauvolfia tetraphylla L.,REFJWTPEDVJJIY,10.14719/pst.8577,Rauvolfia tetraphylla_REFJWTPEDVJJIY
5952,rauvolfia tetraphylla l,cyanidin,Rauvolfia tetraphylla,Rauvolfia tetraphylla L.,VEVZSMAEJFVWIL,10.14719/pst.8577,Rauvolfia tetraphylla_VEVZSMAEJFVWIL
5953,rauvolfia micrantha hook. f,yohimbinic acid,Rauvolfia micrantha,Rauvolfia micrantha Hook.f.,AADVZSXPNRLYLV,10.14719/pst.8577,Rauvolfia micrantha_AADVZSXPNRLYLV
5954,rauvolfia micrantha hook. f,quercetin,Rauvolfia micrantha,Rauvolfia micrantha Hook.f.,REFJWTPEDVJJIY,10.14719/pst.8577,Rauvolfia micrantha_REFJWTPEDVJJIY
5955,rauvolfia micrantha hook. f,yohimbine,Rauvolfia micrantha,Rauvolfia micrantha Hook.f.,BLGXFZZNTVWLAY,10.14719/pst.8577,Rauvolfia micrantha_BLGXFZZNTVWLAY
5956,rauvolfia micrantha hook. f,reserpine,Rauvolfia micrantha,Rauvolfia micrantha Hook.f.,QEVHRUUCFGRFIF,10.14719/pst.8577,Rauvolfia micrantha_QEVHRUUCFGRFIF
5957,rauvolfia micrantha hook. f,deserpidine,Rauvolfia micrantha,Rauvolfia micrantha Hook.f.,CVBMAZKKCSYWQR,10.14719/pst.8577,Rauvolfia micrantha_CVBMAZKKCSYWQR
5958,rauvolfia micrantha hook. f,ajmaline,Rauvolfia micrantha,Rauvolfia micrantha Hook.f.,CJDRUOGAGYHKKD,10.14719/pst.8577,Rauvolfia micrantha_CJDRUOGAGYHKKD
5959,rauvolfia micrantha hook. f,apigenin,Rauvolfia micrantha,Rauvolfia micrantha Hook.f.,KZNIFHPLKGYRTM,10.14719/pst.8577,Rauvolfia micrantha_KZNIFHPLKGYRTM
5960,rauvolfia micrantha hook. f,ajmalicine,Rauvolfia micrantha,Rauvolfia micrantha Hook.f.,GRTOGORTSDXSFK,10.14719/pst.8577,Rauvolfia micrantha_GRTOGORTSDXSFK
5961,rauvolfia micrantha hook. f,reserpic acid,Rauvolfia micrantha,Rauvolfia micrantha Hook.f.,JVHNBFFHWQQPLL,10.14719/pst.8577,Rauvolfia micrantha_JVHNBFFHWQQPLL
5962,rauvolfia beddomei hook,quercetin,Rauvolfia hookeri,Rauvolfia hookeri S.R.Sriniv. & Chithra,REFJWTPEDVJJIY,10.14719/pst.8577,Rauvolfia hookeri_REFJWTPEDVJJIY
5963,rauvolfia beddomei hook,kaempferol-3-o-d-glucoside,Rauvolfia hookeri,Rauvolfia hookeri S.R.Sriniv. & Chithra,JPUKWEQWGBDDQB,10.14719/pst.8577,Rauvolfia hookeri_JPUKWEQWGBDDQB
5964,rauvolfia beddomei hook,kaempferol,Rauvolfia hookeri,Rauvolfia hookeri S.R.Sriniv. & Chithra,IYRMWMYZSQPJKC,10.14719/pst.8577,Rauvolfia hookeri_IYRMWMYZSQPJKC
5965,rauvolfia beddomei hook,reserpine,Rauvolfia hookeri,Rauvolfia hookeri S.R.Sriniv. & Chithra,QEVHRUUCFGRFIF,10.14719/pst.8577,Rauvolfia hookeri_QEVHRUUCFGRFIF
5966,rauvolfia beddomei hook,lycopene,Rauvolfia hookeri,Rauvolfia hookeri S.R.Sriniv. & Chithra,OAIJSZIZWZSQBC,10.14719/pst.8577,Rauvolfia hookeri_OAIJSZIZWZSQBC
5967,rauvolfia beddomei hook,apigenin,Rauvolfia hookeri,Rauvolfia hookeri S.R.Sriniv. & Chithra,KZNIFHPLKGYRTM,10.14719/pst.8577,Rauvolfia hookeri_KZNIFHPLKGYRTM
5969,rauvolfia densiflora benth ex hook. f,rescinnamine,Rauvolfia verticillata,Rauvolfia verticillata (Lour.) Baill.,SZLZWPPUNLXJEA,10.14719/pst.8577,Rauvolfia verticillata_SZLZWPPUNLXJEA
5970,rauvolfia densiflora benth ex hook. f,rauvovertine c,Rauvolfia verticillata,Rauvolfia verticillata (Lour.) Baill.,ZZHBMDPVMXMCCC,10.14719/pst.8577,Rauvolfia verticillata_ZZHBMDPVMXMCCC
5971,rauvolfia densiflora benth ex hook. f,reserpiline,Rauvolfia verticillata,Rauvolfia verticillata (Lour.) Baill.,FGWJRZQNNZVCHR,10.14719/pst.8577,Rauvolfia verticillata_FGWJRZQNNZVCHR
5972,rauvolfia densiflora benth ex hook. f,verticillatine,Rauvolfia verticillata,Rauvolfia verticillata (Lour.) Baill.,FJKICKPAGXMAIN,10.14719/pst.8577,Rauvolfia verticillata_FJKICKPAGXMAIN
5973,rauvolfia densiflora benth ex hook. f,raunescine,Rauvolfia verticillata,Rauvolfia verticillata (Lour.) Baill.,UGMYHMZSPHJQHL,10.14719/pst.8577,Rauvolfia verticillata_UGMYHMZSPHJQHL
5976,rauvolfia densiflora benth ex hook. f,dispegatrine,Rauvolfia verticillata,Rauvolfia verticillata (Lour.) Baill.,ZYQNRMXWHKJVLH,10.14719/pst.8577,Rauvolfia verticillata_ZYQNRMXWHKJVLH
5978,rauvolfia densiflora benth ex hook. f,vitamin c,Rauvolfia verticillata,Rauvolfia verticillata (Lour.) Baill.,CIWBSHSKHKDKBQ,10.14719/pst.8577,Rauvolfia verticillata_CIWBSHSKHKDKBQ
5980,rauvolfia densiflora benth ex hook. f,rauvovertine b,Rauvolfia verticillata,Rauvolfia verticillata (Lour.) Baill.,YQFGLJJOGMUWSM,10.14719/pst.8577,Rauvolfia verticillata_YQFGLJJOGMUWSM
5981,rauvolfia densiflora benth ex hook. f,spegatrine,Rauvolfia verticillata,Rauvolfia verticillata (Lour.) Baill.,DOTYYDUNWITJSJ,10.14719/pst.8577,Rauvolfia verticillata_DOTYYDUNWITJSJ
5982,rauvolfia densiflora benth ex hook. f,reserpinine,Rauvolfia verticillata,Rauvolfia verticillata (Lour.) Baill.,SZLZWPPUNLXJEA,10.14719/pst.8577,Rauvolfia verticillata_SZLZWPPUNLXJEA
5983,rauvolfia densiflora benth ex hook. f,densiflorine,Rauvolfia verticillata,Rauvolfia verticillata (Lour.) Baill.,OALWQTMURSABLQ,10.14719/pst.8577,Rauvolfia verticillata_OALWQTMURSABLQ
5984,rauvolfia densiflora benth ex hook. f,quercetin,Rauvolfia verticillata,Rauvolfia verticillata (Lour.) Baill.,REFJWTPEDVJJIY,10.14719/pst.8577,Rauvolfia verticillata_REFJWTPEDVJJIY
5986,rauvolfia densiflora benth ex hook. f,isoreserpinine,Rauvolfia verticillata,Rauvolfia verticillata (Lour.) Baill.,KXEMQEGRZWUKJS,10.14719/pst.8577,Rauvolfia verticillata_KXEMQEGRZWUKJS
5987,rauvolfia densiflora benth ex hook. f,rauvovertine a,Rauvolfia verticillata,Rauvolfia verticillata (Lour.) Baill.,AWYNNQCKGSFTMD,10.14719/pst.8577,Rauvolfia verticillata_AWYNNQCKGSFTMD
5988,nelumbo nucifera,acetic acid,Nelumbo nucifera,Nelumbo nucifera Gaertn.,QTBSBXVTEAMEQO,10.55691/2278-344x.1059,Nelumbo nucifera_QTBSBXVTEAMEQO
5989,nelumbo nucifera,betulin,Nelumbo nucifera,Nelumbo nucifera Gaertn.,FVWJYYTZTCVBKE,10.55691/2278-344x.1059,Nelumbo nucifera_FVWJYYTZTCVBKE
5991,nelumbo nucifera,vitamin a aldehyde,Nelumbo nucifera,Nelumbo nucifera Gaertn.,NCYCYZXNIZJOKI,10.55691/2278-344x.1059,Nelumbo nucifera_NCYCYZXNIZJOKI
5993,nelumbo nucifera,3.alpha.-(trimethylsiloxy) cholest-5-ene,Nelumbo nucifera,Nelumbo nucifera Gaertn.,CBVJJGRSRFXUPK,10.55691/2278-344x.1059,Nelumbo nucifera_CBVJJGRSRFXUPK
5994,nelumbo nucifera,9-octadecenoic acid ethyl ester,Nelumbo nucifera,Nelumbo nucifera Gaertn.,LVGKNOAMLMIIKO,10.55691/2278-344x.1059,Nelumbo nucifera_LVGKNOAMLMIIKO
5995,nelumbo nucifera,11-hexadecenoic acid,Nelumbo nucifera,Nelumbo nucifera Gaertn.,JGMYDQCXGIMHLL,10.55691/2278-344x.1059,Nelumbo nucifera_JGMYDQCXGIMHLL
5998,nelumbo nucifera,di-n-octyl phthalate,Nelumbo nucifera,Nelumbo nucifera Gaertn.,MQIUGAXCHLFZKX,10.55691/2278-344x.1059,Nelumbo nucifera_MQIUGAXCHLFZKX
6000,nelumbo nucifera,1-heptadecanol,Nelumbo nucifera,Nelumbo nucifera Gaertn.,GOQYKNQRPGWPLP,10.55691/2278-344x.1059,Nelumbo nucifera_GOQYKNQRPGWPLP
6001,nelumbo nucifera,docosanoic acid,Nelumbo nucifera,Nelumbo nucifera Gaertn.,UKMSUNONTOPOIO,10.55691/2278-344x.1059,Nelumbo nucifera_UKMSUNONTOPOIO
6002,nelumbo nucifera,linoleic acid ethyl ester,Nelumbo nucifera,Nelumbo nucifera Gaertn.,FMMOOAYVCKXGMF,10.55691/2278-344x.1059,Nelumbo nucifera_FMMOOAYVCKXGMF
6004,nelumbo nucifera,"3,4-dihydroxybenzoic acid",Nelumbo nucifera,Nelumbo nucifera Gaertn.,YQUVCSBJEUQKSH,10.55691/2278-344x.1059,Nelumbo nucifera_YQUVCSBJEUQKSH
6005,nelumbo nucifera,"9,12-octadecadienoic acid",Nelumbo nucifera,Nelumbo nucifera Gaertn.,OYHQOLUKZRVURQ,10.55691/2278-344x.1059,Nelumbo nucifera_OYHQOLUKZRVURQ
6006,nelumbo nucifera,maslinic acid,Nelumbo nucifera,Nelumbo nucifera Gaertn.,MDZKJHQSJHYOHJ,10.55691/2278-344x.1059,Nelumbo nucifera_MDZKJHQSJHYOHJ
6007,nelumbo nucifera,n-tetradecanoic acid,Nelumbo nucifera,Nelumbo nucifera Gaertn.,TUNFSRHWOTWDNC,10.55691/2278-344x.1059,Nelumbo nucifera_TUNFSRHWOTWDNC
6009,nelumbo nucifera,lupeol,Nelumbo nucifera,Nelumbo nucifera Gaertn.,MQYXUWHLBZFQQO,10.55691/2278-344x.1059,Nelumbo nucifera_MQYXUWHLBZFQQO
6010,nelumbo nucifera,b-sitosterol,Nelumbo nucifera,Nelumbo nucifera Gaertn.,KZJWDPNRJALLNS,10.55691/2278-344x.1059,Nelumbo nucifera_KZJWDPNRJALLNS
6011,nelumbo nucifera,vitexin,Nelumbo nucifera,Nelumbo nucifera Gaertn.,SGEWCQFRYRRZDC,10.55691/2278-344x.1059,Nelumbo nucifera_SGEWCQFRYRRZDC
6013,nelumbo nucifera,1-monolinoleoylglycerol trimethylsilyl ether,Nelumbo nucifera,Nelumbo nucifera Gaertn.,HAIMZFMIQAQSAS,10.55691/2278-344x.1059,Nelumbo nucifera_HAIMZFMIQAQSAS
6014,nelumbo nucifera,13-tetradecenal,Nelumbo nucifera,Nelumbo nucifera Gaertn.,ZVJRAGVPKPPDKE,10.55691/2278-344x.1059,Nelumbo nucifera_ZVJRAGVPKPPDKE
6015,nelumbo nucifera,"ergost-25-ene-3,5,6,12-tetrol",Nelumbo nucifera,Nelumbo nucifera Gaertn.,QPSIXZTWWLBRTC,10.55691/2278-344x.1059,Nelumbo nucifera_QPSIXZTWWLBRTC
6017,nelumbo nucifera,"11, 14-eicosadienoic acid",Nelumbo nucifera,Nelumbo nucifera Gaertn.,XSXIVVZCUAHUJO,10.55691/2278-344x.1059,Nelumbo nucifera_XSXIVVZCUAHUJO
6019,nelumbo nucifera,tetradecanoic acid,Nelumbo nucifera,Nelumbo nucifera Gaertn.,TUNFSRHWOTWDNC,10.55691/2278-344x.1059,Nelumbo nucifera_TUNFSRHWOTWDNC
6020,lippia citriodora k,triterpenos,Aloysia citrodora,Aloysia citrodora Paláu,XBZYWSMVVKYHQN,10.29076/issn.2528-7737vol12iss29.2019pp9-19p,Aloysia citrodora_XBZYWSMVVKYHQN
6025,melissa officinalis l,α-caryophyllene,Melissa officinalis,Melissa officinalis L.,FAMPSKZZVDUYOS,10.15835/nbha53114326,Melissa officinalis_FAMPSKZZVDUYOS
6026,melissa officinalis l,γ-cadinene,Melissa officinalis,Melissa officinalis L.,WRHGORWNJGOVQY,10.15835/nbha53114326,Melissa officinalis_WRHGORWNJGOVQY
6028,melissa officinalis l,γ-muurolene,Melissa officinalis,Melissa officinalis L.,WRHGORWNJGOVQY,10.15835/nbha53114326,Melissa officinalis_WRHGORWNJGOVQY
6029,melissa officinalis l,"(e,e)-α-farnesene",Melissa officinalis,Melissa officinalis L.,CXENHBSYCFFKJS,10.15835/nbha53114326,Melissa officinalis_CXENHBSYCFFKJS
6031,melissa officinalis l,anthranilic acid linalyl ester,Melissa officinalis,Melissa officinalis L.,WHIJSULEEDNKPD,10.15835/nbha53114326,Melissa officinalis_WHIJSULEEDNKPD
6039,commiphora wightii (arn.) bhandari,progesterone,Commiphora wightii,Commiphora wightii (Arn.) Bhandari,RJKFOVLPORLFTN,10.22270/jddt.v9i4-s.3256,Commiphora wightii_RJKFOVLPORLFTN
6043,commiphora wightii (arn.) bhandari,d-galactose,Commiphora wightii,Commiphora wightii (Arn.) Bhandari,WQZGKKKJIJFFOK,10.22270/jddt.v9i4-s.3256,Commiphora wightii_WQZGKKKJIJFFOK
6046,commiphora wightii (arn.) bhandari,arginine,Commiphora wightii,Commiphora wightii (Arn.) Bhandari,ODKSFYDXXFIFQN,10.22270/jddt.v9i4-s.3256,Commiphora wightii_ODKSFYDXXFIFQN
6048,commiphora wightii (arn.) bhandari,lysine,Commiphora wightii,Commiphora wightii (Arn.) Bhandari,KDXKERNSBIXSRK,10.22270/jddt.v9i4-s.3256,Commiphora wightii_KDXKERNSBIXSRK
6049,commiphora wightii (arn.) bhandari,"nonadecan-1,2,3,4-tetrol",Commiphora wightii,Commiphora wightii (Arn.) Bhandari,IHTQWPAYRAHPFX,10.22270/jddt.v9i4-s.3256,Commiphora wightii_IHTQWPAYRAHPFX
6050,commiphora wightii (arn.) bhandari,isoleucine,Commiphora wightii,Commiphora wightii (Arn.) Bhandari,AGPKZVBTJJNPAG,10.22270/jddt.v9i4-s.3256,Commiphora wightii_AGPKZVBTJJNPAG
6052,commiphora wightii (arn.) bhandari,myrcene,Commiphora wightii,Commiphora wightii (Arn.) Bhandari,UAHWPYUMFXYFJY,10.22270/jddt.v9i4-s.3256,Commiphora wightii_UAHWPYUMFXYFJY
6053,commiphora wightii (arn.) bhandari,l-fructose,Commiphora wightii,Commiphora wightii (Arn.) Bhandari,BJHIKXHVCXFQLS,10.22270/jddt.v9i4-s.3256,Commiphora wightii_BJHIKXHVCXFQLS
6055,commiphora wightii (arn.) bhandari,glutamic acid,Commiphora wightii,Commiphora wightii (Arn.) Bhandari,WHUUTDBJXJRKMK,10.22270/jddt.v9i4-s.3256,Commiphora wightii_WHUUTDBJXJRKMK
6056,commiphora wightii (arn.) bhandari,alanine,Commiphora wightii,Commiphora wightii (Arn.) Bhandari,QNAYBMKLOCPYGJ,10.22270/jddt.v9i4-s.3256,Commiphora wightii_QNAYBMKLOCPYGJ
6060,commiphora wightii (arn.) bhandari,isocembrol,Commiphora wightii,Commiphora wightii (Arn.) Bhandari,YAPXSYXFLHDPCK,10.22270/jddt.v9i4-s.3256,Commiphora wightii_YAPXSYXFLHDPCK
6061,commiphora wightii (arn.) bhandari,mansumbinone,Commiphora wightii,Commiphora wightii (Arn.) Bhandari,SCVQXPPZHIKYMJ,10.22270/jddt.v9i4-s.3256,Commiphora wightii_SCVQXPPZHIKYMJ
6062,commiphora wightii (arn.) bhandari,"4-pregnene-3,16-dione",Commiphora wightii,Commiphora wightii (Arn.) Bhandari,WAZCMUUVLNIUQT,10.22270/jddt.v9i4-s.3256,Commiphora wightii_WAZCMUUVLNIUQT
6066,commiphora wightii (arn.) bhandari,"octadecan-1,2,3,4-tetrol",Commiphora wightii,Commiphora wightii (Arn.) Bhandari,VTIMCYVWFFHKIG,10.22270/jddt.v9i4-s.3256,Commiphora wightii_VTIMCYVWFFHKIG
6067,commiphora wightii (arn.) bhandari,tyrosine,Commiphora wightii,Commiphora wightii (Arn.) Bhandari,OUYCCCASQSFEME,10.22270/jddt.v9i4-s.3256,Commiphora wightii_OUYCCCASQSFEME
6068,commiphora wightii (arn.) bhandari,cystine,Commiphora wightii,Commiphora wightii (Arn.) Bhandari,LEVWYRKDKASIDU,10.22270/jddt.v9i4-s.3256,Commiphora wightii_LEVWYRKDKASIDU
6069,commiphora wightii (arn.) bhandari,cadinene,Commiphora wightii,Commiphora wightii (Arn.) Bhandari,HNTISMRTGMVWGH,10.22270/jddt.v9i4-s.3256,Commiphora wightii_HNTISMRTGMVWGH
6071,commiphora wightii (arn.) bhandari,threonine,Commiphora wightii,Commiphora wightii (Arn.) Bhandari,AYFVYJQAPQTCCC,10.22270/jddt.v9i4-s.3256,Commiphora wightii_AYFVYJQAPQTCCC
6072,commiphora wightii (arn.) bhandari,serine,Commiphora wightii,Commiphora wightii (Arn.) Bhandari,MTCFGRXMJLQNBG,10.22270/jddt.v9i4-s.3256,Commiphora wightii_MTCFGRXMJLQNBG
6074,commiphora wightii (arn.) bhandari,geraniol,Commiphora wightii,Commiphora wightii (Arn.) Bhandari,GLZPCOQZEFWAFX,10.22270/jddt.v9i4-s.3256,Commiphora wightii_GLZPCOQZEFWAFX
6075,commiphora wightii (arn.) bhandari,valine,Commiphora wightii,Commiphora wightii (Arn.) Bhandari,KZSNJWFQEVHDMF,10.22270/jddt.v9i4-s.3256,Commiphora wightii_KZSNJWFQEVHDMF
6076,commiphora wightii (arn.) bhandari,dimyrcene,Commiphora wightii,Commiphora wightii (Arn.) Bhandari,GJYJYFHBOBUTBY,10.22270/jddt.v9i4-s.3256,Commiphora wightii_GJYJYFHBOBUTBY
6077,commiphora wightii (arn.) bhandari,histidine,Commiphora wightii,Commiphora wightii (Arn.) Bhandari,HNDVDQJCIGZPNO,10.22270/jddt.v9i4-s.3256,Commiphora wightii_HNDVDQJCIGZPNO
6081,commiphora wightii (arn.) bhandari,l-arabinose,Commiphora wightii,Commiphora wightii (Arn.) Bhandari,SRBFZHDQGSBBOR,10.22270/jddt.v9i4-s.3256,Commiphora wightii_SRBFZHDQGSBBOR
6084,commiphora wightii (arn.) bhandari,tryptophan,Commiphora wightii,Commiphora wightii (Arn.) Bhandari,QIVBCDIJIAJPQS,10.22270/jddt.v9i4-s.3256,Commiphora wightii_QIVBCDIJIAJPQS
6086,commiphora wightii (arn.) bhandari,aspartic acid,Commiphora wightii,Commiphora wightii (Arn.) Bhandari,CKLJMWTZIZZHCS,10.22270/jddt.v9i4-s.3256,Commiphora wightii_CKLJMWTZIZZHCS
6087,commiphora wightii (arn.) bhandari,mansumbinoic acid,Commiphora wightii,Commiphora wightii (Arn.) Bhandari,GZLOULXNCLGCGH,10.22270/jddt.v9i4-s.3256,Commiphora wightii_GZLOULXNCLGCGH
6088,commiphora wightii (arn.) bhandari,proline,Commiphora wightii,Commiphora wightii (Arn.) Bhandari,ONIBWKKTOPOVIA,10.22270/jddt.v9i4-s.3256,Commiphora wightii_ONIBWKKTOPOVIA
6089,commiphora wightii (arn.) bhandari,"eicosan-1,2,3,4-tetrol",Commiphora wightii,Commiphora wightii (Arn.) Bhandari,NBIAIONBZKKORG,10.22270/jddt.v9i4-s.3256,Commiphora wightii_NBIAIONBZKKORG
6090,commiphora wightii (arn.) bhandari,leucine,Commiphora wightii,Commiphora wightii (Arn.) Bhandari,ROHFNLRQFUQHCH,10.22270/jddt.v9i4-s.3256,Commiphora wightii_ROHFNLRQFUQHCH
6091,commiphora wightii (arn.) bhandari,4-o-methyl-d-glucuronic acid,Commiphora wightii,Commiphora wightii (Arn.) Bhandari,QGGOCWIJGWDKHC,10.22270/jddt.v9i4-s.3256,Commiphora wightii_QGGOCWIJGWDKHC
6095,eugenia dysenterica d.c,b-caryophyllene oxide,Eugenia dysenterica,Eugenia dysenterica DC.,NVEQFIOZRFFVFW,10.1007/s11101-013-9315-3,Eugenia dysenterica_NVEQFIOZRFFVFW
6101,myrcia tomentosa (aubl.) dc,juglanin,Myrcia tomentosa,Myrcia tomentosa (Aubl.) DC.,POQICXMTUPVZMX,10.1007/s11101-013-9315-3,Myrcia tomentosa_POQICXMTUPVZMX
6102,myrcia tomentosa (aubl.) dc,avicularin,Myrcia tomentosa,Myrcia tomentosa (Aubl.) DC.,BDCDNTVZSILEOY,10.1007/s11101-013-9315-3,Myrcia tomentosa_BDCDNTVZSILEOY
6103,memora peregrina (miers) sandwith,b-sitosterol,Adenocalymma peregrinum,Adenocalymma peregrinum (Miers) L.G.Lohmann,KZJWDPNRJALLNS,10.1007/s11101-013-9315-3,Adenocalymma peregrinum_KZJWDPNRJALLNS
6104,memora peregrina (miers) sandwith,allantoin,Adenocalymma peregrinum,Adenocalymma peregrinum (Miers) L.G.Lohmann,POJWUDADGALRAB,10.1007/s11101-013-9315-3,Adenocalymma peregrinum_POJWUDADGALRAB
6105,memora peregrina (miers) sandwith,4-hydroxy-n-methylproline,Adenocalymma peregrinum,Adenocalymma peregrinum (Miers) L.G.Lohmann,FMIPNAUMSPFTHK,10.1007/s11101-013-9315-3,Adenocalymma peregrinum_FMIPNAUMSPFTHK
6106,memora peregrina (miers) sandwith,lupeol,Adenocalymma peregrinum,Adenocalymma peregrinum (Miers) L.G.Lohmann,MQYXUWHLBZFQQO,10.1007/s11101-013-9315-3,Adenocalymma peregrinum_MQYXUWHLBZFQQO
6107,memora peregrina (miers) sandwith,hyperin,Adenocalymma peregrinum,Adenocalymma peregrinum (Miers) L.G.Lohmann,OVSQVDMCBVZWGM,10.1007/s11101-013-9315-3,Adenocalymma peregrinum_OVSQVDMCBVZWGM
6108,caryocar brasiliense cambess,b-d-fructofuranose,Caryocar brasiliense,Caryocar brasiliense A.St.-Hil.,RFSUNEUAIZKAJO,10.1007/s11101-013-9315-3,Caryocar brasiliense_RFSUNEUAIZKAJO
6109,caryocar brasiliense cambess,b-d-glucose,Caryocar brasiliense,Caryocar brasiliense A.St.-Hil.,WQZGKKKJIJFFOK,10.1007/s11101-013-9315-3,Caryocar brasiliense_WQZGKKKJIJFFOK
6110,caryocar brasiliense cambess,gallic acid,Caryocar brasiliense,Caryocar brasiliense A.St.-Hil.,LNTHITQWFMADLM,10.1007/s11101-013-9315-3,Caryocar brasiliense_LNTHITQWFMADLM
6111,caryocar brasiliense cambess,stigmasterol,Caryocar brasiliense,Caryocar brasiliense A.St.-Hil.,HCXVJBMSMIARIN,10.1007/s11101-013-9315-3,Caryocar brasiliense_HCXVJBMSMIARIN
6112,caryocar brasiliense cambess,b-sitosterol,Caryocar brasiliense,Caryocar brasiliense A.St.-Hil.,KZJWDPNRJALLNS,10.1007/s11101-013-9315-3,Caryocar brasiliense_KZJWDPNRJALLNS
6113,caryocar brasiliense cambess,oleic acid,Caryocar brasiliense,Caryocar brasiliense A.St.-Hil.,ZQPPMHVWECSIRJ,10.1007/s11101-013-9315-3,Caryocar brasiliense_ZQPPMHVWECSIRJ
6114,caryocar brasiliense cambess,5-hydroxyfurfural,Caryocar brasiliense,Caryocar brasiliense A.St.-Hil.,QVYAWBLDJPTXHS,10.1007/s11101-013-9315-3,Caryocar brasiliense_QVYAWBLDJPTXHS
6115,caryocar brasiliense cambess,lupeol,Caryocar brasiliense,Caryocar brasiliense A.St.-Hil.,MQYXUWHLBZFQQO,10.1007/s11101-013-9315-3,Caryocar brasiliense_MQYXUWHLBZFQQO
6116,caryocar brasiliense cambess,ethyl gallate,Caryocar brasiliense,Caryocar brasiliense A.St.-Hil.,VFPFQHQNJCMNBZ,10.1007/s11101-013-9315-3,Caryocar brasiliense_VFPFQHQNJCMNBZ
6117,caryocar brasiliense cambess,a-d-glucose,Caryocar brasiliense,Caryocar brasiliense A.St.-Hil.,WQZGKKKJIJFFOK,10.1007/s11101-013-9315-3,Caryocar brasiliense_WQZGKKKJIJFFOK
6118,byrsonima crassa nied,amentoflavone,Byrsonima crassa,Byrsonima crassa Nied.,YUSWMAULDXZHPY,10.1007/s11101-013-9315-3,Byrsonima crassa_YUSWMAULDXZHPY
6119,rapanea umbellata (mart.) mez,lutein,Myrsine umbellata,Myrsine umbellata Mart.,KBPHJBAIARWVSC,10.1007/s11101-013-9315-3,Myrsine umbellata_KBPHJBAIARWVSC
6120,rapanea umbellata (mart.) mez,(-)-catechin,Myrsine umbellata,Myrsine umbellata Mart.,PFTAWBLQPZVEMU,10.1007/s11101-013-9315-3,Myrsine umbellata_PFTAWBLQPZVEMU
6121,schefflera vinosa (cham. and schltdl.) frodin and fiaschi,betulin,Didymopanax vinosus,Didymopanax vinosus (Cham. & Schltdl.) Marchal,FVWJYYTZTCVBKE,10.1007/s11101-013-9315-3,Didymopanax vinosus_FVWJYYTZTCVBKE
6122,kielmeyera variabilis mart. and zucc,"1,3,5,6-tetrahydroxy-2-prenylxanthone",Kielmeyera variabilis,Kielmeyera variabilis Mart. & Zucc.,NPQLJYVRPMRCAL,10.1007/s11101-013-9315-3,Kielmeyera variabilis_NPQLJYVRPMRCAL
6123,miconia langsdorffii cogn,oleanolic,Miconia langsdorffii,Miconia langsdorffii Cogn.,GXWUEMSASMVWKO,10.1007/s11101-013-9315-3,Miconia langsdorffii_GXWUEMSASMVWKO
6124,eugenia malaccensis l,gallic acid,Syzygium malaccense,Syzygium malaccense (L.) Merr. & L.M.Perry,LNTHITQWFMADLM,10.1007/s11101-013-9315-3,Syzygium malaccense_LNTHITQWFMADLM
6125,roupala montana aubl,isorhamnetin,Roupala montana,Roupala montana Aubl.,IZQSVPBOUDKVDZ,10.1007/s11101-013-9315-3,Roupala montana_IZQSVPBOUDKVDZ
6126,annona coriaceae mart,xylopine,Annona,Annona L.,RFWCCZDSXIZJMF,10.1007/s11101-013-9315-3,Annona_RFWCCZDSXIZJMF
6128,annona coriaceae mart,romucosine,Annona,Annona L.,XBZPCDCYDZGHSV,10.1007/s11101-013-9315-3,Annona_XBZPCDCYDZGHSV
6132,stryphnodendron obovatum benth,epigallocatechin,Stryphnodendron rotundifolium var. rotundifolium,Stryphnodendron rotundifolium var. rotundifolium,XMOCLSLCDHWDHP,10.1007/s11101-013-9315-3,Stryphnodendron rotundifolium var. rotundifolium_XMOCLSLCDHWDHP
6133,stryphnodendron obovatum benth,gallocatechin,Stryphnodendron rotundifolium var. rotundifolium,Stryphnodendron rotundifolium var. rotundifolium,XMOCLSLCDHWDHP,10.1007/s11101-013-9315-3,Stryphnodendron rotundifolium var. rotundifolium_XMOCLSLCDHWDHP
6136,arrabidaea harley a.h. gentry,isoverbascoside,Xylophragma harleyi,Xylophragma harleyi (A.H.Gentry ex M.M.Silva & L.P.Queiroz) L.G.Lohmann,FNMHEHXNBNCPCI,10.1007/s11101-013-9315-3,Xylophragma harleyi_FNMHEHXNBNCPCI
6137,arrabidaea harley a.h. gentry,verbascoside,Xylophragma harleyi,Xylophragma harleyi (A.H.Gentry ex M.M.Silva & L.P.Queiroz) L.G.Lohmann,FBSKJMQYURKNSU,10.1007/s11101-013-9315-3,Xylophragma harleyi_FBSKJMQYURKNSU
6140,austroplenckia populnea (reissek) lundell,pristimerin,Plenckia populnea,Plenckia populnea Reissek,JFACETXYABVHFD,10.1007/s11101-013-9315-3,Plenckia populnea_JFACETXYABVHFD
6144,justicia secunda vahl,anthocyanins,Dianthera secunda,Dianthera secunda (Lam.) Griseb.,NWKFECICNXDNOQ,10.15562/phytomedicine.2019.93,Dianthera secunda_NWKFECICNXDNOQ
6145,justicia gendarussa,naringenin,Justicia gendarussa,Justicia gendarussa Burm.f.,FTVWIRXFELQLPI,10.15562/phytomedicine.2019.93,Justicia gendarussa_FTVWIRXFELQLPI
6146,justicia gendarussa,kaempferol,Justicia gendarussa,Justicia gendarussa Burm.f.,IYRMWMYZSQPJKC,10.15562/phytomedicine.2019.93,Justicia gendarussa_IYRMWMYZSQPJKC
6149,justicia gendarussa,apigenin,Justicia gendarussa,Justicia gendarussa Burm.f.,KZNIFHPLKGYRTM,10.15562/phytomedicine.2019.93,Justicia gendarussa_KZNIFHPLKGYRTM
6150,justicia gendarussa,vitexin,Justicia gendarussa,Justicia gendarussa Burm.f.,SGEWCQFRYRRZDC,10.15562/phytomedicine.2019.93,Justicia gendarussa_SGEWCQFRYRRZDC
6151,justicia gendarussa,stigmasterol,Justicia gendarussa,Justicia gendarussa Burm.f.,HCXVJBMSMIARIN,10.15562/phytomedicine.2019.93,Justicia gendarussa_HCXVJBMSMIARIN
6152,justicia gendarussa,lupeol,Justicia gendarussa,Justicia gendarussa Burm.f.,MQYXUWHLBZFQQO,10.15562/phytomedicine.2019.93,Justicia gendarussa_MQYXUWHLBZFQQO
6154,justicia spicigera schltdl,allantoin,Justicia spicigera,Justicia spicigera Schltdl.,POJWUDADGALRAB,10.15562/phytomedicine.2019.93,Justicia spicigera_POJWUDADGALRAB
6163,justicia cataractae,"3´,4´dihydroxyflavonol",Justicia cataractae,Justicia cataractae Leonard,KPGMHZQXQVDYNT,10.15562/phytomedicine.2019.93,Justicia cataractae_KPGMHZQXQVDYNT
6164,justicia betonica,cilinaphthalide b,Nicoteba betonica,Nicoteba betonica (L.) Lindau,GQAJQAMRZKZXNJ,10.15562/phytomedicine.2019.93,Nicoteba betonica_GQAJQAMRZKZXNJ
6166,justicia betonica,chinensinaphthol,Nicoteba betonica,Nicoteba betonica (L.) Lindau,ZYUVOQCJYNAWNV,10.15562/phytomedicine.2019.93,Nicoteba betonica_ZYUVOQCJYNAWNV
6169,justicia betonica,cilinaphthalide a,Nicoteba betonica,Nicoteba betonica (L.) Lindau,AIILOHJZHOBSKD,10.15562/phytomedicine.2019.93,Nicoteba betonica_AIILOHJZHOBSKD
6170,justicia flava,podophyllotoxin,Justicia flava,Justicia flava (Forssk.) Vahl,YJGVMLPVUAXIQN,10.15562/phytomedicine.2019.93,Justicia flava_YJGVMLPVUAXIQN
6184,justicia extensa,justicidin a,Justicia extensa,Justicia extensa T.Anderson,ANFSXHKDCKWWDB,10.15562/phytomedicine.2019.93,Justicia extensa_ANFSXHKDCKWWDB
6185,justicia extensa,diphyllin,Justicia extensa,Justicia extensa T.Anderson,VMEJANRODATDOF,10.15562/phytomedicine.2019.93,Justicia extensa_VMEJANRODATDOF
6191,solanum tuberosum l,pelargonidin chloride,Solanum tuberosum,Solanum tuberosum L.,YPVZJXMTXCOTJN,10.15835/nbha53114080,Solanum tuberosum_YPVZJXMTXCOTJN
6197,solanum tuberosum l,anthocyanins,Solanum tuberosum,Solanum tuberosum L.,NWKFECICNXDNOQ,10.15835/nbha53114080,Solanum tuberosum_NWKFECICNXDNOQ
6203,solanum tuberosum l,malvidin chloride,Solanum tuberosum,Solanum tuberosum L.,KQIKOUUKQBTQBE,10.15835/nbha53114080,Solanum tuberosum_KQIKOUUKQBTQBE
6205,solanum tuberosum l,carotenoids,Solanum tuberosum,Solanum tuberosum L.,FLFJZZNKVVNCFQ,10.15835/nbha53114080,Solanum tuberosum_FLFJZZNKVVNCFQ
6227,myristica fragrans hoyutt,linoleic acid,Myristica fragrans,Myristica fragrans Houtt.,OYHQOLUKZRVURQ,10.4314/ajb.v11i65.,Myristica fragrans_OYHQOLUKZRVURQ
6234,myristica fragrans hoyutt,lauric acid,Myristica fragrans,Myristica fragrans Houtt.,POULHZVOKOAJMA,10.4314/ajb.v11i65.,Myristica fragrans_POULHZVOKOAJMA
6239,teucrium polium l,rutin,Teucrium polium,Teucrium polium L.,IKGXIBQEEMLURG,10.5281/zenodo.6372971,Teucrium polium_IKGXIBQEEMLURG
6241,teucrium polium l,caffeic acid,Teucrium polium,Teucrium polium L.,QAIPRVGONGVQAS,10.5281/zenodo.6372971,Teucrium polium_QAIPRVGONGVQAS
6243,santalum album,phenol,Santalum album,Santalum album L.,ISWSIDIOOBJBQZ,10.22270/jddt.v9i4-a.3288,Santalum album_ISWSIDIOOBJBQZ
6244,santalum album,tannin,Santalum album,Santalum album L.,LRBQNJMCXXYXIU,10.22270/jddt.v9i4-a.3288,Santalum album_LRBQNJMCXXYXIU
6245,santalum album,flavonoid,Santalum album,Santalum album L.,JVXZRQGOGOXCEC,10.22270/jddt.v9i4-a.3288,Santalum album_JVXZRQGOGOXCEC
6246,santalum album,coumarin,Santalum album,Santalum album L.,ZYGHJZDHTFUPRJ,10.22270/jddt.v9i4-a.3288,Santalum album_ZYGHJZDHTFUPRJ
6249,copaifera reticulata ducke,β-selinene,Copaifera epunctata,Copaifera epunctata Amshoff,YOVSPTNQHMDJAG,10.56238/methofocusinterv1-060,Copaifera epunctata_YOVSPTNQHMDJAG
6250,copaifera reticulata ducke,β-bisabolene,Copaifera epunctata,Copaifera epunctata Amshoff,XZRVRYFILCSYSP,10.56238/methofocusinterv1-060,Copaifera epunctata_XZRVRYFILCSYSP
6251,copaifera reticulata ducke,β-caryophyllene,Copaifera epunctata,Copaifera epunctata Amshoff,NPNUFJAVOOONJE,10.56238/methofocusinterv1-060,Copaifera epunctata_NPNUFJAVOOONJE
6252,copaifera reticulata ducke,trans-α-bergamotene,Copaifera epunctata,Copaifera epunctata Amshoff,YMBFCQPIMVLNIU,10.56238/methofocusinterv1-060,Copaifera epunctata_YMBFCQPIMVLNIU
6253,copaifera martii hayne,δ-cadinene,Copaifera martii,Copaifera martii Hayne,FUCYIEXQVQJBKY,10.56238/methofocusinterv1-060,Copaifera martii_FUCYIEXQVQJBKY
6254,copaifera martii hayne,α-copaene,Copaifera martii,Copaifera martii Hayne,VLXDPFLIRFYIME,10.56238/methofocusinterv1-060,Copaifera martii_VLXDPFLIRFYIME
6261,bauhinia variegata var. variegata,β-sitosterol,Bauhinia variegata var. variegata,Bauhinia variegata var. variegata,KZJWDPNRJALLNS,10.56238/methofocusinterv1-060,Bauhinia variegata var. variegata_KZJWDPNRJALLNS
6262,bauhinia variegata var. variegata,trans-cinnamic acid,Bauhinia variegata var. variegata,Bauhinia variegata var. variegata,WBYWAXJHAXSJNI,10.56238/methofocusinterv1-060,Bauhinia variegata var. variegata_WBYWAXJHAXSJNI
6263,bauhinia variegata var. variegata,resveratrol,Bauhinia variegata var. variegata,Bauhinia variegata var. variegata,LUKBXSAWLPMMSZ,10.56238/methofocusinterv1-060,Bauhinia variegata var. variegata_LUKBXSAWLPMMSZ
6264,bauhinia variegata var. variegata,apigenin,Bauhinia variegata var. variegata,Bauhinia variegata var. variegata,KZNIFHPLKGYRTM,10.56238/methofocusinterv1-060,Bauhinia variegata var. variegata_KZNIFHPLKGYRTM
6265,bauhinia variegata var. variegata,vanillic acid,Bauhinia variegata var. variegata,Bauhinia variegata var. variegata,WKOLLVMJNQIZCI,10.56238/methofocusinterv1-060,Bauhinia variegata var. variegata_WKOLLVMJNQIZCI
6266,bauhinia variegata var. variegata,gallic acid,Bauhinia variegata var. variegata,Bauhinia variegata var. variegata,LNTHITQWFMADLM,10.56238/methofocusinterv1-060,Bauhinia variegata var. variegata_LNTHITQWFMADLM
6267,bauhinia variegata var. variegata,quercitrin,Bauhinia variegata var. variegata,Bauhinia variegata var. variegata,OXGUCUVFOIWWQJ,10.56238/methofocusinterv1-060,Bauhinia variegata var. variegata_OXGUCUVFOIWWQJ
6268,bauhinia variegata var. variegata,quercetin,Bauhinia variegata var. variegata,Bauhinia variegata var. variegata,REFJWTPEDVJJIY,10.56238/methofocusinterv1-060,Bauhinia variegata var. variegata_REFJWTPEDVJJIY
6269,bauhinia variegata var. variegata,rutin,Bauhinia variegata var. variegata,Bauhinia variegata var. variegata,IKGXIBQEEMLURG,10.56238/methofocusinterv1-060,Bauhinia variegata var. variegata_IKGXIBQEEMLURG
6270,bauhinia variegata var. variegata,caffeic acid,Bauhinia variegata var. variegata,Bauhinia variegata var. variegata,QAIPRVGONGVQAS,10.56238/methofocusinterv1-060,Bauhinia variegata var. variegata_QAIPRVGONGVQAS
6271,bauhinia variegata var. variegata,p-coumaric acid,Bauhinia variegata var. variegata,Bauhinia variegata var. variegata,NGSWKAQJJWESNS,10.56238/methofocusinterv1-060,Bauhinia variegata var. variegata_NGSWKAQJJWESNS
6272,bauhinia variegata var. variegata,lupeol,Bauhinia variegata var. variegata,Bauhinia variegata var. variegata,MQYXUWHLBZFQQO,10.56238/methofocusinterv1-060,Bauhinia variegata var. variegata_MQYXUWHLBZFQQO
6273,bauhinia variegata var. variegata,β-amyrin,Bauhinia variegata var. variegata,Bauhinia variegata var. variegata,JFSHUTJDVKUMTJ,10.56238/methofocusinterv1-060,Bauhinia variegata var. variegata_JFSHUTJDVKUMTJ
6274,bauhinia variegata var. variegata,catechin,Bauhinia variegata var. variegata,Bauhinia variegata var. variegata,PFTAWBLQPZVEMU,10.56238/methofocusinterv1-060,Bauhinia variegata var. variegata_PFTAWBLQPZVEMU
6275,bauhinia variegata var. variegata,α-amyrin,Bauhinia variegata var. variegata,Bauhinia variegata var. variegata,FSLPMRQHCOLESF,10.56238/methofocusinterv1-060,Bauhinia variegata var. variegata_FSLPMRQHCOLESF
6276,bauhinia variegata var. variegata,chlorogenic acid,Bauhinia variegata var. variegata,Bauhinia variegata var. variegata,CWVRJTMFETXNAD,10.56238/methofocusinterv1-060,Bauhinia variegata var. variegata_CWVRJTMFETXNAD
6277,bauhinia variegata var. alboflava,β-sitosterol,Bauhinia variegata var. variegata,Bauhinia variegata var. variegata,KZJWDPNRJALLNS,10.56238/methofocusinterv1-060,Bauhinia variegata var. variegata_KZJWDPNRJALLNS
6278,bauhinia variegata var. alboflava,trans-cinnamic acid,Bauhinia variegata var. variegata,Bauhinia variegata var. variegata,WBYWAXJHAXSJNI,10.56238/methofocusinterv1-060,Bauhinia variegata var. variegata_WBYWAXJHAXSJNI
6279,bauhinia variegata var. alboflava,resveratrol,Bauhinia variegata var. variegata,Bauhinia variegata var. variegata,LUKBXSAWLPMMSZ,10.56238/methofocusinterv1-060,Bauhinia variegata var. variegata_LUKBXSAWLPMMSZ
6280,bauhinia variegata var. alboflava,apigenin,Bauhinia variegata var. variegata,Bauhinia variegata var. variegata,KZNIFHPLKGYRTM,10.56238/methofocusinterv1-060,Bauhinia variegata var. variegata_KZNIFHPLKGYRTM
6281,bauhinia variegata var. alboflava,vanillic acid,Bauhinia variegata var. variegata,Bauhinia variegata var. variegata,WKOLLVMJNQIZCI,10.56238/methofocusinterv1-060,Bauhinia variegata var. variegata_WKOLLVMJNQIZCI
6282,bauhinia variegata var. alboflava,gallic acid,Bauhinia variegata var. variegata,Bauhinia variegata var. variegata,LNTHITQWFMADLM,10.56238/methofocusinterv1-060,Bauhinia variegata var. variegata_LNTHITQWFMADLM
6283,bauhinia variegata var. alboflava,quercitrin,Bauhinia variegata var. variegata,Bauhinia variegata var. variegata,OXGUCUVFOIWWQJ,10.56238/methofocusinterv1-060,Bauhinia variegata var. variegata_OXGUCUVFOIWWQJ
6284,bauhinia variegata var. alboflava,quercetin,Bauhinia variegata var. variegata,Bauhinia variegata var. variegata,REFJWTPEDVJJIY,10.56238/methofocusinterv1-060,Bauhinia variegata var. variegata_REFJWTPEDVJJIY
6285,bauhinia variegata var. alboflava,rutin,Bauhinia variegata var. variegata,Bauhinia variegata var. variegata,IKGXIBQEEMLURG,10.56238/methofocusinterv1-060,Bauhinia variegata var. variegata_IKGXIBQEEMLURG
6286,bauhinia variegata var. alboflava,caffeic acid,Bauhinia variegata var. variegata,Bauhinia variegata var. variegata,QAIPRVGONGVQAS,10.56238/methofocusinterv1-060,Bauhinia variegata var. variegata_QAIPRVGONGVQAS
6287,bauhinia variegata var. alboflava,p-coumaric acid,Bauhinia variegata var. variegata,Bauhinia variegata var. variegata,NGSWKAQJJWESNS,10.56238/methofocusinterv1-060,Bauhinia variegata var. variegata_NGSWKAQJJWESNS
6288,bauhinia variegata var. alboflava,lupeol,Bauhinia variegata var. variegata,Bauhinia variegata var. variegata,MQYXUWHLBZFQQO,10.56238/methofocusinterv1-060,Bauhinia variegata var. variegata_MQYXUWHLBZFQQO
6289,bauhinia variegata var. alboflava,β-amyrin,Bauhinia variegata var. variegata,Bauhinia variegata var. variegata,JFSHUTJDVKUMTJ,10.56238/methofocusinterv1-060,Bauhinia variegata var. variegata_JFSHUTJDVKUMTJ
6290,bauhinia variegata var. alboflava,catechin,Bauhinia variegata var. variegata,Bauhinia variegata var. variegata,PFTAWBLQPZVEMU,10.56238/methofocusinterv1-060,Bauhinia variegata var. variegata_PFTAWBLQPZVEMU
6291,bauhinia variegata var. alboflava,α-amyrin,Bauhinia variegata var. variegata,Bauhinia variegata var. variegata,FSLPMRQHCOLESF,10.56238/methofocusinterv1-060,Bauhinia variegata var. variegata_FSLPMRQHCOLESF
6292,bauhinia variegata var. alboflava,chlorogenic acid,Bauhinia variegata var. variegata,Bauhinia variegata var. variegata,CWVRJTMFETXNAD,10.56238/methofocusinterv1-060,Bauhinia variegata var. variegata_CWVRJTMFETXNAD
6293,connarus perrottetii var. angustifolius radlk,3-acetylcoumarin,Connarus perrottetii var. angustifolius,Connarus perrottetii var. angustifolius Radlk.,CSPIFKKOBWYOEX,10.56238/methofocusinterv1-060,Connarus perrottetii var. angustifolius_CSPIFKKOBWYOEX
6294,connarus perrottetii var. angustifolius radlk,quercetin,Connarus perrottetii var. angustifolius,Connarus perrottetii var. angustifolius Radlk.,REFJWTPEDVJJIY,10.56238/methofocusinterv1-060,Connarus perrottetii var. angustifolius_REFJWTPEDVJJIY
6295,connarus perrottetii var. angustifolius radlk,p-coumaric acid,Connarus perrottetii var. angustifolius,Connarus perrottetii var. angustifolius Radlk.,NGSWKAQJJWESNS,10.56238/methofocusinterv1-060,Connarus perrottetii var. angustifolius_NGSWKAQJJWESNS
6296,connarus perrottetii var. angustifolius radlk,catechin,Connarus perrottetii var. angustifolius,Connarus perrottetii var. angustifolius Radlk.,PFTAWBLQPZVEMU,10.56238/methofocusinterv1-060,Connarus perrottetii var. angustifolius_PFTAWBLQPZVEMU
6297,connarus perrottetii var. angustifolius radlk,trans-cinnamic acid,Connarus perrottetii var. angustifolius,Connarus perrottetii var. angustifolius Radlk.,WBYWAXJHAXSJNI,10.56238/methofocusinterv1-060,Connarus perrottetii var. angustifolius_WBYWAXJHAXSJNI
6298,connarus perrottetii var. angustifolius radlk,vanillic acid,Connarus perrottetii var. angustifolius,Connarus perrottetii var. angustifolius Radlk.,WKOLLVMJNQIZCI,10.56238/methofocusinterv1-060,Connarus perrottetii var. angustifolius_WKOLLVMJNQIZCI
6299,connarus perrottetii var. angustifolius radlk,quercitrin,Connarus perrottetii var. angustifolius,Connarus perrottetii var. angustifolius Radlk.,OXGUCUVFOIWWQJ,10.56238/methofocusinterv1-060,Connarus perrottetii var. angustifolius_OXGUCUVFOIWWQJ
6300,connarus perrottetii var. angustifolius radlk,4-hydroxycinnamic acid,Connarus perrottetii var. angustifolius,Connarus perrottetii var. angustifolius Radlk.,NGSWKAQJJWESNS,10.56238/methofocusinterv1-060,Connarus perrottetii var. angustifolius_NGSWKAQJJWESNS
6301,connarus perrottetii var. angustifolius radlk,myricetin,Connarus perrottetii var. angustifolius,Connarus perrottetii var. angustifolius Radlk.,IKMDFBPHZNJCSN,10.56238/methofocusinterv1-060,Connarus perrottetii var. angustifolius_IKMDFBPHZNJCSN
6302,connarus perrottetii var. angustifolius radlk,fisetin,Connarus perrottetii var. angustifolius,Connarus perrottetii var. angustifolius Radlk.,XHEFDIBZLJXQHF,10.56238/methofocusinterv1-060,Connarus perrottetii var. angustifolius_XHEFDIBZLJXQHF
6303,connarus perrottetii var. angustifolius radlk,apigenin,Connarus perrottetii var. angustifolius,Connarus perrottetii var. angustifolius Radlk.,KZNIFHPLKGYRTM,10.56238/methofocusinterv1-060,Connarus perrottetii var. angustifolius_KZNIFHPLKGYRTM
6304,connarus perrottetii var. angustifolius radlk,kaempferol,Connarus perrottetii var. angustifolius,Connarus perrottetii var. angustifolius Radlk.,IYRMWMYZSQPJKC,10.56238/methofocusinterv1-060,Connarus perrottetii var. angustifolius_IYRMWMYZSQPJKC
6305,connarus perrottetii var. angustifolius radlk,6-hydroxycoumarin,Connarus perrottetii var. angustifolius,Connarus perrottetii var. angustifolius Radlk.,CJIJXIFQYOPWTF,10.56238/methofocusinterv1-060,Connarus perrottetii var. angustifolius_CJIJXIFQYOPWTF
6306,connarus perrottetii var. angustifolius radlk,gallic acid,Connarus perrottetii var. angustifolius,Connarus perrottetii var. angustifolius Radlk.,LNTHITQWFMADLM,10.56238/methofocusinterv1-060,Connarus perrottetii var. angustifolius_LNTHITQWFMADLM
6307,connarus perrottetii var. angustifolius radlk,rutin,Connarus perrottetii var. angustifolius,Connarus perrottetii var. angustifolius Radlk.,IKGXIBQEEMLURG,10.56238/methofocusinterv1-060,Connarus perrottetii var. angustifolius_IKGXIBQEEMLURG
6308,connarus perrottetii var. angustifolius radlk,chlorogenic acid,Connarus perrottetii var. angustifolius,Connarus perrottetii var. angustifolius Radlk.,CWVRJTMFETXNAD,10.56238/methofocusinterv1-060,Connarus perrottetii var. angustifolius_CWVRJTMFETXNAD
6309,connarus perrottetii var. angustifolius radlk,resveratrol,Connarus perrottetii var. angustifolius,Connarus perrottetii var. angustifolius Radlk.,LUKBXSAWLPMMSZ,10.56238/methofocusinterv1-060,Connarus perrottetii var. angustifolius_LUKBXSAWLPMMSZ
6310,connarus perrottetii var. angustifolius radlk,caffeic acid,Connarus perrottetii var. angustifolius,Connarus perrottetii var. angustifolius Radlk.,QAIPRVGONGVQAS,10.56238/methofocusinterv1-060,Connarus perrottetii var. angustifolius_QAIPRVGONGVQAS
6311,cecropia obtusa trécul,β-sitosterol,Cecropia obtusa,Cecropia obtusa Trécul,KZJWDPNRJALLNS,10.56238/methofocusinterv1-060,Cecropia obtusa_KZJWDPNRJALLNS
6312,cecropia obtusa trécul,trans-cinnamic acid,Cecropia obtusa,Cecropia obtusa Trécul,WBYWAXJHAXSJNI,10.56238/methofocusinterv1-060,Cecropia obtusa_WBYWAXJHAXSJNI
6313,cecropia obtusa trécul,resveratrol,Cecropia obtusa,Cecropia obtusa Trécul,LUKBXSAWLPMMSZ,10.56238/methofocusinterv1-060,Cecropia obtusa_LUKBXSAWLPMMSZ
6314,cecropia obtusa trécul,maslinic acid,Cecropia obtusa,Cecropia obtusa Trécul,MDZKJHQSJHYOHJ,10.56238/methofocusinterv1-060,Cecropia obtusa_MDZKJHQSJHYOHJ
6315,cecropia obtusa trécul,apigenin,Cecropia obtusa,Cecropia obtusa Trécul,KZNIFHPLKGYRTM,10.56238/methofocusinterv1-060,Cecropia obtusa_KZNIFHPLKGYRTM
6316,cecropia obtusa trécul,vanillic acid,Cecropia obtusa,Cecropia obtusa Trécul,WKOLLVMJNQIZCI,10.56238/methofocusinterv1-060,Cecropia obtusa_WKOLLVMJNQIZCI
6317,cecropia obtusa trécul,gallic acid,Cecropia obtusa,Cecropia obtusa Trécul,LNTHITQWFMADLM,10.56238/methofocusinterv1-060,Cecropia obtusa_LNTHITQWFMADLM
6318,cecropia obtusa trécul,quercitrin,Cecropia obtusa,Cecropia obtusa Trécul,OXGUCUVFOIWWQJ,10.56238/methofocusinterv1-060,Cecropia obtusa_OXGUCUVFOIWWQJ
6319,cecropia obtusa trécul,lupeol,Cecropia obtusa,Cecropia obtusa Trécul,MQYXUWHLBZFQQO,10.56238/methofocusinterv1-060,Cecropia obtusa_MQYXUWHLBZFQQO
6320,cecropia obtusa trécul,rutin,Cecropia obtusa,Cecropia obtusa Trécul,IKGXIBQEEMLURG,10.56238/methofocusinterv1-060,Cecropia obtusa_IKGXIBQEEMLURG
6321,cecropia obtusa trécul,caffeic acid,Cecropia obtusa,Cecropia obtusa Trécul,QAIPRVGONGVQAS,10.56238/methofocusinterv1-060,Cecropia obtusa_QAIPRVGONGVQAS
6322,cecropia obtusa trécul,p-coumaric acid,Cecropia obtusa,Cecropia obtusa Trécul,NGSWKAQJJWESNS,10.56238/methofocusinterv1-060,Cecropia obtusa_NGSWKAQJJWESNS
6323,cecropia obtusa trécul,β-amyrin,Cecropia obtusa,Cecropia obtusa Trécul,JFSHUTJDVKUMTJ,10.56238/methofocusinterv1-060,Cecropia obtusa_JFSHUTJDVKUMTJ
6324,cecropia obtusa trécul,α-amyrin,Cecropia obtusa,Cecropia obtusa Trécul,FSLPMRQHCOLESF,10.56238/methofocusinterv1-060,Cecropia obtusa_FSLPMRQHCOLESF
6325,cecropia obtusa trécul,catechin,Cecropia obtusa,Cecropia obtusa Trécul,PFTAWBLQPZVEMU,10.56238/methofocusinterv1-060,Cecropia obtusa_PFTAWBLQPZVEMU
6326,cecropia obtusa trécul,oleanolic acid,Cecropia obtusa,Cecropia obtusa Trécul,MIJYXULNPSFWEK,10.56238/methofocusinterv1-060,Cecropia obtusa_MIJYXULNPSFWEK
6327,cecropia obtusa trécul,chlorogenic acid,Cecropia obtusa,Cecropia obtusa Trécul,CWVRJTMFETXNAD,10.56238/methofocusinterv1-060,Cecropia obtusa_CWVRJTMFETXNAD
6328,cecropia palmata willd,β-sitosterol,Cecropia palmata,Cecropia palmata Willd.,KZJWDPNRJALLNS,10.56238/methofocusinterv1-060,Cecropia palmata_KZJWDPNRJALLNS
6329,cecropia palmata willd,trans-cinnamic acid,Cecropia palmata,Cecropia palmata Willd.,WBYWAXJHAXSJNI,10.56238/methofocusinterv1-060,Cecropia palmata_WBYWAXJHAXSJNI
6330,cecropia palmata willd,resveratrol,Cecropia palmata,Cecropia palmata Willd.,LUKBXSAWLPMMSZ,10.56238/methofocusinterv1-060,Cecropia palmata_LUKBXSAWLPMMSZ
6331,cecropia palmata willd,maslinic acid,Cecropia palmata,Cecropia palmata Willd.,MDZKJHQSJHYOHJ,10.56238/methofocusinterv1-060,Cecropia palmata_MDZKJHQSJHYOHJ
6332,cecropia palmata willd,apigenin,Cecropia palmata,Cecropia palmata Willd.,KZNIFHPLKGYRTM,10.56238/methofocusinterv1-060,Cecropia palmata_KZNIFHPLKGYRTM
6333,cecropia palmata willd,vanillic acid,Cecropia palmata,Cecropia palmata Willd.,WKOLLVMJNQIZCI,10.56238/methofocusinterv1-060,Cecropia palmata_WKOLLVMJNQIZCI
6334,cecropia palmata willd,gallic acid,Cecropia palmata,Cecropia palmata Willd.,LNTHITQWFMADLM,10.56238/methofocusinterv1-060,Cecropia palmata_LNTHITQWFMADLM
6335,cecropia palmata willd,quercitrin,Cecropia palmata,Cecropia palmata Willd.,OXGUCUVFOIWWQJ,10.56238/methofocusinterv1-060,Cecropia palmata_OXGUCUVFOIWWQJ
6336,cecropia palmata willd,lupeol,Cecropia palmata,Cecropia palmata Willd.,MQYXUWHLBZFQQO,10.56238/methofocusinterv1-060,Cecropia palmata_MQYXUWHLBZFQQO
6337,cecropia palmata willd,rutin,Cecropia palmata,Cecropia palmata Willd.,IKGXIBQEEMLURG,10.56238/methofocusinterv1-060,Cecropia palmata_IKGXIBQEEMLURG
6338,cecropia palmata willd,caffeic acid,Cecropia palmata,Cecropia palmata Willd.,QAIPRVGONGVQAS,10.56238/methofocusinterv1-060,Cecropia palmata_QAIPRVGONGVQAS
6339,cecropia palmata willd,p-coumaric acid,Cecropia palmata,Cecropia palmata Willd.,NGSWKAQJJWESNS,10.56238/methofocusinterv1-060,Cecropia palmata_NGSWKAQJJWESNS
6340,cecropia palmata willd,β-amyrin,Cecropia palmata,Cecropia palmata Willd.,JFSHUTJDVKUMTJ,10.56238/methofocusinterv1-060,Cecropia palmata_JFSHUTJDVKUMTJ
6341,cecropia palmata willd,α-amyrin,Cecropia palmata,Cecropia palmata Willd.,FSLPMRQHCOLESF,10.56238/methofocusinterv1-060,Cecropia palmata_FSLPMRQHCOLESF
6342,cecropia palmata willd,catechin,Cecropia palmata,Cecropia palmata Willd.,PFTAWBLQPZVEMU,10.56238/methofocusinterv1-060,Cecropia palmata_PFTAWBLQPZVEMU
6343,cecropia palmata willd,oleanolic acid,Cecropia palmata,Cecropia palmata Willd.,MIJYXULNPSFWEK,10.56238/methofocusinterv1-060,Cecropia palmata_MIJYXULNPSFWEK
6344,cecropia palmata willd,chlorogenic acid,Cecropia palmata,Cecropia palmata Willd.,CWVRJTMFETXNAD,10.56238/methofocusinterv1-060,Cecropia palmata_CWVRJTMFETXNAD
6345,mansoa alliacea (lam.) a.h.gentry,trans-cinnamic acid,Mansoa alliacea,Mansoa alliacea (Lam.) A.H.Gentry,WBYWAXJHAXSJNI,10.56238/methofocusinterv1-060,Mansoa alliacea_WBYWAXJHAXSJNI
6346,mansoa alliacea (lam.) a.h.gentry,resveratrol,Mansoa alliacea,Mansoa alliacea (Lam.) A.H.Gentry,LUKBXSAWLPMMSZ,10.56238/methofocusinterv1-060,Mansoa alliacea_LUKBXSAWLPMMSZ
6347,mansoa alliacea (lam.) a.h.gentry,apigenin,Mansoa alliacea,Mansoa alliacea (Lam.) A.H.Gentry,KZNIFHPLKGYRTM,10.56238/methofocusinterv1-060,Mansoa alliacea_KZNIFHPLKGYRTM
6348,mansoa alliacea (lam.) a.h.gentry,vanillic acid,Mansoa alliacea,Mansoa alliacea (Lam.) A.H.Gentry,WKOLLVMJNQIZCI,10.56238/methofocusinterv1-060,Mansoa alliacea_WKOLLVMJNQIZCI
6349,mansoa alliacea (lam.) a.h.gentry,gallic acid,Mansoa alliacea,Mansoa alliacea (Lam.) A.H.Gentry,LNTHITQWFMADLM,10.56238/methofocusinterv1-060,Mansoa alliacea_LNTHITQWFMADLM
6350,mansoa alliacea (lam.) a.h.gentry,quercitrin,Mansoa alliacea,Mansoa alliacea (Lam.) A.H.Gentry,OXGUCUVFOIWWQJ,10.56238/methofocusinterv1-060,Mansoa alliacea_OXGUCUVFOIWWQJ
6351,mansoa alliacea (lam.) a.h.gentry,rutin,Mansoa alliacea,Mansoa alliacea (Lam.) A.H.Gentry,IKGXIBQEEMLURG,10.56238/methofocusinterv1-060,Mansoa alliacea_IKGXIBQEEMLURG
6352,mansoa alliacea (lam.) a.h.gentry,caffeic acid,Mansoa alliacea,Mansoa alliacea (Lam.) A.H.Gentry,QAIPRVGONGVQAS,10.56238/methofocusinterv1-060,Mansoa alliacea_QAIPRVGONGVQAS
6353,mansoa alliacea (lam.) a.h.gentry,p-coumaric acid,Mansoa alliacea,Mansoa alliacea (Lam.) A.H.Gentry,NGSWKAQJJWESNS,10.56238/methofocusinterv1-060,Mansoa alliacea_NGSWKAQJJWESNS
6354,mansoa alliacea (lam.) a.h.gentry,catechin,Mansoa alliacea,Mansoa alliacea (Lam.) A.H.Gentry,PFTAWBLQPZVEMU,10.56238/methofocusinterv1-060,Mansoa alliacea_PFTAWBLQPZVEMU
6355,mansoa alliacea (lam.) a.h.gentry,chlorogenic acid,Mansoa alliacea,Mansoa alliacea (Lam.) A.H.Gentry,CWVRJTMFETXNAD,10.56238/methofocusinterv1-060,Mansoa alliacea_CWVRJTMFETXNAD
6356,ficus thonningii,isovitexin,Ficus thonningii,Ficus thonningii Blume,MYXNWGACZJSMBT,10.4314/ajtcam.v10i2.4,Ficus thonningii_MYXNWGACZJSMBT
6357,ficus thonningii,phytol,Ficus thonningii,Ficus thonningii Blume,BOTWFXYSPFMFNR,10.4314/ajtcam.v10i2.4,Ficus thonningii_BOTWFXYSPFMFNR
6358,ficus thonningii,acorenone,Ficus thonningii,Ficus thonningii Blume,HBTHUBMUAHAWBC,10.4314/ajtcam.v10i2.4,Ficus thonningii_HBTHUBMUAHAWBC
6359,ficus thonningii,resveratrol,Ficus thonningii,Ficus thonningii Blume,LUKBXSAWLPMMSZ,10.4314/ajtcam.v10i2.4,Ficus thonningii_LUKBXSAWLPMMSZ
6360,ficus thonningii,ficin,Ficus thonningii,Ficus thonningii Blume,POTUGHMKJGOKRI,10.4314/ajtcam.v10i2.4,Ficus thonningii_POTUGHMKJGOKRI
6361,ficus thonningii,orientin,Ficus thonningii,Ficus thonningii Blume,PLAPMLGJVGLZOV,10.4314/ajtcam.v10i2.4,Ficus thonningii_PLAPMLGJVGLZOV
6362,ficus thonningii,"6,10,14 trimethyl-2-pentadecanone",Ficus thonningii,Ficus thonningii Blume,WHWDWIHXSPCOKZ,10.4314/ajtcam.v10i2.4,Ficus thonningii_WHWDWIHXSPCOKZ
6363,ficus thonningii,β-gurjunene,Ficus thonningii,Ficus thonningii Blume,IRCZVRWQUNZGSH,10.4314/ajtcam.v10i2.4,Ficus thonningii_IRCZVRWQUNZGSH
6364,ficus thonningii,vitexin,Ficus thonningii,Ficus thonningii Blume,SGEWCQFRYRRZDC,10.4314/ajtcam.v10i2.4,Ficus thonningii_SGEWCQFRYRRZDC
6365,sisymbrium irio l,3-methyl indole,Sisymbrium irio,Sisymbrium irio L.,ZFRKQXVRDFCRJG,10.22270/jddt.v15i6.7219,Sisymbrium irio_ZFRKQXVRDFCRJG
6366,sisymbrium irio l,ursolic acid,Sisymbrium irio,Sisymbrium irio L.,WCGUUGGRBIKTOS,10.22270/jddt.v15i6.7219,Sisymbrium irio_WCGUUGGRBIKTOS
6367,sisymbrium irio l,isorhoifolin,Sisymbrium irio,Sisymbrium irio L.,FKIYLTVJPDLUDL,10.22270/jddt.v15i6.7219,Sisymbrium irio_FKIYLTVJPDLUDL
6368,sisymbrium irio l,benzoic acid,Sisymbrium irio,Sisymbrium irio L.,WPYMKLBDIGXBTP,10.22270/jddt.v15i6.7219,Sisymbrium irio_WPYMKLBDIGXBTP
6369,sisymbrium irio l,1-methoxy-1h-indole-3-carboxamide,Sisymbrium irio,Sisymbrium irio L.,XPWORMGBOSHIHN,10.22270/jddt.v15i6.7219,Sisymbrium irio_XPWORMGBOSHIHN
6370,sisymbrium irio l,coumaric acid,Sisymbrium irio,Sisymbrium irio L.,NGSWKAQJJWESNS,10.22270/jddt.v15i6.7219,Sisymbrium irio_NGSWKAQJJWESNS
6371,sisymbrium irio l,trans-ferulic acid,Sisymbrium irio,Sisymbrium irio L.,KSEBMYQBYZTDHS,10.22270/jddt.v15i6.7219,Sisymbrium irio_KSEBMYQBYZTDHS
6372,sisymbrium irio l,"(z)-8, 11, 12-trihydroxyoctadec-9-enoic acid",Sisymbrium irio,Sisymbrium irio L.,YFCZLXRIKFCQFU,10.22270/jddt.v15i6.7219,Sisymbrium irio_YFCZLXRIKFCQFU
6373,sisymbrium irio l,isoquercetin,Sisymbrium irio,Sisymbrium irio L.,OVSQVDMCBVZWGM,10.22270/jddt.v15i6.7219,Sisymbrium irio_OVSQVDMCBVZWGM
6374,sisymbrium irio l,tetracosanoic acid,Sisymbrium irio,Sisymbrium irio L.,QZZGJDVWLFXDLK,10.22270/jddt.v15i6.7219,Sisymbrium irio_QZZGJDVWLFXDLK
6375,sisymbrium irio l,o-benzyl-l-serine,Sisymbrium irio,Sisymbrium irio L.,IDGQXGPQOGUGIX,10.22270/jddt.v15i6.7219,Sisymbrium irio_IDGQXGPQOGUGIX
6376,sisymbrium irio l,kaempferol,Sisymbrium irio,Sisymbrium irio L.,IYRMWMYZSQPJKC,10.22270/jddt.v15i6.7219,Sisymbrium irio_IYRMWMYZSQPJKC
6377,sisymbrium irio l,isorhamnetin,Sisymbrium irio,Sisymbrium irio L.,IZQSVPBOUDKVDZ,10.22270/jddt.v15i6.7219,Sisymbrium irio_IZQSVPBOUDKVDZ
6378,sisymbrium irio l,vanillic acid,Sisymbrium irio,Sisymbrium irio L.,WKOLLVMJNQIZCI,10.22270/jddt.v15i6.7219,Sisymbrium irio_WKOLLVMJNQIZCI
6379,sisymbrium irio l,indole-3-carboxaldehyde,Sisymbrium irio,Sisymbrium irio L.,OLNJUISKUQQNIM,10.22270/jddt.v15i6.7219,Sisymbrium irio_OLNJUISKUQQNIM
6380,sisymbrium irio l,dodecane,Sisymbrium irio,Sisymbrium irio L.,SNRUBQQJIBEYMU,10.22270/jddt.v15i6.7219,Sisymbrium irio_SNRUBQQJIBEYMU
6381,sisymbrium irio l,apigenin,Sisymbrium irio,Sisymbrium irio L.,KZNIFHPLKGYRTM,10.22270/jddt.v15i6.7219,Sisymbrium irio_KZNIFHPLKGYRTM
6382,sisymbrium irio l,"2-(2-methylpropylidene)-1h-indene-1,3(2h)-dione",Sisymbrium irio,Sisymbrium irio L.,FVFBIGAHHRYSAT,10.22270/jddt.v15i6.7219,Sisymbrium irio_FVFBIGAHHRYSAT
6383,sisymbrium irio l,gallocatechin,Sisymbrium irio,Sisymbrium irio L.,XMOCLSLCDHWDHP,10.22270/jddt.v15i6.7219,Sisymbrium irio_XMOCLSLCDHWDHP
6384,sisymbrium irio l,ascorbic acid,Sisymbrium irio,Sisymbrium irio L.,CIWBSHSKHKDKBQ,10.22270/jddt.v15i6.7219,Sisymbrium irio_CIWBSHSKHKDKBQ
6385,sisymbrium irio l,methoxyeugenol,Sisymbrium irio,Sisymbrium irio L.,FWMPKHMKIJDEMJ,10.22270/jddt.v15i6.7219,Sisymbrium irio_FWMPKHMKIJDEMJ
6386,sisymbrium irio l,p-anisaldehyde,Sisymbrium irio,Sisymbrium irio L.,ZRSNZINYAWTAHE,10.22270/jddt.v15i6.7219,Sisymbrium irio_ZRSNZINYAWTAHE
6387,sisymbrium irio l,"benzene-1,2-dicarboxylic acid",Sisymbrium irio,Sisymbrium irio L.,XNGIFLGASWRNHJ,10.22270/jddt.v15i6.7219,Sisymbrium irio_XNGIFLGASWRNHJ
6388,sisymbrium irio l,trans-p-coumaric acid,Sisymbrium irio,Sisymbrium irio L.,NGSWKAQJJWESNS,10.22270/jddt.v15i6.7219,Sisymbrium irio_NGSWKAQJJWESNS
6389,sisymbrium irio l,erucic acid,Sisymbrium irio,Sisymbrium irio L.,DPUOLQHDNGRHBS,10.22270/jddt.v15i6.7219,Sisymbrium irio_DPUOLQHDNGRHBS
6390,sisymbrium irio l,tetradecanoic acid,Sisymbrium irio,Sisymbrium irio L.,TUNFSRHWOTWDNC,10.22270/jddt.v15i6.7219,Sisymbrium irio_TUNFSRHWOTWDNC
6391,sisymbrium irio l,pentadecanoic acid,Sisymbrium irio,Sisymbrium irio L.,WQEPLUUGTLDZJY,10.22270/jddt.v15i6.7219,Sisymbrium irio_WQEPLUUGTLDZJY
6393,sisymbrium irio l,oleic acid,Sisymbrium irio,Sisymbrium irio L.,ZQPPMHVWECSIRJ,10.22270/jddt.v15i6.7219,Sisymbrium irio_ZQPPMHVWECSIRJ
6394,sisymbrium irio l,naringenin,Sisymbrium irio,Sisymbrium irio L.,FTVWIRXFELQLPI,10.22270/jddt.v15i6.7219,Sisymbrium irio_FTVWIRXFELQLPI
6395,sisymbrium irio l,"(7z,10z,13z)-hexadecatrienoic acid",Sisymbrium irio,Sisymbrium irio L.,KBGYPXOSNDMZRV,10.22270/jddt.v15i6.7219,Sisymbrium irio_KBGYPXOSNDMZRV
6396,sisymbrium irio l,campesterol,Sisymbrium irio,Sisymbrium irio L.,SGNBVLSWZMBQTH,10.22270/jddt.v15i6.7219,Sisymbrium irio_SGNBVLSWZMBQTH
6397,sisymbrium irio l,chlorogenic acid,Sisymbrium irio,Sisymbrium irio L.,CWVRJTMFETXNAD,10.22270/jddt.v15i6.7219,Sisymbrium irio_CWVRJTMFETXNAD
6398,sisymbrium irio l,"1,1,6-trimethyl-1,2,3,4tetrahydronaphthalene",Sisymbrium irio,Sisymbrium irio L.,LTMQZVLXCLQPCT,10.22270/jddt.v15i6.7219,Sisymbrium irio_LTMQZVLXCLQPCT
6399,sisymbrium irio l,indole,Sisymbrium irio,Sisymbrium irio L.,SIKJAQJRHWYJAI,10.22270/jddt.v15i6.7219,Sisymbrium irio_SIKJAQJRHWYJAI
6400,sisymbrium irio l,β-sitosterol,Sisymbrium irio,Sisymbrium irio L.,KZJWDPNRJALLNS,10.22270/jddt.v15i6.7219,Sisymbrium irio_KZJWDPNRJALLNS
6401,sisymbrium irio l,protocatechuic acid,Sisymbrium irio,Sisymbrium irio L.,YQUVCSBJEUQKSH,10.22270/jddt.v15i6.7219,Sisymbrium irio_YQUVCSBJEUQKSH
6402,sisymbrium irio l,indole-3-carboxylic acid,Sisymbrium irio,Sisymbrium irio L.,KMAKOBLIOCQGJP,10.22270/jddt.v15i6.7219,Sisymbrium irio_KMAKOBLIOCQGJP
6403,sisymbrium irio l,beta-terpinyl acetate,Sisymbrium irio,Sisymbrium irio L.,URVNHQCLMBMWIW,10.22270/jddt.v15i6.7219,Sisymbrium irio_URVNHQCLMBMWIW
6404,sisymbrium irio l,vanillin,Sisymbrium irio,Sisymbrium irio L.,MWOOGOJBHIARFG,10.22270/jddt.v15i6.7219,Sisymbrium irio_MWOOGOJBHIARFG
6405,sisymbrium irio l,9-octadecenoic acid (z)-,Sisymbrium irio,Sisymbrium irio L.,ZQPPMHVWECSIRJ,10.22270/jddt.v15i6.7219,Sisymbrium irio_ZQPPMHVWECSIRJ
6406,sisymbrium irio l,isobutyl isothiocyanate,Sisymbrium irio,Sisymbrium irio L.,NSDDRJXKROCWRZ,10.22270/jddt.v15i6.7219,Sisymbrium irio_NSDDRJXKROCWRZ
6407,sisymbrium irio l,"hexadecanoic acid, methyl ester",Sisymbrium irio,Sisymbrium irio L.,FLIACVVOZYBSBS,10.22270/jddt.v15i6.7219,Sisymbrium irio_FLIACVVOZYBSBS
6408,sisymbrium irio l,"1,2-benzenedicarboxylic acid",Sisymbrium irio,Sisymbrium irio L.,XNGIFLGASWRNHJ,10.22270/jddt.v15i6.7219,Sisymbrium irio_XNGIFLGASWRNHJ
6409,sisymbrium irio l,di-n-octyl phthalate,Sisymbrium irio,Sisymbrium irio L.,MQIUGAXCHLFZKX,10.22270/jddt.v15i6.7219,Sisymbrium irio_MQIUGAXCHLFZKX
6410,sisymbrium irio l,apigenin-7-galactoside,Sisymbrium irio,Sisymbrium irio L.,KMOUJOKENFFTPU,10.22270/jddt.v15i6.7219,Sisymbrium irio_KMOUJOKENFFTPU
6411,sisymbrium irio l,n-butyl isothiocyanate,Sisymbrium irio,Sisymbrium irio L.,LIMQQADUEULBSO,10.22270/jddt.v15i6.7219,Sisymbrium irio_LIMQQADUEULBSO
6412,sisymbrium irio l,"cholesta-3,5-diene",Sisymbrium irio,Sisymbrium irio L.,RLHIRZFWJBOHHD,10.22270/jddt.v15i6.7219,Sisymbrium irio_RLHIRZFWJBOHHD
6413,sisymbrium irio l,dimethyl sulphone,Sisymbrium irio,Sisymbrium irio L.,HHVIBTZHLRERCL,10.22270/jddt.v15i6.7219,Sisymbrium irio_HHVIBTZHLRERCL
6414,sisymbrium irio l,nicotiflorin,Sisymbrium irio,Sisymbrium irio L.,RTATXGUCZHCSNG,10.22270/jddt.v15i6.7219,Sisymbrium irio_RTATXGUCZHCSNG
6415,sisymbrium irio l,linoleic acid,Sisymbrium irio,Sisymbrium irio L.,OYHQOLUKZRVURQ,10.22270/jddt.v15i6.7219,Sisymbrium irio_OYHQOLUKZRVURQ
6416,sisymbrium irio l,apigetrin,Sisymbrium irio,Sisymbrium irio L.,KMOUJOKENFFTPU,10.22270/jddt.v15i6.7219,Sisymbrium irio_KMOUJOKENFFTPU
6417,sisymbrium irio l,beta-sitosterol,Sisymbrium irio,Sisymbrium irio L.,KZJWDPNRJALLNS,10.22270/jddt.v15i6.7219,Sisymbrium irio_KZJWDPNRJALLNS
6418,sisymbrium irio l,7-(bromomethyl)-7-pentadecene,Sisymbrium irio,Sisymbrium irio L.,LKEXDKKHKNXGSM,10.22270/jddt.v15i6.7219,Sisymbrium irio_LKEXDKKHKNXGSM
6419,sisymbrium irio l,isopropyl isothiocyanate,Sisymbrium irio,Sisymbrium irio L.,VHBFEIBMZHEWSX,10.22270/jddt.v15i6.7219,Sisymbrium irio_VHBFEIBMZHEWSX
6420,sisymbrium irio l,palmitoyl chloride,Sisymbrium irio,Sisymbrium irio L.,ARBOVOVUTSQWSS,10.22270/jddt.v15i6.7219,Sisymbrium irio_ARBOVOVUTSQWSS
6421,sisymbrium irio l,palmitic acid,Sisymbrium irio,Sisymbrium irio L.,IPCSVZSSVZVIGE,10.22270/jddt.v15i6.7219,Sisymbrium irio_IPCSVZSSVZVIGE
6422,sisymbrium irio l,p-vinylguaiacol,Sisymbrium irio,Sisymbrium irio L.,YOMSJEATGXXYPX,10.22270/jddt.v15i6.7219,Sisymbrium irio_YOMSJEATGXXYPX
6423,sisymbrium irio l,dioctyladipate,Sisymbrium irio,Sisymbrium irio L.,NEHDRDVHPTWWFG,10.22270/jddt.v15i6.7219,Sisymbrium irio_NEHDRDVHPTWWFG
6424,sisymbrium irio l,cyclopentanol,Sisymbrium irio,Sisymbrium irio L.,XCIXKGXIYUWCLL,10.22270/jddt.v15i6.7219,Sisymbrium irio_XCIXKGXIYUWCLL
6425,sisymbrium irio l,decane,Sisymbrium irio,Sisymbrium irio L.,DIOQZVSQGTUSAI,10.22270/jddt.v15i6.7219,Sisymbrium irio_DIOQZVSQGTUSAI
6426,sisymbrium irio l,quercetin,Sisymbrium irio,Sisymbrium irio L.,REFJWTPEDVJJIY,10.22270/jddt.v15i6.7219,Sisymbrium irio_REFJWTPEDVJJIY
6427,sisymbrium irio l,indole-3carboxaldehyde,Sisymbrium irio,Sisymbrium irio L.,OLNJUISKUQQNIM,10.22270/jddt.v15i6.7219,Sisymbrium irio_OLNJUISKUQQNIM
6428,sisymbrium irio l,"10-octadecenoic acid, methyl ester",Sisymbrium irio,Sisymbrium irio L.,HHZIOLLKZWLCOX,10.22270/jddt.v15i6.7219,Sisymbrium irio_HHZIOLLKZWLCOX
6429,sisymbrium irio l,tetradecane,Sisymbrium irio,Sisymbrium irio L.,BGHCVCJVXZWKCC,10.22270/jddt.v15i6.7219,Sisymbrium irio_BGHCVCJVXZWKCC
6430,sisymbrium irio l,luteolin-7-o-glucoside,Sisymbrium irio,Sisymbrium irio L.,PEFNSGRTCBGNAN,10.22270/jddt.v15i6.7219,Sisymbrium irio_PEFNSGRTCBGNAN
6431,sisymbrium irio l,phytol,Sisymbrium irio,Sisymbrium irio L.,BOTWFXYSPFMFNR,10.22270/jddt.v15i6.7219,Sisymbrium irio_BOTWFXYSPFMFNR
6432,sisymbrium irio l,linolenic acid,Sisymbrium irio,Sisymbrium irio L.,DTOSIQBPPRVQHS,10.22270/jddt.v15i6.7219,Sisymbrium irio_DTOSIQBPPRVQHS
6433,sisymbrium irio l,nicotine,Sisymbrium irio,Sisymbrium irio L.,SNICXCGAKADSCV,10.22270/jddt.v15i6.7219,Sisymbrium irio_SNICXCGAKADSCV
6434,sisymbrium irio l,1h-indole-3-acetonitrile,Sisymbrium irio,Sisymbrium irio L.,DMCPFOBLJMLSNX,10.22270/jddt.v15i6.7219,Sisymbrium irio_DMCPFOBLJMLSNX
6435,sisymbrium irio l,colfosceril palmitate,Sisymbrium irio,Sisymbrium irio L.,KILNVBDSWZSGLL,10.22270/jddt.v15i6.7219,Sisymbrium irio_KILNVBDSWZSGLL
6436,sisymbrium irio l,hexadecane,Sisymbrium irio,Sisymbrium irio L.,DCAYPVUWAIABOU,10.22270/jddt.v15i6.7219,Sisymbrium irio_DCAYPVUWAIABOU
6437,sisymbrium irio l,salicylic acid,Sisymbrium irio,Sisymbrium irio L.,YGSDEFSMJLZEOE,10.22270/jddt.v15i6.7219,Sisymbrium irio_YGSDEFSMJLZEOE
6438,sisymbrium irio l,hexadecanoic acid,Sisymbrium irio,Sisymbrium irio L.,IPCSVZSSVZVIGE,10.22270/jddt.v15i6.7219,Sisymbrium irio_IPCSVZSSVZVIGE
6439,sisymbrium irio l,glucobrassicin,Sisymbrium irio,Sisymbrium irio L.,DNDNWOWHUWNBCK,10.22270/jddt.v15i6.7219,Sisymbrium irio_DNDNWOWHUWNBCK
6440,sisymbrium irio l,isovanillin,Sisymbrium irio,Sisymbrium irio L.,JVTZFYYHCGSXJV,10.22270/jddt.v15i6.7219,Sisymbrium irio_JVTZFYYHCGSXJV
6441,sisymbrium irio l,docosanoic acid,Sisymbrium irio,Sisymbrium irio L.,UKMSUNONTOPOIO,10.22270/jddt.v15i6.7219,Sisymbrium irio_UKMSUNONTOPOIO
6442,sisymbrium irio l,catechol,Sisymbrium irio,Sisymbrium irio L.,YCIMNLLNPGFGHC,10.22270/jddt.v15i6.7219,Sisymbrium irio_YCIMNLLNPGFGHC
6443,sisymbrium irio l,"4-(dimethoxymethyl)-1,2-dimethylbenzene",Sisymbrium irio,Sisymbrium irio L.,CXMRZMPWNBKQTE,10.22270/jddt.v15i6.7219,Sisymbrium irio_CXMRZMPWNBKQTE
6444,sisymbrium irio l,eicosane,Sisymbrium irio,Sisymbrium irio L.,CBFCDTFDPHXCNY,10.22270/jddt.v15i6.7219,Sisymbrium irio_CBFCDTFDPHXCNY
6445,sisymbrium irio l,orotic acid,Sisymbrium irio,Sisymbrium irio L.,PXQPEWDEAKTCGB,10.22270/jddt.v15i6.7219,Sisymbrium irio_PXQPEWDEAKTCGB
6446,sisymbrium irio l,"2,3-dihydroxypropyl ester",Sisymbrium irio,Sisymbrium irio L.,DCBSHORRWZKAKO,10.22270/jddt.v15i6.7219,Sisymbrium irio_DCBSHORRWZKAKO
6469,duhaldea wissmanniana,hydnocarpin,Duhaldea wissmanniana,Duhaldea wissmanniana (Hand.-Mazz.) Anderb.,ZYWKQKQEAVWKHD,10.3389/fphar.2024.1479963,Duhaldea wissmanniana_ZYWKQKQEAVWKHD
6470,duhaldea wissmanniana,haageanolide,Duhaldea wissmanniana,Duhaldea wissmanniana (Hand.-Mazz.) Anderb.,CHKPFVHCBRAVJP,10.3389/fphar.2024.1479963,Duhaldea wissmanniana_CHKPFVHCBRAVJP
6471,duhaldea wissmanniana,isosilybin a,Duhaldea wissmanniana,Duhaldea wissmanniana (Hand.-Mazz.) Anderb.,FDQAOULAVFHKBX,10.3389/fphar.2024.1479963,Duhaldea wissmanniana_FDQAOULAVFHKBX
6472,duhaldea wissmanniana,"2,3-dehydrosilychristin",Duhaldea wissmanniana,Duhaldea wissmanniana (Hand.-Mazz.) Anderb.,SFNRHEPTJDJBPD,10.3389/fphar.2024.1479963,Duhaldea wissmanniana_SFNRHEPTJDJBPD
6473,duhaldea wissmanniana,silybin b,Duhaldea wissmanniana,Duhaldea wissmanniana (Hand.-Mazz.) Anderb.,SEBFKMXJBCUCAI,10.3389/fphar.2024.1479963,Duhaldea wissmanniana_SEBFKMXJBCUCAI
6474,duhaldea nervosa,sinapyl diangelate,Duhaldea nervosa,Duhaldea nervosa (Wall. ex DC.) Anderb.,PETZJSQGLMFYON,10.3389/fphar.2024.1479963,Duhaldea nervosa_PETZJSQGLMFYON
6475,duhaldea nervosa,"10-isobutyryloxy-8,9-epoxythymol isobutyrate",Duhaldea nervosa,Duhaldea nervosa (Wall. ex DC.) Anderb.,OLARKEMZPWGFJU,10.3389/fphar.2024.1479963,Duhaldea nervosa_OLARKEMZPWGFJU
6477,duhaldea nervosa,thymol di-isobutyrate,Duhaldea nervosa,Duhaldea nervosa (Wall. ex DC.) Anderb.,GBHYUQYJUFUWMZ,10.3389/fphar.2024.1479963,Duhaldea nervosa_GBHYUQYJUFUWMZ
6479,chiliadenus glutinosus (l.) fourr,quercetin-3-o-β-d-galactopyranoside,Chiliadenus glutinosus,Chiliadenus glutinosus (L.) Fourr.,OVSQVDMCBVZWGM,10.3390/plants14020205,Chiliadenus glutinosus_OVSQVDMCBVZWGM
6481,chiliadenus glutinosus (l.) fourr,quercetin-7-o-β-d-glucopyranoside,Chiliadenus glutinosus,Chiliadenus glutinosus (L.) Fourr.,BBFYUPYFXSSMNV,10.3390/plants14020205,Chiliadenus glutinosus_BBFYUPYFXSSMNV
6483,chiliadenus montanus (vahl) brullo,quercetin,Chiliadenus montanus,Chiliadenus montanus (Vahl) Brullo,REFJWTPEDVJJIY,10.3390/plants14020205,Chiliadenus montanus_REFJWTPEDVJJIY
6484,chiliadenus montanus (vahl) brullo,quercetin-3-o-β-d-glucuronopyranoside,Chiliadenus montanus,Chiliadenus montanus (Vahl) Brullo,DUBCCGAQYVUYEU,10.3390/plants14020205,Chiliadenus montanus_DUBCCGAQYVUYEU
6485,chiliadenus montanus (vahl) brullo,"3,5-dicaffeoyl-quinic acid",Chiliadenus montanus,Chiliadenus montanus (Vahl) Brullo,KRZBCHWVBQOTNZ,10.3390/plants14020205,Chiliadenus montanus_KRZBCHWVBQOTNZ
6486,chiliadenus montanus (vahl) brullo,caffeic acid,Chiliadenus montanus,Chiliadenus montanus (Vahl) Brullo,QAIPRVGONGVQAS,10.3390/plants14020205,Chiliadenus montanus_QAIPRVGONGVQAS
6487,chiliadenus montanus (vahl) brullo,montanone,Chiliadenus montanus,Chiliadenus montanus (Vahl) Brullo,VETNMUXXCNEZFK,10.3390/plants14020205,Chiliadenus montanus_VETNMUXXCNEZFK
6496,chiliadenus lopadusanus brullo,9-oxonerolidol,Chiliadenus lopadusanus,Chiliadenus lopadusanus Brullo,NYBCPVODSGRKRC,10.3390/plants14020205,Chiliadenus lopadusanus_NYBCPVODSGRKRC
6503,ehretia thyrsiflora,rosmarinic acid,Ehretia acuminata,Ehretia acuminata R.Br.,DOUMFZQKYFQNTF,10.3389/fphar.2025.1526359,Ehretia acuminata_DOUMFZQKYFQNTF
6504,ehretia thyrsiflora,quercetin,Ehretia acuminata,Ehretia acuminata R.Br.,REFJWTPEDVJJIY,10.3389/fphar.2025.1526359,Ehretia acuminata_REFJWTPEDVJJIY
6505,ehretia thyrsiflora,ethyl caffeate,Ehretia acuminata,Ehretia acuminata R.Br.,WDKYDMULARNCIS,10.3389/fphar.2025.1526359,Ehretia acuminata_WDKYDMULARNCIS
6506,ehretia thyrsiflora,allantoin,Ehretia acuminata,Ehretia acuminata R.Br.,POJWUDADGALRAB,10.3389/fphar.2025.1526359,Ehretia acuminata_POJWUDADGALRAB
6507,ehretia thyrsiflora,p-hydroxy benzoic acid,Ehretia acuminata,Ehretia acuminata R.Br.,FJKROLUGYXJWQN,10.3389/fphar.2025.1526359,Ehretia acuminata_FJKROLUGYXJWQN
6508,ehretia thyrsiflora,hyperoside,Ehretia acuminata,Ehretia acuminata R.Br.,OVSQVDMCBVZWGM,10.3389/fphar.2025.1526359,Ehretia acuminata_OVSQVDMCBVZWGM
6509,ehretia thyrsiflora,methyl rosmarinate,Ehretia acuminata,Ehretia acuminata R.Br.,XHALVRQBZGZHFE,10.3389/fphar.2025.1526359,Ehretia acuminata_XHALVRQBZGZHFE
6510,ehretia thyrsiflora,isoquercetrin,Ehretia acuminata,Ehretia acuminata R.Br.,FZKBNCDAGYDHTP,10.3389/fphar.2025.1526359,Ehretia acuminata_FZKBNCDAGYDHTP
6511,ehretia thyrsiflora,β-sitosterol,Ehretia acuminata,Ehretia acuminata R.Br.,KZJWDPNRJALLNS,10.3389/fphar.2025.1526359,Ehretia acuminata_KZJWDPNRJALLNS
6512,ehretia thyrsiflora,cinnamic acid,Ehretia acuminata,Ehretia acuminata R.Br.,WBYWAXJHAXSJNI,10.3389/fphar.2025.1526359,Ehretia acuminata_WBYWAXJHAXSJNI
6513,ehretia thyrsiflora,kampferol,Ehretia acuminata,Ehretia acuminata R.Br.,IYRMWMYZSQPJKC,10.3389/fphar.2025.1526359,Ehretia acuminata_IYRMWMYZSQPJKC
6514,ehretia thyrsiflora,2-methoxyl benzoic acid octyl ester,Ehretia acuminata,Ehretia acuminata R.Br.,AUGBGGJZVFLTSZ,10.3389/fphar.2025.1526359,Ehretia acuminata_AUGBGGJZVFLTSZ
6515,ehretia thyrsiflora,icariside e5,Ehretia acuminata,Ehretia acuminata R.Br.,UFFRBCKYXMEITK,10.3389/fphar.2025.1526359,Ehretia acuminata_UFFRBCKYXMEITK
6516,ehretia thyrsiflora,lithospermic acid b,Ehretia acuminata,Ehretia acuminata R.Br.,SNKFFCBZYFGCQN,10.3389/fphar.2025.1526359,Ehretia acuminata_SNKFFCBZYFGCQN
6517,ehretia thyrsiflora,trifolin,Ehretia acuminata,Ehretia acuminata R.Br.,JPUKWEQWGBDDQB,10.3389/fphar.2025.1526359,Ehretia acuminata_JPUKWEQWGBDDQB
6518,ehretia thyrsiflora,"tetradecenoic acid, 2,3-dihydroxypropyl ester",Ehretia acuminata,Ehretia acuminata R.Br.,UVMUBQGGQAQOGE,10.3389/fphar.2025.1526359,Ehretia acuminata_UVMUBQGGQAQOGE
6519,ehretia thyrsiflora,astragalin,Ehretia acuminata,Ehretia acuminata R.Br.,JPUKWEQWGBDDQB,10.3389/fphar.2025.1526359,Ehretia acuminata_JPUKWEQWGBDDQB
6520,ehretia thyrsiflora,caffeic acid,Ehretia acuminata,Ehretia acuminata R.Br.,QAIPRVGONGVQAS,10.3389/fphar.2025.1526359,Ehretia acuminata_QAIPRVGONGVQAS
6521,ehretia asperula,lithospermic acid b,Ehretia asperula,Ehretia asperula Zoll. & Moritzi,SNKFFCBZYFGCQN,10.3389/fphar.2025.1526359,Ehretia asperula_SNKFFCBZYFGCQN
6522,ehretia asperula,rosmarinic acid,Ehretia asperula,Ehretia asperula Zoll. & Moritzi,DOUMFZQKYFQNTF,10.3389/fphar.2025.1526359,Ehretia asperula_DOUMFZQKYFQNTF
6523,ehretia asperula,kaempferol 3-rutinoside,Ehretia asperula,Ehretia asperula Zoll. & Moritzi,RTATXGUCZHCSNG,10.3389/fphar.2025.1526359,Ehretia asperula_RTATXGUCZHCSNG
6524,ehretia asperula,clinopodic acid b,Ehretia asperula,Ehretia asperula Zoll. & Moritzi,NFSDQICEPLDULQ,10.3389/fphar.2025.1526359,Ehretia asperula_NFSDQICEPLDULQ
6525,ehretia asperula,caffeic acid,Ehretia asperula,Ehretia asperula Zoll. & Moritzi,QAIPRVGONGVQAS,10.3389/fphar.2025.1526359,Ehretia asperula_QAIPRVGONGVQAS
6526,ehretia asperula,methyl rosmarinate,Ehretia asperula,Ehretia asperula Zoll. & Moritzi,XHALVRQBZGZHFE,10.3389/fphar.2025.1526359,Ehretia asperula_XHALVRQBZGZHFE
6527,ehretia asperula,astragalin,Ehretia asperula,Ehretia asperula Zoll. & Moritzi,JPUKWEQWGBDDQB,10.3389/fphar.2025.1526359,Ehretia asperula_JPUKWEQWGBDDQB
6528,ehretia asperula,β-amyrin,Ehretia asperula,Ehretia asperula Zoll. & Moritzi,JFSHUTJDVKUMTJ,10.3389/fphar.2025.1526359,Ehretia asperula_JFSHUTJDVKUMTJ
6529,ehretia asperula,α-amyrin,Ehretia asperula,Ehretia asperula Zoll. & Moritzi,FSLPMRQHCOLESF,10.3389/fphar.2025.1526359,Ehretia asperula_FSLPMRQHCOLESF
6530,ehretia ovalifolia,ovalifolin,Ehretia acuminata,Ehretia acuminata R.Br.,VZSKLDHXYLNZMO,10.3389/fphar.2025.1526359,Ehretia acuminata_VZSKLDHXYLNZMO
6531,ehretia ovalifolia,apigenin,Ehretia acuminata,Ehretia acuminata R.Br.,KZNIFHPLKGYRTM,10.3389/fphar.2025.1526359,Ehretia acuminata_KZNIFHPLKGYRTM
6532,ehretia ovalifolia,buddlenol b,Ehretia acuminata,Ehretia acuminata R.Br.,LCXGTSCVCJANHX,10.3389/fphar.2025.1526359,Ehretia acuminata_LCXGTSCVCJANHX
6533,ehretia ovalifolia,icariside e5,Ehretia acuminata,Ehretia acuminata R.Br.,UFFRBCKYXMEITK,10.3389/fphar.2025.1526359,Ehretia acuminata_UFFRBCKYXMEITK
6534,ehretia macrophylla,protocatechuic acid,Ehretia macrophylla,Ehretia macrophylla Wall.,YQUVCSBJEUQKSH,10.3389/fphar.2025.1526359,Ehretia macrophylla_YQUVCSBJEUQKSH
6535,ehretia macrophylla,rosmarinic acid,Ehretia macrophylla,Ehretia macrophylla Wall.,DOUMFZQKYFQNTF,10.3389/fphar.2025.1526359,Ehretia macrophylla_DOUMFZQKYFQNTF
6536,ehretia macrophylla,caffeic acid methyl ester,Ehretia macrophylla,Ehretia macrophylla Wall.,OCNYGKNIVPVPPX,10.3389/fphar.2025.1526359,Ehretia macrophylla_OCNYGKNIVPVPPX
6537,ehretia macrophylla,quercetin,Ehretia macrophylla,Ehretia macrophylla Wall.,REFJWTPEDVJJIY,10.3389/fphar.2025.1526359,Ehretia macrophylla_REFJWTPEDVJJIY
6538,ehretia macrophylla,(+)-catechin hydrate,Ehretia macrophylla,Ehretia macrophylla Wall.,OFUMQWOJBVNKLR,10.3389/fphar.2025.1526359,Ehretia macrophylla_OFUMQWOJBVNKLR
6539,ehretia macrophylla,caffeic acid,Ehretia macrophylla,Ehretia macrophylla Wall.,QAIPRVGONGVQAS,10.3389/fphar.2025.1526359,Ehretia macrophylla_QAIPRVGONGVQAS
6540,ehretia macrophylla,naringin,Ehretia macrophylla,Ehretia macrophylla Wall.,DFPMSGMNTNDNHN,10.3389/fphar.2025.1526359,Ehretia macrophylla_DFPMSGMNTNDNHN
6541,ehretia macrophylla,methyl rosmarinate,Ehretia macrophylla,Ehretia macrophylla Wall.,XHALVRQBZGZHFE,10.3389/fphar.2025.1526359,Ehretia macrophylla_XHALVRQBZGZHFE
6542,ehretia longiflora,"(9z,12z)-2,3-dihydroxypropyl octadeca-9,12-dienoate",Ehretia longiflora,Ehretia longiflora Champ. ex Benth.,WECGLUPZRHILCT,10.3389/fphar.2025.1526359,Ehretia longiflora_WECGLUPZRHILCT
6543,ehretia longiflora,4-hydroxy-3-prenylbenzoic acid,Ehretia longiflora,Ehretia longiflora Champ. ex Benth.,LBSJJNAMGVDGCU,10.3389/fphar.2025.1526359,Ehretia longiflora_LBSJJNAMGVDGCU
6544,ehretia longiflora,o-acetyloleanolic acid,Ehretia longiflora,Ehretia longiflora Champ. ex Benth.,RIXNFYQZWDGQAE,10.3389/fphar.2025.1526359,Ehretia longiflora_RIXNFYQZWDGQAE
6545,ehretia longiflora,"(9z,12z,15z)-2,3-dihydroxypropyl octadeca-9,12,15-trienoate",Ehretia longiflora,Ehretia longiflora Champ. ex Benth.,GGJRAQULURVTAJ,10.3389/fphar.2025.1526359,Ehretia longiflora_GGJRAQULURVTAJ
6546,ehretia longiflora,oleanolic acid,Ehretia longiflora,Ehretia longiflora Champ. ex Benth.,MIJYXULNPSFWEK,10.3389/fphar.2025.1526359,Ehretia longiflora_MIJYXULNPSFWEK
6547,ehretia longiflora,syringaldehyde,Ehretia longiflora,Ehretia longiflora Champ. ex Benth.,KCDXJAYRVLXPFO,10.3389/fphar.2025.1526359,Ehretia longiflora_KCDXJAYRVLXPFO
6548,ehretia longiflora,proglobeflowery acid,Ehretia longiflora,Ehretia longiflora Champ. ex Benth.,DWHDSRHHYMSXSP,10.3389/fphar.2025.1526359,Ehretia longiflora_DWHDSRHHYMSXSP
6549,ehretia longiflora,"(+)-(2e,6e)-methyl-10,11-dihydroxy-3,7,11-trimethyl-2,6-dodecadienoate",Ehretia longiflora,Ehretia longiflora Champ. ex Benth.,MBJDYYPZJXVUHJ,10.3389/fphar.2025.1526359,Ehretia longiflora_MBJDYYPZJXVUHJ
6550,ehretia longiflora,methyl linoleate,Ehretia longiflora,Ehretia longiflora Champ. ex Benth.,WTTJVINHCBCLGX,10.3389/fphar.2025.1526359,Ehretia longiflora_WTTJVINHCBCLGX
6551,ehretia longiflora,ehretiolide,Ehretia longiflora,Ehretia longiflora Champ. ex Benth.,UVBLDLGZDSGCSN,10.3389/fphar.2025.1526359,Ehretia longiflora_UVBLDLGZDSGCSN
6552,ehretia longiflora,3-methylbut-2-enoic acid,Ehretia longiflora,Ehretia longiflora Champ. ex Benth.,YYPNJNDODFVZLE,10.3389/fphar.2025.1526359,Ehretia longiflora_YYPNJNDODFVZLE
6553,ehretia longiflora,"2,3-dihydroxypropyl palmitate",Ehretia longiflora,Ehretia longiflora Champ. ex Benth.,QHZLMUACJMDIAE,10.3389/fphar.2025.1526359,Ehretia longiflora_QHZLMUACJMDIAE
6554,ehretia longiflora,prenylhydroquinone,Ehretia longiflora,Ehretia longiflora Champ. ex Benth.,RPIWRSVHAHNACM,10.3389/fphar.2025.1526359,Ehretia longiflora_RPIWRSVHAHNACM
6555,ehretia longiflora,ehretiquinone,Ehretia longiflora,Ehretia longiflora Champ. ex Benth.,OPQSUOOZICECMR,10.3389/fphar.2025.1526359,Ehretia longiflora_OPQSUOOZICECMR
6556,ehretia obtusifolia,rosmarinic acid,Ehretia obtusifolia,Ehretia obtusifolia Hochst. ex DC.,DOUMFZQKYFQNTF,10.3389/fphar.2025.1526359,Ehretia obtusifolia_DOUMFZQKYFQNTF
6557,ehretia obtusifolia,methyl rosmarinate,Ehretia obtusifolia,Ehretia obtusifolia Hochst. ex DC.,XHALVRQBZGZHFE,10.3389/fphar.2025.1526359,Ehretia obtusifolia_XHALVRQBZGZHFE
6558,ehretia obtusifolia,caffeic anhydride,Ehretia obtusifolia,Ehretia obtusifolia Hochst. ex DC.,QDPOOGQUCJJZAO,10.3389/fphar.2025.1526359,Ehretia obtusifolia_QDPOOGQUCJJZAO
6559,ehretia microphylla,allantoin,Ehretia microphylla,Ehretia microphylla Lam.,POJWUDADGALRAB,10.3389/fphar.2025.1526359,Ehretia microphylla_POJWUDADGALRAB
6561,ehretia buxifolia,stigmasterol,Ehretia microphylla,Ehretia microphylla Lam.,HCXVJBMSMIARIN,10.3389/fphar.2025.1526359,Ehretia microphylla_HCXVJBMSMIARIN
6562,ehretia buxifolia,stigmastanol,Ehretia microphylla,Ehretia microphylla Lam.,LGJMUZUPVCAVPU,10.3389/fphar.2025.1526359,Ehretia microphylla_LGJMUZUPVCAVPU
6563,ehretia buxifolia,α-spinasterol,Ehretia microphylla,Ehretia microphylla Lam.,JZVFJDZBLUFKCA,10.3389/fphar.2025.1526359,Ehretia microphylla_JZVFJDZBLUFKCA
6564,ehretia buxifolia,campesterol,Ehretia microphylla,Ehretia microphylla Lam.,SGNBVLSWZMBQTH,10.3389/fphar.2025.1526359,Ehretia microphylla_SGNBVLSWZMBQTH
6566,ehretia buxifolia,β-sitosterol,Ehretia microphylla,Ehretia microphylla Lam.,KZJWDPNRJALLNS,10.3389/fphar.2025.1526359,Ehretia microphylla_KZJWDPNRJALLNS
6567,ehretia buxifolia,cholesterol,Ehretia microphylla,Ehretia microphylla Lam.,HVYWMOMLDIMFJA,10.3389/fphar.2025.1526359,Ehretia microphylla_HVYWMOMLDIMFJA
6568,ehretia laevis,bauerenyl acetate,Ehretia aspera,Ehretia aspera Willd.,DTHUXXMWYWKQKX,10.3389/fphar.2025.1526359,Ehretia aspera_DTHUXXMWYWKQKX
6569,ehretia laevis,phytol,Ehretia aspera,Ehretia aspera Willd.,BOTWFXYSPFMFNR,10.3389/fphar.2025.1526359,Ehretia aspera_BOTWFXYSPFMFNR
6570,ehretia laevis,bauerenol,Ehretia aspera,Ehretia aspera Willd.,TZVDWGXUGGUMCE,10.3389/fphar.2025.1526359,Ehretia aspera_TZVDWGXUGGUMCE
6571,ehretia laevis,phthalic acid,Ehretia aspera,Ehretia aspera Willd.,XNGIFLGASWRNHJ,10.3389/fphar.2025.1526359,Ehretia aspera_XNGIFLGASWRNHJ
6572,ehretia laevis,lupeol,Ehretia aspera,Ehretia aspera Willd.,MQYXUWHLBZFQQO,10.3389/fphar.2025.1526359,Ehretia aspera_MQYXUWHLBZFQQO
6573,ehretia laevis,betulin,Ehretia aspera,Ehretia aspera Willd.,FVWJYYTZTCVBKE,10.3389/fphar.2025.1526359,Ehretia aspera_FVWJYYTZTCVBKE
6574,ehretia laevis,betulinic acid,Ehretia aspera,Ehretia aspera Willd.,QGJZLNKBHJESQX,10.3389/fphar.2025.1526359,Ehretia aspera_QGJZLNKBHJESQX
6575,ehretia laevis,butyric acid,Ehretia aspera,Ehretia aspera Willd.,FERIUCNNQQJTOY,10.3389/fphar.2025.1526359,Ehretia aspera_FERIUCNNQQJTOY
6576,ehretia laevis,α-amyrin,Ehretia aspera,Ehretia aspera Willd.,FSLPMRQHCOLESF,10.3389/fphar.2025.1526359,Ehretia aspera_FSLPMRQHCOLESF
6577,ehretia laevis,decanoic acid,Ehretia aspera,Ehretia aspera Willd.,GHVNFZFCNZKVNT,10.3389/fphar.2025.1526359,Ehretia aspera_GHVNFZFCNZKVNT
6578,ehretia cymosa,α-amyrin,Ehretia cymosa,Ehretia cymosa Thonn.,FSLPMRQHCOLESF,10.3389/fphar.2025.1526359,Ehretia cymosa_FSLPMRQHCOLESF
6579,ehretia cymosa,β-amyrin,Ehretia cymosa,Ehretia cymosa Thonn.,JFSHUTJDVKUMTJ,10.3389/fphar.2025.1526359,Ehretia cymosa_JFSHUTJDVKUMTJ
6580,ehretia rigida,allantoin,Ehretia rigida,Ehretia rigida (Thunb.) Druce,POJWUDADGALRAB,10.3389/fphar.2025.1526359,Ehretia rigida_POJWUDADGALRAB
6581,ehretia rigida,1-triacontanol,Ehretia rigida,Ehretia rigida (Thunb.) Druce,REZQBEBOWJAQKS,10.3389/fphar.2025.1526359,Ehretia rigida_REZQBEBOWJAQKS
6582,ehretia rigida,α-amyrin,Ehretia rigida,Ehretia rigida (Thunb.) Druce,FSLPMRQHCOLESF,10.3389/fphar.2025.1526359,Ehretia rigida_FSLPMRQHCOLESF
6583,ehretia rigida,β-amyrin,Ehretia rigida,Ehretia rigida (Thunb.) Druce,JFSHUTJDVKUMTJ,10.3389/fphar.2025.1526359,Ehretia rigida_JFSHUTJDVKUMTJ
6585,ehretia dicksonii,"(9z,12z,14e)-16-hydroxy-9, 12, 14-octadecatrienoic acid",Ehretia dicksonii,Ehretia dicksonii Hance,ILSZLGCGBGSHFR,10.3389/fphar.2025.1526359,Ehretia dicksonii_ILSZLGCGBGSHFR
6586,ehretia dicksonii,"(9z,11e)-13-hydroxy-9,11-octadecadienoic acid",Ehretia dicksonii,Ehretia dicksonii Hance,HNICUWMFWZBIFP,10.3389/fphar.2025.1526359,Ehretia dicksonii_HNICUWMFWZBIFP
6593,boophone disticha,crinine,Boophone disticha,Boophone disticha (L.f.) Herb.,RPAORVSEYNOMBR,10.1177/1934578x19872929,Boophone disticha_RPAORVSEYNOMBR
6595,boophone disticha,distichamine,Boophone disticha,Boophone disticha (L.f.) Herb.,FNYADSSSNOZMIA,10.1177/1934578x19872929,Boophone disticha_FNYADSSSNOZMIA
6596,boophone disticha,buphanamine,Boophone disticha,Boophone disticha (L.f.) Herb.,XJJVWAWKCIATTE,10.1177/1934578x19872929,Boophone disticha_XJJVWAWKCIATTE
6597,boophone haemanthoides,lycorine,Boophone haemanthoides,Boophone haemanthoides F.M.Leight.,XGVJWXAYKUHDOO,10.1177/1934578x19872929,Boophone haemanthoides_XGVJWXAYKUHDOO
6598,boophone haemanthoides,undulatine,Boophone haemanthoides,Boophone haemanthoides F.M.Leight.,XHXKHSUJQVCHTA,10.1177/1934578x19872929,Boophone haemanthoides_XHXKHSUJQVCHTA
6599,boophone haemanthoides,crinine,Boophone haemanthoides,Boophone haemanthoides F.M.Leight.,RPAORVSEYNOMBR,10.1177/1934578x19872929,Boophone haemanthoides_RPAORVSEYNOMBR
6600,boophone haemanthoides,ambelline,Boophone haemanthoides,Boophone haemanthoides F.M.Leight.,QAHZAHIPKNLGAS,10.1177/1934578x19872929,Boophone haemanthoides_QAHZAHIPKNLGAS
6601,boophone haemanthoides,buphanisine,Boophone haemanthoides,Boophone haemanthoides F.M.Leight.,HATSAIPBKRRCME,10.1177/1934578x19872929,Boophone haemanthoides_HATSAIPBKRRCME
6602,boophone haemanthoides,buphanidrine,Boophone haemanthoides,Boophone haemanthoides F.M.Leight.,RNEXSBPDDRJJIY,10.1177/1934578x19872929,Boophone haemanthoides_RNEXSBPDDRJJIY
6603,boophone haemanthoides,distichamine,Boophone haemanthoides,Boophone haemanthoides F.M.Leight.,FNYADSSSNOZMIA,10.1177/1934578x19872929,Boophone haemanthoides_FNYADSSSNOZMIA
6622,cyrtanthus contractus,narciprimine,Cyrtanthus contractus,Cyrtanthus contractus N.E.Br.,PEOASDPEDCJOME,10.1177/1934578x19872929,Cyrtanthus contractus_PEOASDPEDCJOME
6626,gethyllis ciliaris,9z-octadec-9-enamide,Gethyllis ciliaris,Gethyllis ciliaris (Thunb.) Thunb.,FATBGEAMYMYZAF,10.1177/1934578x19872929,Gethyllis ciliaris_FATBGEAMYMYZAF
6628,scadoxus puniceus,metolachlor,Scadoxus puniceus,Scadoxus puniceus (L.) Friis & Nordal,WVQBLGZPHOPPFO,10.1177/1934578x19872929,Scadoxus puniceus_WVQBLGZPHOPPFO
6644,caryocar brasiliense camb,ethyl gallate,Caryocar brasiliense,Caryocar brasiliense A.St.-Hil.,VFPFQHQNJCMNBZ,10.1590/s1516-05722013000200019,Caryocar brasiliense_VFPFQHQNJCMNBZ
6645,caryocar brasiliense camb,linolenic acid,Caryocar brasiliense,Caryocar brasiliense A.St.-Hil.,DTOSIQBPPRVQHS,10.1590/s1516-05722013000200019,Caryocar brasiliense_DTOSIQBPPRVQHS
6646,caryocar brasiliense camb,violaxanthin,Caryocar brasiliense,Caryocar brasiliense A.St.-Hil.,SZCBXWMUOPQSOX,10.1590/s1516-05722013000200019,Caryocar brasiliense_SZCBXWMUOPQSOX
6647,caryocar brasiliense camb,isobutyl stearate,Caryocar brasiliense,Caryocar brasiliense A.St.-Hil.,ORFWYUFLWUWSFM,10.1590/s1516-05722013000200019,Caryocar brasiliense_ORFWYUFLWUWSFM
6648,caryocar brasiliense camb,β-amyrin,Caryocar brasiliense,Caryocar brasiliense A.St.-Hil.,JFSHUTJDVKUMTJ,10.1590/s1516-05722013000200019,Caryocar brasiliense_JFSHUTJDVKUMTJ
6649,caryocar brasiliense camb,stigmasterol,Caryocar brasiliense,Caryocar brasiliense A.St.-Hil.,HCXVJBMSMIARIN,10.1590/s1516-05722013000200019,Caryocar brasiliense_HCXVJBMSMIARIN
6650,caryocar brasiliense camb,linoleic acid,Caryocar brasiliense,Caryocar brasiliense A.St.-Hil.,OYHQOLUKZRVURQ,10.1590/s1516-05722013000200019,Caryocar brasiliense_OYHQOLUKZRVURQ
6651,caryocar brasiliense camb,neoxanthin,Caryocar brasiliense,Caryocar brasiliense A.St.-Hil.,PGYAYSRVSAJXTE,10.1590/s1516-05722013000200019,Caryocar brasiliense_PGYAYSRVSAJXTE
6652,caryocar brasiliense camb,lutein,Caryocar brasiliense,Caryocar brasiliense A.St.-Hil.,KBPHJBAIARWVSC,10.1590/s1516-05722013000200019,Caryocar brasiliense_KBPHJBAIARWVSC
6653,caryocar brasiliense camb,oleanolic acid,Caryocar brasiliense,Caryocar brasiliense A.St.-Hil.,MIJYXULNPSFWEK,10.1590/s1516-05722013000200019,Caryocar brasiliense_MIJYXULNPSFWEK
6654,caryocar brasiliense camb,ellagic acid,Caryocar brasiliense,Caryocar brasiliense A.St.-Hil.,AFSDNFLWKVMVRB,10.1590/s1516-05722013000200019,Caryocar brasiliense_AFSDNFLWKVMVRB
6655,caryocar brasiliense camb,5-hydroxyfurfural,Caryocar brasiliense,Caryocar brasiliense A.St.-Hil.,QVYAWBLDJPTXHS,10.1590/s1516-05722013000200019,Caryocar brasiliense_QVYAWBLDJPTXHS
6656,caryocar brasiliense camb,lupeol,Caryocar brasiliense,Caryocar brasiliense A.St.-Hil.,MQYXUWHLBZFQQO,10.1590/s1516-05722013000200019,Caryocar brasiliense_MQYXUWHLBZFQQO
6657,caryocar brasiliense camb,friedelin,Caryocar brasiliense,Caryocar brasiliense A.St.-Hil.,OFMXGFHWLZPCFL,10.1590/s1516-05722013000200019,Caryocar brasiliense_OFMXGFHWLZPCFL
6658,caryocar brasiliense camb,methyl shikimate,Caryocar brasiliense,Caryocar brasiliense A.St.-Hil.,LSNUUAUXWJZSFD,10.1590/s1516-05722013000200019,Caryocar brasiliense_LSNUUAUXWJZSFD
6659,caryocar brasiliense camb,ethyl octanoate,Caryocar brasiliense,Caryocar brasiliense A.St.-Hil.,YYZUSRORWSJGET,10.1590/s1516-05722013000200019,Caryocar brasiliense_YYZUSRORWSJGET
6660,caryocar brasiliense camb,ethyl butanoate,Caryocar brasiliense,Caryocar brasiliense A.St.-Hil.,OBNCKNCVKJNDBV,10.1590/s1516-05722013000200019,Caryocar brasiliense_OBNCKNCVKJNDBV
6661,caryocar brasiliense camb,friedelanol,Caryocar brasiliense,Caryocar brasiliense A.St.-Hil.,XCDQFROEGGNAER,10.1590/s1516-05722013000200019,Caryocar brasiliense_XCDQFROEGGNAER
6662,caryocar brasiliense camb,β-carotene,Caryocar brasiliense,Caryocar brasiliense A.St.-Hil.,OENHQHLEOONYIE,10.1590/s1516-05722013000200019,Caryocar brasiliense_OENHQHLEOONYIE
6663,caryocar brasiliense camb,zeaxanthin,Caryocar brasiliense,Caryocar brasiliense A.St.-Hil.,JKQXZKUSFCKOGQ,10.1590/s1516-05722013000200019,Caryocar brasiliense_JKQXZKUSFCKOGQ
6664,caryocar brasiliense camb,α-d-glucose,Caryocar brasiliense,Caryocar brasiliense A.St.-Hil.,WQZGKKKJIJFFOK,10.1590/s1516-05722013000200019,Caryocar brasiliense_WQZGKKKJIJFFOK
6665,caryocar brasiliense camb,gallic acid,Caryocar brasiliense,Caryocar brasiliense A.St.-Hil.,LNTHITQWFMADLM,10.1590/s1516-05722013000200019,Caryocar brasiliense_LNTHITQWFMADLM
6666,caryocar brasiliense camb,3-methylvaleric acid,Caryocar brasiliense,Caryocar brasiliense A.St.-Hil.,IGIDLTISMCAULB,10.1590/s1516-05722013000200019,Caryocar brasiliense_IGIDLTISMCAULB
6667,caryocar brasiliense camb,β-d-glucose,Caryocar brasiliense,Caryocar brasiliense A.St.-Hil.,WQZGKKKJIJFFOK,10.1590/s1516-05722013000200019,Caryocar brasiliense_WQZGKKKJIJFFOK
6668,caryocar brasiliense camb,oleic acid,Caryocar brasiliense,Caryocar brasiliense A.St.-Hil.,ZQPPMHVWECSIRJ,10.1590/s1516-05722013000200019,Caryocar brasiliense_ZQPPMHVWECSIRJ
6669,caryocar brasiliense camb,palmitic acid,Caryocar brasiliense,Caryocar brasiliense A.St.-Hil.,IPCSVZSSVZVIGE,10.1590/s1516-05722013000200019,Caryocar brasiliense_IPCSVZSSVZVIGE
6671,caryocar brasiliense camb,β-cryptoxanthin,Caryocar brasiliense,Caryocar brasiliense A.St.-Hil.,DMASLKHVQRHNES,10.1590/s1516-05722013000200019,Caryocar brasiliense_DMASLKHVQRHNES
6672,caryocar brasiliense camb,quinic acid,Caryocar brasiliense,Caryocar brasiliense A.St.-Hil.,AAWZDTNXLSGCEK,10.1590/s1516-05722013000200019,Caryocar brasiliense_AAWZDTNXLSGCEK
6673,caryocar brasiliense camb,β-d-fructopyranose,Caryocar brasiliense,Caryocar brasiliense A.St.-Hil.,LKDRXBCSQODPBY,10.1590/s1516-05722013000200019,Caryocar brasiliense_LKDRXBCSQODPBY
6674,caryocar brasiliense camb,β-d-fructofuranose,Caryocar brasiliense,Caryocar brasiliense A.St.-Hil.,RFSUNEUAIZKAJO,10.1590/s1516-05722013000200019,Caryocar brasiliense_RFSUNEUAIZKAJO
6675,caryocar brasiliense camb,β-sitosterol,Caryocar brasiliense,Caryocar brasiliense A.St.-Hil.,KZJWDPNRJALLNS,10.1590/s1516-05722013000200019,Caryocar brasiliense_KZJWDPNRJALLNS
6676,caryocar brasiliense camb,quercetin,Caryocar brasiliense,Caryocar brasiliense A.St.-Hil.,REFJWTPEDVJJIY,10.1590/s1516-05722013000200019,Caryocar brasiliense_REFJWTPEDVJJIY
6677,caryocar brasiliense camb,stearic acid,Caryocar brasiliense,Caryocar brasiliense A.St.-Hil.,QIQXTHQIDYTFRH,10.1590/s1516-05722013000200019,Caryocar brasiliense_QIQXTHQIDYTFRH
6678,caryocar brasiliense camb,ethyl hexanoate,Caryocar brasiliense,Caryocar brasiliense A.St.-Hil.,SHZIWNPUGXLXDT,10.1590/s1516-05722013000200019,Caryocar brasiliense_SHZIWNPUGXLXDT
6679,caryocar brasiliense camb,palmitoleic acid,Caryocar brasiliense,Caryocar brasiliense A.St.-Hil.,SECPZKHBENQXJG,10.1590/s1516-05722013000200019,Caryocar brasiliense_SECPZKHBENQXJG
6680,caryocar coriaceum wittm,linolenic acid,Caryocar coriaceum,Caryocar coriaceum Wittm.,DTOSIQBPPRVQHS,10.1590/s1516-05722013000200019,Caryocar coriaceum_DTOSIQBPPRVQHS
6681,caryocar coriaceum wittm,linoleic acid,Caryocar coriaceum,Caryocar coriaceum Wittm.,OYHQOLUKZRVURQ,10.1590/s1516-05722013000200019,Caryocar coriaceum_OYHQOLUKZRVURQ
6682,caryocar coriaceum wittm,oleic acid,Caryocar coriaceum,Caryocar coriaceum Wittm.,ZQPPMHVWECSIRJ,10.1590/s1516-05722013000200019,Caryocar coriaceum_ZQPPMHVWECSIRJ
6683,caryocar coriaceum wittm,palmitic acid,Caryocar coriaceum,Caryocar coriaceum Wittm.,IPCSVZSSVZVIGE,10.1590/s1516-05722013000200019,Caryocar coriaceum_IPCSVZSSVZVIGE
6684,caryocar villosum pers,trans-β-carotene,Caryocar villosum,Caryocar villosum (Aubl.) Pers.,OENHQHLEOONYIE,10.1590/s1516-05722013000200019,Caryocar villosum_OENHQHLEOONYIE
6685,caryocar villosum pers,fructose,Caryocar villosum,Caryocar villosum (Aubl.) Pers.,LKDRXBCSQODPBY,10.1590/s1516-05722013000200019,Caryocar villosum_LKDRXBCSQODPBY
6686,caryocar villosum pers,taurine,Caryocar villosum,Caryocar villosum (Aubl.) Pers.,XOAAWQZATWQOTB,10.1590/s1516-05722013000200019,Caryocar villosum_XOAAWQZATWQOTB
6687,caryocar villosum pers,glucose,Caryocar villosum,Caryocar villosum (Aubl.) Pers.,WQZGKKKJIJFFOK,10.1590/s1516-05722013000200019,Caryocar villosum_WQZGKKKJIJFFOK
6688,caryocar villosum pers,sucrose,Caryocar villosum,Caryocar villosum (Aubl.) Pers.,CZMRCDWAGMRECN,10.1590/s1516-05722013000200019,Caryocar villosum_CZMRCDWAGMRECN
6689,caryocar villosum pers,stigmasterol,Caryocar villosum,Caryocar villosum (Aubl.) Pers.,HCXVJBMSMIARIN,10.1590/s1516-05722013000200019,Caryocar villosum_HCXVJBMSMIARIN
6690,caryocar villosum pers,glutamine,Caryocar villosum,Caryocar villosum (Aubl.) Pers.,ZDXPYRJPNDTMRX,10.1590/s1516-05722013000200019,Caryocar villosum_ZDXPYRJPNDTMRX
6691,caryocar villosum pers,γ-aminobutyric acid,Caryocar villosum,Caryocar villosum (Aubl.) Pers.,BTCSSZJGUNDROE,10.1590/s1516-05722013000200019,Caryocar villosum_BTCSSZJGUNDROE
6692,caryocar villosum pers,linoleic acid,Caryocar villosum,Caryocar villosum (Aubl.) Pers.,OYHQOLUKZRVURQ,10.1590/s1516-05722013000200019,Caryocar villosum_OYHQOLUKZRVURQ
6693,caryocar villosum pers,o-phosphoethanolamine,Caryocar villosum,Caryocar villosum (Aubl.) Pers.,SUHOOTKUPISOBE,10.1590/s1516-05722013000200019,Caryocar villosum_SUHOOTKUPISOBE
6694,caryocar villosum pers,aspargine,Caryocar villosum,Caryocar villosum (Aubl.) Pers.,DCXYFEDJOCDNAF,10.1590/s1516-05722013000200019,Caryocar villosum_DCXYFEDJOCDNAF
6695,caryocar villosum pers,β-carotene,Caryocar villosum,Caryocar villosum (Aubl.) Pers.,OENHQHLEOONYIE,10.1590/s1516-05722013000200019,Caryocar villosum_OENHQHLEOONYIE
6696,caryocar villosum pers,alanine,Caryocar villosum,Caryocar villosum (Aubl.) Pers.,QNAYBMKLOCPYGJ,10.1590/s1516-05722013000200019,Caryocar villosum_QNAYBMKLOCPYGJ
6697,caryocar villosum pers,2-heptanone,Caryocar villosum,Caryocar villosum (Aubl.) Pers.,CATSNJVOTSVZJV,10.1590/s1516-05722013000200019,Caryocar villosum_CATSNJVOTSVZJV
6698,caryocar villosum pers,oleic acid,Caryocar villosum,Caryocar villosum (Aubl.) Pers.,ZQPPMHVWECSIRJ,10.1590/s1516-05722013000200019,Caryocar villosum_ZQPPMHVWECSIRJ
6699,caryocar villosum pers,valine,Caryocar villosum,Caryocar villosum (Aubl.) Pers.,KZSNJWFQEVHDMF,10.1590/s1516-05722013000200019,Caryocar villosum_KZSNJWFQEVHDMF
6700,caryocar villosum pers,13-cis-β-carotene,Caryocar villosum,Caryocar villosum (Aubl.) Pers.,OENHQHLEOONYIE,10.1590/s1516-05722013000200019,Caryocar villosum_OENHQHLEOONYIE
6701,caryocar villosum pers,palmitic acid,Caryocar villosum,Caryocar villosum (Aubl.) Pers.,IPCSVZSSVZVIGE,10.1590/s1516-05722013000200019,Caryocar villosum_IPCSVZSSVZVIGE
6702,caryocar villosum pers,β-bisabolene,Caryocar villosum,Caryocar villosum (Aubl.) Pers.,XZRVRYFILCSYSP,10.1590/s1516-05722013000200019,Caryocar villosum_XZRVRYFILCSYSP
6703,caryocar villosum pers,furfural,Caryocar villosum,Caryocar villosum (Aubl.) Pers.,HYBBIBNJHNGZAN,10.1590/s1516-05722013000200019,Caryocar villosum_HYBBIBNJHNGZAN
6704,caryocar villosum pers,β-cryptoxanthin,Caryocar villosum,Caryocar villosum (Aubl.) Pers.,DMASLKHVQRHNES,10.1590/s1516-05722013000200019,Caryocar villosum_DMASLKHVQRHNES
6705,caryocar villosum pers,leucine,Caryocar villosum,Caryocar villosum (Aubl.) Pers.,ROHFNLRQFUQHCH,10.1590/s1516-05722013000200019,Caryocar villosum_ROHFNLRQFUQHCH
6706,caryocar villosum pers,β-sitosterol,Caryocar villosum,Caryocar villosum (Aubl.) Pers.,KZJWDPNRJALLNS,10.1590/s1516-05722013000200019,Caryocar villosum_KZJWDPNRJALLNS
6707,caryocar villosum pers,stearic acid,Caryocar villosum,Caryocar villosum (Aubl.) Pers.,QIQXTHQIDYTFRH,10.1590/s1516-05722013000200019,Caryocar villosum_QIQXTHQIDYTFRH
6708,caryocar villosum pers,α-carotene,Caryocar villosum,Caryocar villosum (Aubl.) Pers.,ANVAOWXLWRTKGA,10.1590/s1516-05722013000200019,Caryocar villosum_ANVAOWXLWRTKGA
6709,caryocar villosum pers,neocryptoxanthin,Caryocar villosum,Caryocar villosum (Aubl.) Pers.,DMASLKHVQRHNES,10.1590/s1516-05722013000200019,Caryocar villosum_DMASLKHVQRHNES
6710,caryocar villosum pers,palmitoleic acid,Caryocar villosum,Caryocar villosum (Aubl.) Pers.,SECPZKHBENQXJG,10.1590/s1516-05722013000200019,Caryocar villosum_SECPZKHBENQXJG
6711,caryocar villosum pers,(e)-nerolidol,Caryocar villosum,Caryocar villosum (Aubl.) Pers.,FQTLCLSUCSAZDY,10.1590/s1516-05722013000200019,Caryocar villosum_FQTLCLSUCSAZDY
6715,caryocar microcarpum ducke,gallotannin,Caryocar microcarpum,Caryocar microcarpum Ducke,RNKMOGIPOMVCHO,10.1590/s1516-05722013000200019,Caryocar microcarpum_RNKMOGIPOMVCHO
6717,caryocar microcarpum ducke,2β-hydroxyoleanolic acid,Caryocar microcarpum,Caryocar microcarpum Ducke,MDZKJHQSJHYOHJ,10.1590/s1516-05722013000200019,Caryocar microcarpum_MDZKJHQSJHYOHJ
6721,caryocar glabrum (aubl.) pers,glycoside d,Caryocar glabrum,Caryocar glabrum (Aubl.) Pers.,KNZSXKKCTOYLSV,10.1590/s1516-05722013000200019,Caryocar glabrum_KNZSXKKCTOYLSV
6723,caryocar glabrum (aubl.) pers,glycoside f,Caryocar glabrum,Caryocar glabrum (Aubl.) Pers.,RPYHJEFMMXMMHG,10.1590/s1516-05722013000200019,Caryocar glabrum_RPYHJEFMMXMMHG
6724,moringa oleifera,"n,α-l-rhamnopyranosyl vincosamide",Moringa oleifera,Moringa oleifera Lam.,UYZWETYQWXDQOM,10.3390/ijms160612791,Moringa oleifera_UYZWETYQWXDQOM
6725,moringa oleifera,β-carotene,Moringa oleifera,Moringa oleifera Lam.,OENHQHLEOONYIE,10.3390/ijms160612791,Moringa oleifera_OENHQHLEOONYIE
6729,moringa oleifera,riboflavin,Moringa oleifera,Moringa oleifera Lam.,AUNGANRZJHBGPY,10.3390/ijms160612791,Moringa oleifera_AUNGANRZJHBGPY
6730,moringa oleifera,thiamine,Moringa oleifera,Moringa oleifera Lam.,JZRWCGZRTZMZEH,10.3390/ijms160612791,Moringa oleifera_JZRWCGZRTZMZEH
6732,moringa oleifera,vitamin c,Moringa oleifera,Moringa oleifera Lam.,CIWBSHSKHKDKBQ,10.3390/ijms160612791,Moringa oleifera_CIWBSHSKHKDKBQ
6733,moringa oleifera,niacin,Moringa oleifera,Moringa oleifera Lam.,PVNIIMVLHYAWGP,10.3390/ijms160612791,Moringa oleifera_PVNIIMVLHYAWGP
6735,moringa oleifera,vitamin e,Moringa oleifera,Moringa oleifera Lam.,GVJHHUAWPYXKBD,10.3390/ijms160612791,Moringa oleifera_GVJHHUAWPYXKBD
6740,moringa oleifera,vitamin a,Moringa oleifera,Moringa oleifera Lam.,FPIPGXGPPPQFEQ,10.3390/ijms160612791,Moringa oleifera_FPIPGXGPPPQFEQ
6748,moringa oleifera,oxalates,Moringa oleifera,Moringa oleifera Lam.,MUBZPKHOEPUJKR,10.3390/ijms160612791,Moringa oleifera_MUBZPKHOEPUJKR
6755,hyssopus officinalis,chlorogenic acid,Dracocephalum officinale,Dracocephalum officinale (L.) Y.P.Chen & B.T.Drew,CWVRJTMFETXNAD,10.1155/2022/8442734,Dracocephalum officinale_CWVRJTMFETXNAD
6756,hyssopus officinalis,p-cymene,Dracocephalum officinale,Dracocephalum officinale (L.) Y.P.Chen & B.T.Drew,HFPZCAJZSCWRBC,10.1155/2022/8442734,Dracocephalum officinale_HFPZCAJZSCWRBC
6760,hyssopus officinalis,marrubiin,Dracocephalum officinale,Dracocephalum officinale (L.) Y.P.Chen & B.T.Drew,HQLLRHCTVDVUJB,10.1155/2022/8442734,Dracocephalum officinale_HQLLRHCTVDVUJB
6761,hyssopus officinalis,elemol,Dracocephalum officinale,Dracocephalum officinale (L.) Y.P.Chen & B.T.Drew,GFJIQNADMLPFOW,10.1155/2022/8442734,Dracocephalum officinale_GFJIQNADMLPFOW
6763,hyssopus officinalis,durenol,Dracocephalum officinale,Dracocephalum officinale (L.) Y.P.Chen & B.T.Drew,KLAQSPUVCDBEGF,10.1155/2022/8442734,Dracocephalum officinale_KLAQSPUVCDBEGF
6768,hyssopus officinalis,"1,8-cineole",Dracocephalum officinale,Dracocephalum officinale (L.) Y.P.Chen & B.T.Drew,WEEGYLXZBRQIMU,10.1155/2022/8442734,Dracocephalum officinale_WEEGYLXZBRQIMU
6770,hyssopus officinalis,α-elemol,Dracocephalum officinale,Dracocephalum officinale (L.) Y.P.Chen & B.T.Drew,GFJIQNADMLPFOW,10.1155/2022/8442734,Dracocephalum officinale_GFJIQNADMLPFOW
6771,hyssopus officinalis,γ-eudesmol,Dracocephalum officinale,Dracocephalum officinale (L.) Y.P.Chen & B.T.Drew,WMOPMQRJLLIEJV,10.1155/2022/8442734,Dracocephalum officinale_WMOPMQRJLLIEJV
6775,hyssopus officinalis,protocatechuic acid,Dracocephalum officinale,Dracocephalum officinale (L.) Y.P.Chen & B.T.Drew,YQUVCSBJEUQKSH,10.1155/2022/8442734,Dracocephalum officinale_YQUVCSBJEUQKSH
6778,hyssopus officinalis,terpinene-4-ol,Dracocephalum officinale,Dracocephalum officinale (L.) Y.P.Chen & B.T.Drew,WRYLYDPHFGVWKC,10.1155/2022/8442734,Dracocephalum officinale_WRYLYDPHFGVWKC
6781,hyssopus officinalis,carvacrol,Dracocephalum officinale,Dracocephalum officinale (L.) Y.P.Chen & B.T.Drew,RECUKUPTGUEGMW,10.1155/2022/8442734,Dracocephalum officinale_RECUKUPTGUEGMW
6783,ocotea elegans,burchellin,Ocotea elegans,Ocotea elegans Mez,SOLJFAQVSWXZEQ,10.7324/japs.2017.70534,Ocotea elegans_SOLJFAQVSWXZEQ
6784,ocotea cymosa,didymochlaenone b,Ocotea cymosa,Ocotea cymosa (Nees) Palacký,TXLALJSADHIRMA,10.7324/japs.2017.70534,Ocotea cymosa_TXLALJSADHIRMA
6789,ocotea macrophylla,(+)-dicentrine,Ocotea macrophylla,Ocotea macrophylla Kunth,YJWBWQWUHVXPNC,10.7324/japs.2017.70534,Ocotea macrophylla_YJWBWQWUHVXPNC
6791,ocotea macrophylla,(+)-neolitsine,Ocotea macrophylla,Ocotea macrophylla Kunth,GKEOKAJRKHTDOS,10.7324/japs.2017.70534,Ocotea macrophylla_GKEOKAJRKHTDOS
6796,ocotea puberula,(+)-dicentrine,Ocotea puberula,Ocotea puberula (Rich.) Nees,YJWBWQWUHVXPNC,10.7324/japs.2017.70534,Ocotea puberula_YJWBWQWUHVXPNC
6799,ocotea acutifolia,(+)-isodomesticine,Ocotea acutifolia,Ocotea acutifolia (Nees) Mez,OGJUMNZGTZWIBO,10.7324/japs.2017.70534,Ocotea acutifolia_OGJUMNZGTZWIBO
6800,ocotea acutifolia,kaempferol,Ocotea acutifolia,Ocotea acutifolia (Nees) Mez,IYRMWMYZSQPJKC,10.7324/japs.2017.70534,Ocotea acutifolia_IYRMWMYZSQPJKC
6805,ocotea lancifolia,(+)-reticuline,Ocotea lancifolia,Ocotea lancifolia (Schott) Mez,BHLYRWXGMIUIHG,10.7324/japs.2017.70534,Ocotea lancifolia_BHLYRWXGMIUIHG
6807,ocotea lancifolia,spathulenol,Ocotea lancifolia,Ocotea lancifolia (Schott) Mez,FRMCCTDTYSRUBE,10.7324/japs.2017.70534,Ocotea lancifolia_FRMCCTDTYSRUBE
6811,ocotea lancifolia,coclaurine,Ocotea lancifolia,Ocotea lancifolia (Schott) Mez,LVVKXRQZSRUVPY,10.7324/japs.2017.70534,Ocotea lancifolia_LVVKXRQZSRUVPY
6813,ocotea lancifolia,(+)-norisoboldine,Ocotea lancifolia,Ocotea lancifolia (Schott) Mez,HORZNQYQXBFWNZ,10.7324/japs.2017.70534,Ocotea lancifolia_HORZNQYQXBFWNZ
6816,ocotea minarum,"3- (1,4-dihydroxypentyl)-5-methoxyphenol",Ocotea minarum,Ocotea minarum (Nees & Mart.) Mez,BSWXMPQPKVMZNS,10.7324/japs.2017.70534,Ocotea minarum_BSWXMPQPKVMZNS
6817,ocotea minarum,taxifolin,Ocotea minarum,Ocotea minarum (Nees & Mart.) Mez,CXQWRCVTCMQVQX,10.7324/japs.2017.70534,Ocotea minarum_CXQWRCVTCMQVQX
6818,ocotea minarum,3-o-β-d-glucopyranosyl stigmasterol,Ocotea minarum,Ocotea minarum (Nees & Mart.) Mez,VWDLOXMZIGUBKM,10.7324/japs.2017.70534,Ocotea minarum_VWDLOXMZIGUBKM
6819,ocotea minarum,scopoletin,Ocotea minarum,Ocotea minarum (Nees & Mart.) Mez,RODXRVNMMDRFIK,10.7324/japs.2017.70534,Ocotea minarum_RODXRVNMMDRFIK
6820,ocotea minarum,"stigmasta-4,22-dien-3-one",Ocotea minarum,Ocotea minarum (Nees & Mart.) Mez,MKGZDUKUQPPHFM,10.7324/japs.2017.70534,Ocotea minarum_MKGZDUKUQPPHFM
6821,ocotea minarum,trans-asarone,Ocotea minarum,Ocotea minarum (Nees & Mart.) Mez,RKFAZBXYICVSKP,10.7324/japs.2017.70534,Ocotea minarum_RKFAZBXYICVSKP
6822,ocotea minarum,β-sitosterol,Ocotea minarum,Ocotea minarum (Nees & Mart.) Mez,KZJWDPNRJALLNS,10.7324/japs.2017.70534,Ocotea minarum_KZJWDPNRJALLNS
6823,ocotea minarum,5-propylresorcinol,Ocotea minarum,Ocotea minarum (Nees & Mart.) Mez,FRNQLQRBNSSJBK,10.7324/japs.2017.70534,Ocotea minarum_FRNQLQRBNSSJBK
6824,ocotea minarum,quercetin-7-o-β-d-glucopyranoside,Ocotea minarum,Ocotea minarum (Nees & Mart.) Mez,BBFYUPYFXSSMNV,10.7324/japs.2017.70534,Ocotea minarum_BBFYUPYFXSSMNV
6825,ocotea notata,afzelin,Ocotea notata,Ocotea notata (Nees & Mart.) Mez,SOSLMHZOJATCCP,10.7324/japs.2017.70534,Ocotea notata_SOSLMHZOJATCCP
6826,ocotea notata,epicatechin,Ocotea notata,Ocotea notata (Nees & Mart.) Mez,PFTAWBLQPZVEMU,10.7324/japs.2017.70534,Ocotea notata_PFTAWBLQPZVEMU
6827,ocotea notata,kaempferol,Ocotea notata,Ocotea notata (Nees & Mart.) Mez,IYRMWMYZSQPJKC,10.7324/japs.2017.70534,Ocotea notata_IYRMWMYZSQPJKC
6828,ocotea notata,isoquercitrin,Ocotea notata,Ocotea notata (Nees & Mart.) Mez,OPJZLUXFQFQYAI,10.7324/japs.2017.70534,Ocotea notata_OPJZLUXFQFQYAI
6829,ocotea notata,quercitrin,Ocotea notata,Ocotea notata (Nees & Mart.) Mez,OXGUCUVFOIWWQJ,10.7324/japs.2017.70534,Ocotea notata_OXGUCUVFOIWWQJ
6830,ocotea notata,quercetin,Ocotea notata,Ocotea notata (Nees & Mart.) Mez,REFJWTPEDVJJIY,10.7324/japs.2017.70534,Ocotea notata_REFJWTPEDVJJIY
6831,ocotea notata,miquelianin,Ocotea notata,Ocotea notata (Nees & Mart.) Mez,DUBCCGAQYVUYEU,10.7324/japs.2017.70534,Ocotea notata_DUBCCGAQYVUYEU
6832,ocotea notata,catechin,Ocotea notata,Ocotea notata (Nees & Mart.) Mez,PFTAWBLQPZVEMU,10.7324/japs.2017.70534,Ocotea notata_PFTAWBLQPZVEMU
6833,ocotea corymbosa,isoquercitrin,Ocotea corymbosa,Ocotea corymbosa (Meisn.) Mez,OPJZLUXFQFQYAI,10.7324/japs.2017.70534,Ocotea corymbosa_OPJZLUXFQFQYAI
6834,ocotea macrocarpa,isolinderanolide,Ocotea macrocarpa,Ocotea macrocarpa Kosterm.,HFEZVKMFKXUREP,10.7324/japs.2017.70534,Ocotea macrocarpa_HFEZVKMFKXUREP
6835,annona muricata,glycosides,Annona muricata,Annona muricata L.,LPMXVESGRSUGHW,10.22159/ijap.2019.v11s6.33524,Annona muricata_LPMXVESGRSUGHW
6837,telfairia occidentalis,tannin,Telfairia occidentalis,Telfairia occidentalis Hook.f.,LRBQNJMCXXYXIU,10.4314/jasem.v26i2.20,Telfairia occidentalis_LRBQNJMCXXYXIU
6838,telfairia occidentalis,terpene,Telfairia occidentalis,Telfairia occidentalis Hook.f.,RBNWAMSGVWEHFP,10.4314/jasem.v26i2.20,Telfairia occidentalis_RBNWAMSGVWEHFP
6839,telfairia occidentalis,ascorbic acid,Telfairia occidentalis,Telfairia occidentalis Hook.f.,CIWBSHSKHKDKBQ,10.4314/jasem.v26i2.20,Telfairia occidentalis_CIWBSHSKHKDKBQ
6840,telfairia occidentalis,chlorophyll,Telfairia occidentalis,Telfairia occidentalis Hook.f.,KPJIJGZVAWIZMG,10.4314/jasem.v26i2.20,Telfairia occidentalis_KPJIJGZVAWIZMG
6841,telfairia occidentalis,saponin,Telfairia occidentalis,Telfairia occidentalis Hook.f.,MAEBCGDGGATMSC,10.4314/jasem.v26i2.20,Telfairia occidentalis_MAEBCGDGGATMSC
6843,cynoglossum amabile stapf et drumm,glycine,Cynoglossum amabile,Cynoglossum amabile Stapf & J.R.Drumm.,DHMQDGOQFOQNFH,10.3389/fphar.2024.1325283,Cynoglossum amabile_DHMQDGOQFOQNFH
6844,cynoglossum amabile stapf et drumm,l-threonine,Cynoglossum amabile,Cynoglossum amabile Stapf & J.R.Drumm.,AYFVYJQAPQTCCC,10.3389/fphar.2024.1325283,Cynoglossum amabile_AYFVYJQAPQTCCC
6845,cynoglossum amabile stapf et drumm,α-d-lactose monohydrate,Cynoglossum amabile,Cynoglossum amabile Stapf & J.R.Drumm.,WSVLPVUVIUVCRA,10.3389/fphar.2024.1325283,Cynoglossum amabile_WSVLPVUVIUVCRA
6846,cynoglossum amabile stapf et drumm,salicylic acid,Cynoglossum amabile,Cynoglossum amabile Stapf & J.R.Drumm.,YGSDEFSMJLZEOE,10.3389/fphar.2024.1325283,Cynoglossum amabile_YGSDEFSMJLZEOE
6847,cynoglossum amabile stapf et drumm,europine,Cynoglossum amabile,Cynoglossum amabile Stapf & J.R.Drumm.,ZNEMYFCJOCCUJN,10.3389/fphar.2024.1325283,Cynoglossum amabile_ZNEMYFCJOCCUJN
6848,cynoglossum amabile stapf et drumm,heliosupine,Cynoglossum amabile,Cynoglossum amabile Stapf & J.R.Drumm.,HRSGCYGUWHGOPY,10.3389/fphar.2024.1325283,Cynoglossum amabile_HRSGCYGUWHGOPY
6849,cynoglossum amabile stapf et drumm,eleutheroside a,Cynoglossum amabile,Cynoglossum amabile Stapf & J.R.Drumm.,NPJICTMALKLTFW,10.3389/fphar.2024.1325283,Cynoglossum amabile_NPJICTMALKLTFW
6850,cynoglossum amabile stapf et drumm,"21-o-β-d-glucopyranosyl-2α,3β,21β,23-tetrahydroxyolean-12-en-28-oic acid",Cynoglossum amabile,Cynoglossum amabile Stapf & J.R.Drumm.,ROJNIJLZTIURNP,10.3389/fphar.2024.1325283,Cynoglossum amabile_ROJNIJLZTIURNP
6852,cynoglossum amabile stapf et drumm,l-arabinose,Cynoglossum amabile,Cynoglossum amabile Stapf & J.R.Drumm.,SRBFZHDQGSBBOR,10.3389/fphar.2024.1325283,Cynoglossum amabile_SRBFZHDQGSBBOR
6853,cynoglossum amabile stapf et drumm,oleanolic acid,Cynoglossum amabile,Cynoglossum amabile Stapf & J.R.Drumm.,MIJYXULNPSFWEK,10.3389/fphar.2024.1325283,Cynoglossum amabile_MIJYXULNPSFWEK
6854,cynoglossum amabile stapf et drumm,lactose,Cynoglossum amabile,Cynoglossum amabile Stapf & J.R.Drumm.,GUBGYTABKSRVRQ,10.3389/fphar.2024.1325283,Cynoglossum amabile_GUBGYTABKSRVRQ
6855,cynoglossum amabile stapf et drumm,n-carbobenzoxy-dl-leucine,Cynoglossum amabile,Cynoglossum amabile Stapf & J.R.Drumm.,USPFMEKVPDBMCG,10.3389/fphar.2024.1325283,Cynoglossum amabile_USPFMEKVPDBMCG
6856,cynoglossum amabile stapf et drumm,docosanoic acid,Cynoglossum amabile,Cynoglossum amabile Stapf & J.R.Drumm.,UKMSUNONTOPOIO,10.3389/fphar.2024.1325283,Cynoglossum amabile_UKMSUNONTOPOIO
6858,cynoglossum amabile stapf et drumm,stigmasterol,Cynoglossum amabile,Cynoglossum amabile Stapf & J.R.Drumm.,HCXVJBMSMIARIN,10.3389/fphar.2024.1325283,Cynoglossum amabile_HCXVJBMSMIARIN
6859,cynoglossum amabile stapf et drumm,l-cystine,Cynoglossum amabile,Cynoglossum amabile Stapf & J.R.Drumm.,LEVWYRKDKASIDU,10.3389/fphar.2024.1325283,Cynoglossum amabile_LEVWYRKDKASIDU
6860,cynoglossum amabile stapf et drumm,pentadecanoic acid,Cynoglossum amabile,Cynoglossum amabile Stapf & J.R.Drumm.,WQEPLUUGTLDZJY,10.3389/fphar.2024.1325283,Cynoglossum amabile_WQEPLUUGTLDZJY
6861,cynoglossum amabile stapf et drumm,d-glucuronic acid,Cynoglossum amabile,Cynoglossum amabile Stapf & J.R.Drumm.,AEMOLEFTQBMNLQ,10.3389/fphar.2024.1325283,Cynoglossum amabile_AEMOLEFTQBMNLQ
6862,cynoglossum amabile stapf et drumm,"delphinidin 3,5-diglucoside",Cynoglossum amabile,Cynoglossum amabile Stapf & J.R.Drumm.,XCTGXGVGJYACEI,10.3389/fphar.2024.1325283,Cynoglossum amabile_XCTGXGVGJYACEI
6863,cynoglossum amabile stapf et drumm,[5-(hydroxymethyl) furan-2-yl]methanol,Cynoglossum amabile,Cynoglossum amabile Stapf & J.R.Drumm.,DSLRVRBSNLHVBH,10.3389/fphar.2024.1325283,Cynoglossum amabile_DSLRVRBSNLHVBH
6864,cynoglossum amabile stapf et drumm,β-sitosterol,Cynoglossum amabile,Cynoglossum amabile Stapf & J.R.Drumm.,KZJWDPNRJALLNS,10.3389/fphar.2024.1325283,Cynoglossum amabile_KZJWDPNRJALLNS
6865,cynoglossum amabile stapf et drumm,d-alanine,Cynoglossum amabile,Cynoglossum amabile Stapf & J.R.Drumm.,QNAYBMKLOCPYGJ,10.3389/fphar.2024.1325283,Cynoglossum amabile_QNAYBMKLOCPYGJ
6866,cynoglossum amabile stapf et drumm,d-ribose,Cynoglossum amabile,Cynoglossum amabile Stapf & J.R.Drumm.,SRBFZHDQGSBBOR,10.3389/fphar.2024.1325283,Cynoglossum amabile_SRBFZHDQGSBBOR
6867,cynoglossum amabile stapf et drumm,benjaminamide,Cynoglossum amabile,Cynoglossum amabile Stapf & J.R.Drumm.,SOZSUYGVBDXLLZ,10.3389/fphar.2024.1325283,Cynoglossum amabile_SOZSUYGVBDXLLZ
6868,cynoglossum amabile stapf et drumm,ambelline,Cynoglossum amabile,Cynoglossum amabile Stapf & J.R.Drumm.,QAHZAHIPKNLGAS,10.3389/fphar.2024.1325283,Cynoglossum amabile_QAHZAHIPKNLGAS
6869,cynoglossum amabile stapf et drumm,protocatechuic acid,Cynoglossum amabile,Cynoglossum amabile Stapf & J.R.Drumm.,YQUVCSBJEUQKSH,10.3389/fphar.2024.1325283,Cynoglossum amabile_YQUVCSBJEUQKSH
6870,cynoglossum amabile stapf et drumm,lupeol,Cynoglossum amabile,Cynoglossum amabile Stapf & J.R.Drumm.,MQYXUWHLBZFQQO,10.3389/fphar.2024.1325283,Cynoglossum amabile_MQYXUWHLBZFQQO
6871,cynoglossum amabile stapf et drumm,l-glutamic acid,Cynoglossum amabile,Cynoglossum amabile Stapf & J.R.Drumm.,WHUUTDBJXJRKMK,10.3389/fphar.2024.1325283,Cynoglossum amabile_WHUUTDBJXJRKMK
6872,cynoglossum amabile stapf et drumm,supinidine,Cynoglossum amabile,Cynoglossum amabile Stapf & J.R.Drumm.,XMJAZPFSQQKHEG,10.3389/fphar.2024.1325283,Cynoglossum amabile_XMJAZPFSQQKHEG
6873,cynoglossum amabile stapf et drumm,heliotrine,Cynoglossum amabile,Cynoglossum amabile Stapf & J.R.Drumm.,LMFKRLGHEKVMNT,10.3389/fphar.2024.1325283,Cynoglossum amabile_LMFKRLGHEKVMNT
6874,cynoglossum amabile stapf et drumm,heliotridine,Cynoglossum amabile,Cynoglossum amabile Stapf & J.R.Drumm.,HJSJELVDQOXCHO,10.3389/fphar.2024.1325283,Cynoglossum amabile_HJSJELVDQOXCHO
6876,cynoglossum amabile stapf et drumm,octacosanoic acid,Cynoglossum amabile,Cynoglossum amabile Stapf & J.R.Drumm.,UTOPWMOLSKOLTQ,10.3389/fphar.2024.1325283,Cynoglossum amabile_UTOPWMOLSKOLTQ
6877,cynoglossum amabile stapf et drumm,l (+)-rhamnose monohydrate,Cynoglossum amabile,Cynoglossum amabile Stapf & J.R.Drumm.,BNRKZHXOBMEUGK,10.3389/fphar.2024.1325283,Cynoglossum amabile_BNRKZHXOBMEUGK
6878,cynoglossum amabile stapf et drumm,lasiocarpine,Cynoglossum amabile,Cynoglossum amabile Stapf & J.R.Drumm.,QHOZSLCIKHUPSU,10.3389/fphar.2024.1325283,Cynoglossum amabile_QHOZSLCIKHUPSU
6879,cynoglossum amabile stapf et drumm,dl-proline,Cynoglossum amabile,Cynoglossum amabile Stapf & J.R.Drumm.,ONIBWKKTOPOVIA,10.3389/fphar.2024.1325283,Cynoglossum amabile_ONIBWKKTOPOVIA
6880,cynoglossum amabile stapf et drumm,l-fructose,Cynoglossum amabile,Cynoglossum amabile Stapf & J.R.Drumm.,BJHIKXHVCXFQLS,10.3389/fphar.2024.1325283,Cynoglossum amabile_BJHIKXHVCXFQLS
6881,cynoglossum amabile stapf et drumm,l-aspartic acid,Cynoglossum amabile,Cynoglossum amabile Stapf & J.R.Drumm.,CKLJMWTZIZZHCS,10.3389/fphar.2024.1325283,Cynoglossum amabile_CKLJMWTZIZZHCS
6882,cynoglossum amabile stapf et drumm,viridiflorine,Cynoglossum amabile,Cynoglossum amabile Stapf & J.R.Drumm.,BWQSLRZZOVFVHJ,10.3389/fphar.2024.1325283,Cynoglossum amabile_BWQSLRZZOVFVHJ
6883,cynoglossum amabile stapf et drumm,viridifloric acid,Cynoglossum amabile,Cynoglossum amabile Stapf & J.R.Drumm.,KXEISHUBUXWXGY,10.3389/fphar.2024.1325283,Cynoglossum amabile_KXEISHUBUXWXGY
6884,sinapis alba l,vitamin b2,Sinapis alba,Sinapis alba L.,AUNGANRZJHBGPY,10.3389/fphar.2023.1113583,Sinapis alba_AUNGANRZJHBGPY
6885,sinapis alba l,3-hydroxy-4-methoxycinnamoylcholine,Sinapis alba,Sinapis alba L.,UHJZITVWXGMYKV,10.3389/fphar.2023.1113583,Sinapis alba_UHJZITVWXGMYKV
6889,sinapis alba l,vitamin b3,Sinapis alba,Sinapis alba L.,PVNIIMVLHYAWGP,10.3389/fphar.2023.1113583,Sinapis alba_PVNIIMVLHYAWGP
6891,sinapis alba l,vitamin c,Sinapis alba,Sinapis alba L.,CIWBSHSKHKDKBQ,10.3389/fphar.2023.1113583,Sinapis alba_CIWBSHSKHKDKBQ
6893,sinapis alba l,methyl linoleate,Sinapis alba,Sinapis alba L.,WTTJVINHCBCLGX,10.3389/fphar.2023.1113583,Sinapis alba_WTTJVINHCBCLGX
6894,sinapis alba l,daucosterol,Sinapis alba,Sinapis alba L.,NPJICTMALKLTFW,10.3389/fphar.2023.1113583,Sinapis alba_NPJICTMALKLTFW
6895,sinapis alba l,vitamin b1,Sinapis alba,Sinapis alba L.,JZRWCGZRTZMZEH,10.3389/fphar.2023.1113583,Sinapis alba_JZRWCGZRTZMZEH
6898,sinapis alba l,linoleic acid,Sinapis alba,Sinapis alba L.,OYHQOLUKZRVURQ,10.3389/fphar.2023.1113583,Sinapis alba_OYHQOLUKZRVURQ
6899,sinapis alba l,methyl erucate,Sinapis alba,Sinapis alba L.,ZYNDJIBBPLNPOW,10.3389/fphar.2023.1113583,Sinapis alba_ZYNDJIBBPLNPOW
6901,sinapis alba l,sinapine thiocyanate,Sinapis alba,Sinapis alba L.,YLELSNOPYHTYTB,10.3389/fphar.2023.1113583,Sinapis alba_YLELSNOPYHTYTB
6903,brassica juncea (l.) czern. et coss,daucosterol,× Brassarda juncea,× Brassarda juncea (L.) Su Liu & Z.H.Feng,NPJICTMALKLTFW,10.3389/fphar.2023.1113583,× Brassarda juncea_NPJICTMALKLTFW
6904,brassica juncea (l.) czern. et coss,sinapine thiocyanate,× Brassarda juncea,× Brassarda juncea (L.) Su Liu & Z.H.Feng,YLELSNOPYHTYTB,10.3389/fphar.2023.1113583,× Brassarda juncea_YLELSNOPYHTYTB
6905,brassica juncea (l.) czern. et coss,vitamin b2,× Brassarda juncea,× Brassarda juncea (L.) Su Liu & Z.H.Feng,AUNGANRZJHBGPY,10.3389/fphar.2023.1113583,× Brassarda juncea_AUNGANRZJHBGPY
6907,brassica juncea (l.) czern. et coss,3-hydroxy-4-methoxycinnamoylcholine,× Brassarda juncea,× Brassarda juncea (L.) Su Liu & Z.H.Feng,UHJZITVWXGMYKV,10.3389/fphar.2023.1113583,× Brassarda juncea_UHJZITVWXGMYKV
6908,brassica juncea (l.) czern. et coss,methyl erucate,× Brassarda juncea,× Brassarda juncea (L.) Su Liu & Z.H.Feng,ZYNDJIBBPLNPOW,10.3389/fphar.2023.1113583,× Brassarda juncea_ZYNDJIBBPLNPOW
6910,brassica juncea (l.) czern. et coss,vitamin b1,× Brassarda juncea,× Brassarda juncea (L.) Su Liu & Z.H.Feng,JZRWCGZRTZMZEH,10.3389/fphar.2023.1113583,× Brassarda juncea_JZRWCGZRTZMZEH
6911,brassica juncea (l.) czern. et coss,vitamin b3,× Brassarda juncea,× Brassarda juncea (L.) Su Liu & Z.H.Feng,PVNIIMVLHYAWGP,10.3389/fphar.2023.1113583,× Brassarda juncea_PVNIIMVLHYAWGP
6913,brassica juncea (l.) czern. et coss,4-hydroxybenzyl cyanide,× Brassarda juncea,× Brassarda juncea (L.) Su Liu & Z.H.Feng,AYKYOOPFBCOXSL,10.3389/fphar.2023.1113583,× Brassarda juncea_AYKYOOPFBCOXSL
6914,brassica juncea (l.) czern. et coss,erucic acid,× Brassarda juncea,× Brassarda juncea (L.) Su Liu & Z.H.Feng,DPUOLQHDNGRHBS,10.3389/fphar.2023.1113583,× Brassarda juncea_DPUOLQHDNGRHBS
6915,brassica juncea (l.) czern. et coss,vitamin c,× Brassarda juncea,× Brassarda juncea (L.) Su Liu & Z.H.Feng,CIWBSHSKHKDKBQ,10.3389/fphar.2023.1113583,× Brassarda juncea_CIWBSHSKHKDKBQ
6916,brassica juncea (l.) czern. et coss,linoleic acid,× Brassarda juncea,× Brassarda juncea (L.) Su Liu & Z.H.Feng,OYHQOLUKZRVURQ,10.3389/fphar.2023.1113583,× Brassarda juncea_OYHQOLUKZRVURQ
6917,brassica juncea (l.) czern. et coss,β-sitosterol,× Brassarda juncea,× Brassarda juncea (L.) Su Liu & Z.H.Feng,KZJWDPNRJALLNS,10.3389/fphar.2023.1113583,× Brassarda juncea_KZJWDPNRJALLNS
6918,brassica juncea (l.) czern. et coss,methyl linoleate,× Brassarda juncea,× Brassarda juncea (L.) Su Liu & Z.H.Feng,WTTJVINHCBCLGX,10.3389/fphar.2023.1113583,× Brassarda juncea_WTTJVINHCBCLGX
6919,typha angustifolia l,dimethyl azelate,Typha angustifolia,Typha angustifolia L.,DRUKNYVQGHETPO,10.3389/fphar.2025.1557136,Typha angustifolia_DRUKNYVQGHETPO
6921,typha angustifolia l,methyl vanillate,Typha angustifolia,Typha angustifolia L.,BVWTXUYLKBHMOX,10.3389/fphar.2025.1557136,Typha angustifolia_BVWTXUYLKBHMOX
6922,typha angustifolia l,7β-hydroxysitosterol,Typha angustifolia,Typha angustifolia L.,SXJVFYZNUGGHRG,10.3389/fphar.2025.1557136,Typha angustifolia_SXJVFYZNUGGHRG
6923,typha angustifolia l,allantoin,Typha angustifolia,Typha angustifolia L.,POJWUDADGALRAB,10.3389/fphar.2025.1557136,Typha angustifolia_POJWUDADGALRAB
6924,typha angustifolia l,peroxyergosterol,Typha angustifolia,Typha angustifolia L.,VXOZCESVZIRHCJ,10.3389/fphar.2025.1557136,Typha angustifolia_VXOZCESVZIRHCJ
6925,typha angustifolia l,7α-hydroxysitosterol,Typha angustifolia,Typha angustifolia L.,SXJVFYZNUGGHRG,10.3389/fphar.2025.1557136,Typha angustifolia_SXJVFYZNUGGHRG
6926,typha angustifolia l,dimethyl phthalate,Typha angustifolia,Typha angustifolia L.,NIQCNGHVCWTJSM,10.3389/fphar.2025.1557136,Typha angustifolia_NIQCNGHVCWTJSM
6927,typha angustifolia l,"methyl 9,10-dihydroxyoctadecanoate",Typha angustifolia,Typha angustifolia L.,RITHLQKJQSKUAO,10.3389/fphar.2025.1557136,Typha angustifolia_RITHLQKJQSKUAO
6928,typha angustifolia l,narcissin,Typha angustifolia,Typha angustifolia L.,UIDGLYUNOUKLBM,10.3389/fphar.2025.1557136,Typha angustifolia_UIDGLYUNOUKLBM
6930,typha angustifolia l,dimethyl undecanedioate,Typha angustifolia,Typha angustifolia L.,LADJFIHHYMBJHB,10.3389/fphar.2025.1557136,Typha angustifolia_LADJFIHHYMBJHB
6931,typha angustifolia l,uracil,Typha angustifolia,Typha angustifolia L.,ISAKRJDGNUQOIC,10.3389/fphar.2025.1557136,Typha angustifolia_ISAKRJDGNUQOIC
6932,typha angustifolia l,bis (2-ethylhexyl) phthalate,Typha angustifolia,Typha angustifolia L.,BJQHLKABXJIVAM,10.3389/fphar.2025.1557136,Typha angustifolia_BJQHLKABXJIVAM
6934,typha angustifolia l,dimethyl adipate,Typha angustifolia,Typha angustifolia L.,UDSFAEKRVUSQDD,10.3389/fphar.2025.1557136,Typha angustifolia_UDSFAEKRVUSQDD
6935,typha angustifolia l,isofucosterol,Typha angustifolia,Typha angustifolia L.,OSELKOCHBMDKEJ,10.3389/fphar.2025.1557136,Typha angustifolia_OSELKOCHBMDKEJ
6936,typha angustifolia l,3β-hydroxystigmast-5-en-7-one,Typha angustifolia,Typha angustifolia L.,ICFXJOAKQGDRCT,10.3389/fphar.2025.1557136,Typha angustifolia_ICFXJOAKQGDRCT
6937,typha angustifolia l,"stigmast-5- ene-3β,7β-diol",Typha angustifolia,Typha angustifolia L.,SXJVFYZNUGGHRG,10.3389/fphar.2025.1557136,Typha angustifolia_SXJVFYZNUGGHRG
6938,typha angustifolia l,"stigmastane-3,6-dione",Typha angustifolia,Typha angustifolia L.,HMMVBUVVQLUGQA,10.3389/fphar.2025.1557136,Typha angustifolia_HMMVBUVVQLUGQA
6939,typha angustifolia l,"6,8-nonacosanediol",Typha angustifolia,Typha angustifolia L.,DAGYDJHSDMRWJX,10.3389/fphar.2025.1557136,Typha angustifolia_DAGYDJHSDMRWJX
6941,typha angustifolia l,1-hexacosanol,Typha angustifolia,Typha angustifolia L.,IRHTZOCLLONTOC,10.3389/fphar.2025.1557136,Typha angustifolia_IRHTZOCLLONTOC
6942,typha angustifolia l,"threo-2,3-bis-(4-hydroxy-3-methoxyphenyl)-3-methoxypropanol",Typha angustifolia,Typha angustifolia L.,WMARSCBYNGLIIG,10.3389/fphar.2025.1557136,Typha angustifolia_WMARSCBYNGLIIG
6943,typha angustifolia l,stigmast-4-en-6β-ol-3-one,Typha angustifolia,Typha angustifolia L.,IWNCBADONFSAAW,10.3389/fphar.2025.1557136,Typha angustifolia_IWNCBADONFSAAW
6944,typha angustifolia l,tetrahydro-2-(12-pentadecynyloxy)-2h-pyran,Typha angustifolia,Typha angustifolia L.,FPZIWAZYWJJTIZ,10.3389/fphar.2025.1557136,Typha angustifolia_FPZIWAZYWJJTIZ
6946,typha angustifolia l,dimethyl sebacate,Typha angustifolia,Typha angustifolia L.,ALOUNLDAKADEEB,10.3389/fphar.2025.1557136,Typha angustifolia_ALOUNLDAKADEEB
6948,typha angustifolia l,phenyl phthalate,Typha angustifolia,Typha angustifolia L.,DWNAQMUDCDVSLT,10.3389/fphar.2025.1557136,Typha angustifolia_DWNAQMUDCDVSLT
6949,typha angustifolia l,citric acid,Typha angustifolia,Typha angustifolia L.,KRKNYBCHXYNGOX,10.3389/fphar.2025.1557136,Typha angustifolia_KRKNYBCHXYNGOX
6950,typha angustifolia l,pinoresinol,Typha angustifolia,Typha angustifolia L.,HGXBRUKMWQGOIE,10.3389/fphar.2025.1557136,Typha angustifolia_HGXBRUKMWQGOIE
6951,typha angustifolia l,epicatechin,Typha angustifolia,Typha angustifolia L.,PFTAWBLQPZVEMU,10.3389/fphar.2025.1557136,Typha angustifolia_PFTAWBLQPZVEMU
6952,typha angustifolia l,diethyl phthalate,Typha angustifolia,Typha angustifolia L.,FLKPEMZONWLCSK,10.3389/fphar.2025.1557136,Typha angustifolia_FLKPEMZONWLCSK
6953,typha angustifolia l,adenine,Typha angustifolia,Typha angustifolia L.,GFFGJBXGBJISGV,10.3389/fphar.2025.1557136,Typha angustifolia_GFFGJBXGBJISGV
6955,typha angustifolia l,quercetin,Typha angustifolia,Typha angustifolia L.,REFJWTPEDVJJIY,10.3389/fphar.2025.1557136,Typha angustifolia_REFJWTPEDVJJIY
6956,typha angustifolia l,palmitic acid,Typha angustifolia,Typha angustifolia L.,IPCSVZSSVZVIGE,10.3389/fphar.2025.1557136,Typha angustifolia_IPCSVZSSVZVIGE
6957,typha angustifolia l,methyl benzoate,Typha angustifolia,Typha angustifolia L.,QPJVMBTYPHYUOC,10.3389/fphar.2025.1557136,Typha angustifolia_QPJVMBTYPHYUOC
6958,typha angustifolia l,dibutyl phthalate,Typha angustifolia,Typha angustifolia L.,DOIRQSBPFJWKBE,10.3389/fphar.2025.1557136,Typha angustifolia_DOIRQSBPFJWKBE
6959,typha angustifolia l,methyl hydrocinnamate,Typha angustifolia,Typha angustifolia L.,RPUSRLKKXPQSGP,10.3389/fphar.2025.1557136,Typha angustifolia_RPUSRLKKXPQSGP
6961,typha angustifolia l,cerotinic acid,Typha angustifolia,Typha angustifolia L.,XMHIUKTWLZUKEX,10.3389/fphar.2025.1557136,Typha angustifolia_XMHIUKTWLZUKEX
6962,typha angustifolia l,1-o-p-coumaroylglycerol,Typha angustifolia,Typha angustifolia L.,YUQSZTOOHLGKGG,10.3389/fphar.2025.1557136,Typha angustifolia_YUQSZTOOHLGKGG
6963,typha angustifolia l,4-hydroxycinnamic acid,Typha angustifolia,Typha angustifolia L.,NGSWKAQJJWESNS,10.3389/fphar.2025.1557136,Typha angustifolia_NGSWKAQJJWESNS
6965,typha angustifolia l,methyl hexadecanoate,Typha angustifolia,Typha angustifolia L.,FLIACVVOZYBSBS,10.3389/fphar.2025.1557136,Typha angustifolia_FLIACVVOZYBSBS
6966,typha angustifolia l,cacticin,Typha angustifolia,Typha angustifolia L.,CQLRUIIRRZYHHS,10.3389/fphar.2025.1557136,Typha angustifolia_CQLRUIIRRZYHHS
6967,typha angustifolia l,methyl vaccenate,Typha angustifolia,Typha angustifolia L.,PVVODBCDJBGMJL,10.3389/fphar.2025.1557136,Typha angustifolia_PVVODBCDJBGMJL
6968,typha angustifolia l,β-sitostenone,Typha angustifolia,Typha angustifolia L.,RUVUHIUYGJBLGI,10.3389/fphar.2025.1557136,Typha angustifolia_RUVUHIUYGJBLGI
6969,typha angustifolia l,phenethyl senecioate,Typha angustifolia,Typha angustifolia L.,QTCRFFUEUAXZNW,10.3389/fphar.2025.1557136,Typha angustifolia_QTCRFFUEUAXZNW
6970,typha angustifolia l,10-octadecenoic acid,Typha angustifolia,Typha angustifolia L.,QXJSBBXBKPUZAA,10.3389/fphar.2025.1557136,Typha angustifolia_QXJSBBXBKPUZAA
6971,typha angustifolia l,catechin,Typha angustifolia,Typha angustifolia L.,PFTAWBLQPZVEMU,10.3389/fphar.2025.1557136,Typha angustifolia_PFTAWBLQPZVEMU
6972,typha angustifolia l,pyruvic acid,Typha angustifolia,Typha angustifolia L.,LCTONWCANYUPML,10.3389/fphar.2025.1557136,Typha angustifolia_LCTONWCANYUPML
6973,typha angustifolia l,vanillic acid,Typha angustifolia,Typha angustifolia L.,WKOLLVMJNQIZCI,10.3389/fphar.2025.1557136,Typha angustifolia_WKOLLVMJNQIZCI
6975,typha angustifolia l,zarzissine,Typha angustifolia,Typha angustifolia L.,BUYBPEINWQQOFV,10.3389/fphar.2025.1557136,Typha angustifolia_BUYBPEINWQQOFV
6976,typha angustifolia l,4-acetoxy-3-methoxycinnamic acid,Typha angustifolia,Typha angustifolia L.,IHKNVZISLLDMOR,10.3389/fphar.2025.1557136,Typha angustifolia_IHKNVZISLLDMOR
6977,typha angustifolia l,"2, 4-di-tert-butylphenol",Typha angustifolia,Typha angustifolia L.,ICKWICRCANNIBI,10.3389/fphar.2025.1557136,Typha angustifolia_ICKWICRCANNIBI
6978,typha angustifolia l,"stigmast-5-ene-3β,7α-diol",Typha angustifolia,Typha angustifolia L.,SXJVFYZNUGGHRG,10.3389/fphar.2025.1557136,Typha angustifolia_SXJVFYZNUGGHRG
6979,typha angustifolia l,sitosteryl palmitate,Typha angustifolia,Typha angustifolia L.,IWTJDVBNIUPPPB,10.3389/fphar.2025.1557136,Typha angustifolia_IWTJDVBNIUPPPB
6980,typha angustifolia l,paulownin,Typha angustifolia,Typha angustifolia L.,CAQZFLPWHBKTTR,10.3389/fphar.2025.1557136,Typha angustifolia_CAQZFLPWHBKTTR
6981,typha angustifolia l,"6,10-nonacosanediol",Typha angustifolia,Typha angustifolia L.,CCWIJOSUZUGYSX,10.3389/fphar.2025.1557136,Typha angustifolia_CCWIJOSUZUGYSX
6982,typha angustifolia l,octanoic acid,Typha angustifolia,Typha angustifolia L.,WWZKQHOCKIZLMA,10.3389/fphar.2025.1557136,Typha angustifolia_WWZKQHOCKIZLMA
6983,typha angustifolia l,hypoxanthine,Typha angustifolia,Typha angustifolia L.,FDGQSTZJBFJUBT,10.3389/fphar.2025.1557136,Typha angustifolia_FDGQSTZJBFJUBT
6984,typha angustifolia l,hexadecanol,Typha angustifolia,Typha angustifolia L.,BXWNKGSJHAJOGX,10.3389/fphar.2025.1557136,Typha angustifolia_BXWNKGSJHAJOGX
6985,typha angustifolia l,nicotinic acid,Typha angustifolia,Typha angustifolia L.,PVNIIMVLHYAWGP,10.3389/fphar.2025.1557136,Typha angustifolia_PVNIIMVLHYAWGP
6986,typha angustifolia l,syringaresinol,Typha angustifolia,Typha angustifolia L.,KOWMJRJXZMEZLD,10.3389/fphar.2025.1557136,Typha angustifolia_KOWMJRJXZMEZLD
6987,typha angustifolia l,choline,Typha angustifolia,Typha angustifolia L.,OEYIOHPDSNJKLS,10.3389/fphar.2025.1557136,Typha angustifolia_OEYIOHPDSNJKLS
6988,typha angustifolia l,arachidonic acid,Typha angustifolia,Typha angustifolia L.,YZXBAPSDXZZRGB,10.3389/fphar.2025.1557136,Typha angustifolia_YZXBAPSDXZZRGB
6989,typha angustifolia l,diisobutyl phthalate,Typha angustifolia,Typha angustifolia L.,MGWAVDBGNNKXQV,10.3389/fphar.2025.1557136,Typha angustifolia_MGWAVDBGNNKXQV
6990,typha angustifolia l,lauric acid,Typha angustifolia,Typha angustifolia L.,POULHZVOKOAJMA,10.3389/fphar.2025.1557136,Typha angustifolia_POULHZVOKOAJMA
6991,typha angustifolia l,"6,21-nonacosanediol",Typha angustifolia,Typha angustifolia L.,CTMPSTSOUDNRQN,10.3389/fphar.2025.1557136,Typha angustifolia_CTMPSTSOUDNRQN
6992,typha angustifolia l,typhic acid,Typha angustifolia,Typha angustifolia L.,IFLVTPZFSFAHSE,10.3389/fphar.2025.1557136,Typha angustifolia_IFLVTPZFSFAHSE
6993,kigelia africana (lam.) benth,"2-acetylnaphtho[2,3-b] furan-4,9-quinone",Kigelia africana,Kigelia africana (Lam.) Benth.,DPHUWDIXHNQOSY,10.3390/plants9060753,Kigelia africana_DPHUWDIXHNQOSY
6995,kigelia africana (lam.) benth,phytol,Kigelia africana,Kigelia africana (Lam.) Benth.,BOTWFXYSPFMFNR,10.3390/plants9060753,Kigelia africana_BOTWFXYSPFMFNR
6997,kigelia africana (lam.) benth,isokigelinol,Kigelia africana,Kigelia africana (Lam.) Benth.,LDRJNHRRFNKXLV,10.3390/plants9060753,Kigelia africana_LDRJNHRRFNKXLV
6998,kigelia africana (lam.) benth,norviburtinal,Kigelia africana,Kigelia africana (Lam.) Benth.,VRMFZTBAWYVGGB,10.3390/plants9060753,Kigelia africana_VRMFZTBAWYVGGB
6999,kigelia africana (lam.) benth,jiofuran,Kigelia africana,Kigelia africana (Lam.) Benth.,RMJMFPNPBUGUMP,10.3390/plants9060753,Kigelia africana_RMJMFPNPBUGUMP
7000,kigelia africana (lam.) benth,jioglutolide,Kigelia africana,Kigelia africana (Lam.) Benth.,LKZXAOPEOQRJLJ,10.3390/plants9060753,Kigelia africana_LKZXAOPEOQRJLJ
7001,kigelia africana (lam.) benth,7-hydroxy-10-deoxyeucommiol,Kigelia africana,Kigelia africana (Lam.) Benth.,QLBWALJPPIGYGK,10.3390/plants9060753,Kigelia africana_QLBWALJPPIGYGK
7002,kigelia africana (lam.) benth,minecoside,Kigelia africana,Kigelia africana (Lam.) Benth.,LRHHPZILMPIMIY,10.3390/plants9060753,Kigelia africana_LRHHPZILMPIMIY
7003,kigelia africana (lam.) benth,1-iododecane,Kigelia africana,Kigelia africana (Lam.) Benth.,SKIDNYUZJPMKFC,10.3390/plants9060753,Kigelia africana_SKIDNYUZJPMKFC
7005,kigelia africana (lam.) benth,"2,6,10-trimethyldodecane",Kigelia africana,Kigelia africana (Lam.) Benth.,YFHFHLSMISYUAQ,10.3390/plants9060753,Kigelia africana_YFHFHLSMISYUAQ
7006,kigelia africana (lam.) benth,2-ethylhexyloctadecyl sulfurous acid,Kigelia africana,Kigelia africana (Lam.) Benth.,QIYIHFYLTVLVOF,10.3390/plants9060753,Kigelia africana_QIYIHFYLTVLVOF
7007,kigelia africana (lam.) benth,oleanolic acid,Kigelia africana,Kigelia africana (Lam.) Benth.,MIJYXULNPSFWEK,10.3390/plants9060753,Kigelia africana_MIJYXULNPSFWEK
7008,kigelia africana (lam.) benth,"(9z,12z)-methyl octadeca-9,12-dienoate",Kigelia africana,Kigelia africana (Lam.) Benth.,WTTJVINHCBCLGX,10.3390/plants9060753,Kigelia africana_WTTJVINHCBCLGX
7010,kigelia africana (lam.) benth,lapachol,Kigelia africana,Kigelia africana (Lam.) Benth.,CWPGNVFCJOPXFB,10.3390/plants9060753,Kigelia africana_CWPGNVFCJOPXFB
7012,kigelia africana (lam.) benth,stigmasterol,Kigelia africana,Kigelia africana (Lam.) Benth.,HCXVJBMSMIARIN,10.3390/plants9060753,Kigelia africana_HCXVJBMSMIARIN
7013,kigelia africana (lam.) benth,"11-(2,2-dimethylpropyl) heneicosane",Kigelia africana,Kigelia africana (Lam.) Benth.,JOPYPDXSWNGCTB,10.3390/plants9060753,Kigelia africana_JOPYPDXSWNGCTB
7014,kigelia africana (lam.) benth,methyl-12-methyltetradecanoate,Kigelia africana,Kigelia africana (Lam.) Benth.,BJIUDNXPLSJWKE,10.3390/plants9060753,Kigelia africana_BJIUDNXPLSJWKE
7016,kigelia africana (lam.) benth,n-hentriacontane,Kigelia africana,Kigelia africana (Lam.) Benth.,IUJAMGNYPWYUPM,10.3390/plants9060753,Kigelia africana_IUJAMGNYPWYUPM
7017,kigelia africana (lam.) benth,1-iodohexadecane,Kigelia africana,Kigelia africana (Lam.) Benth.,KMWHQYDMBYABKL,10.3390/plants9060753,Kigelia africana_KMWHQYDMBYABKL
7018,kigelia africana (lam.) benth,kigelinone,Kigelia africana,Kigelia africana (Lam.) Benth.,CKCXAMWUYPZVFL,10.3390/plants9060753,Kigelia africana_CKCXAMWUYPZVFL
7019,kigelia africana (lam.) benth,ajugol,Kigelia africana,Kigelia africana (Lam.) Benth.,VELYAQRXBJLJAK,10.3390/plants9060753,Kigelia africana_VELYAQRXBJLJAK
7020,kigelia africana (lam.) benth,specioside,Kigelia africana,Kigelia africana (Lam.) Benth.,SKNVKBJSSSJNCI,10.3390/plants9060753,Kigelia africana_SKNVKBJSSSJNCI
7021,kigelia africana (lam.) benth,"4,4-dimethylundecane",Kigelia africana,Kigelia africana (Lam.) Benth.,BXVZPIGCIFJGEI,10.3390/plants9060753,Kigelia africana_BXVZPIGCIFJGEI
7022,kigelia africana (lam.) benth,vernolic acid,Kigelia africana,Kigelia africana (Lam.) Benth.,CCPPLLJZDQAOHD,10.3390/plants9060753,Kigelia africana_CCPPLLJZDQAOHD
7023,kigelia africana (lam.) benth,luteolin 7-o-glucoside,Kigelia africana,Kigelia africana (Lam.) Benth.,PEFNSGRTCBGNAN,10.3390/plants9060753,Kigelia africana_PEFNSGRTCBGNAN
7025,kigelia africana (lam.) benth,hentriacontane,Kigelia africana,Kigelia africana (Lam.) Benth.,IUJAMGNYPWYUPM,10.3390/plants9060753,Kigelia africana_IUJAMGNYPWYUPM
7026,kigelia africana (lam.) benth,6-hydroxyluteolin,Kigelia africana,Kigelia africana (Lam.) Benth.,VYAKIUWQLHRZGK,10.3390/plants9060753,Kigelia africana_VYAKIUWQLHRZGK
7028,kigelia africana (lam.) benth,tecomaquinone-i,Kigelia africana,Kigelia africana (Lam.) Benth.,VYNGZASNGVAOMT,10.3390/plants9060753,Kigelia africana_VYNGZASNGVAOMT
7030,kigelia africana (lam.) benth,nonacosane,Kigelia africana,Kigelia africana (Lam.) Benth.,IGGUPRCHHJZPBS,10.3390/plants9060753,Kigelia africana_IGGUPRCHHJZPBS
7031,kigelia africana (lam.) benth,kigelinol,Kigelia africana,Kigelia africana (Lam.) Benth.,KPVZBJKXSXYQCW,10.3390/plants9060753,Kigelia africana_KPVZBJKXSXYQCW
7032,kigelia africana (lam.) benth,kojic acid,Kigelia africana,Kigelia africana (Lam.) Benth.,BEJNERDRQOWKJM,10.3390/plants9060753,Kigelia africana_BEJNERDRQOWKJM
7033,kigelia africana (lam.) benth,ethyl linoleoate,Kigelia africana,Kigelia africana (Lam.) Benth.,FMMOOAYVCKXGMF,10.3390/plants9060753,Kigelia africana_FMMOOAYVCKXGMF
7035,kigelia africana (lam.) benth,balaphonin,Kigelia africana,Kigelia africana (Lam.) Benth.,GWCSSLSMGCFIFR,10.3390/plants9060753,Kigelia africana_GWCSSLSMGCFIFR
7036,kigelia africana (lam.) benth,heneicosane,Kigelia africana,Kigelia africana (Lam.) Benth.,FNAZRRHPUDJQCJ,10.3390/plants9060753,Kigelia africana_FNAZRRHPUDJQCJ
7038,kigelia africana (lam.) benth,pomolic acid,Kigelia africana,Kigelia africana (Lam.) Benth.,ZZTYPLSBNNGEIS,10.3390/plants9060753,Kigelia africana_ZZTYPLSBNNGEIS
7040,kigelia africana (lam.) benth,10-deoxyeucommiol,Kigelia africana,Kigelia africana (Lam.) Benth.,WUSPNVLGDGOZEV,10.3390/plants9060753,Kigelia africana_WUSPNVLGDGOZEV
7042,phyllanthus urinaria l,quercetin 7-methyl ether,Phyllanthus urinaria,Phyllanthus urinaria L.,JGUZGNYPMHHYRK,10.3389/fphar.2018.01109,Phyllanthus urinaria_JGUZGNYPMHHYRK
7043,phyllanthus urinaria l,loliolide,Phyllanthus urinaria,Phyllanthus urinaria L.,XEVQXKKKAVVSMW,10.3389/fphar.2018.01109,Phyllanthus urinaria_XEVQXKKKAVVSMW
7045,phyllanthus urinaria l,quercetin 3-o-β-d-glucoside,Phyllanthus urinaria,Phyllanthus urinaria L.,OVSQVDMCBVZWGM,10.3389/fphar.2018.01109,Phyllanthus urinaria_OVSQVDMCBVZWGM
7053,phyllanthus urinaria l,cleistanthol,Phyllanthus urinaria,Phyllanthus urinaria L.,RLJCBUKFIDXOQW,10.3389/fphar.2018.01109,Phyllanthus urinaria_RLJCBUKFIDXOQW
7054,phyllanthus urinaria l,glochidiol,Phyllanthus urinaria,Phyllanthus urinaria L.,SWEUJTWPRYKNNX,10.3389/fphar.2018.01109,Phyllanthus urinaria_SWEUJTWPRYKNNX
7056,phyllanthus urinaria l,"3,5-dihydroxy-4-methoxybenzoic acid",Phyllanthus urinaria,Phyllanthus urinaria L.,UBXDWYFLYYJQFR,10.3389/fphar.2018.01109,Phyllanthus urinaria_UBXDWYFLYYJQFR
7058,phyllanthus urinaria l,(-)-syringaresinol,Phyllanthus urinaria,Phyllanthus urinaria L.,KOWMJRJXZMEZLD,10.3389/fphar.2018.01109,Phyllanthus urinaria_KOWMJRJXZMEZLD
7059,phyllanthus urinaria l,(+)-cucurbic acid,Phyllanthus urinaria,Phyllanthus urinaria L.,LYSGIJUGUGJIPS,10.3389/fphar.2018.01109,Phyllanthus urinaria_LYSGIJUGUGJIPS
7062,phyllanthus urinaria l,phyllanthusiin u,Phyllanthus urinaria,Phyllanthus urinaria L.,BOLICFQQOUMNJR,10.3389/fphar.2018.01109,Phyllanthus urinaria_BOLICFQQOUMNJR
7064,phyllanthus urinaria l,lacceroic acid,Phyllanthus urinaria,Phyllanthus urinaria L.,ICAIHSUWWZJGHD,10.3389/fphar.2018.01109,Phyllanthus urinaria_ICAIHSUWWZJGHD
7065,phyllanthus urinaria l,p-hydroxybenzaldehyde,Phyllanthus urinaria,Phyllanthus urinaria L.,RGHHSNMVTDWUBI,10.3389/fphar.2018.01109,Phyllanthus urinaria_RGHHSNMVTDWUBI
7069,phyllanthus urinaria l,excoecarianin,Phyllanthus urinaria,Phyllanthus urinaria L.,JJMRKVLBKOCIOU,10.3389/fphar.2018.01109,Phyllanthus urinaria_JJMRKVLBKOCIOU
7070,phyllanthus urinaria l,furosin,Phyllanthus urinaria,Phyllanthus urinaria L.,CXTMLIMZRPKULL,10.3389/fphar.2018.01109,Phyllanthus urinaria_CXTMLIMZRPKULL
7071,phyllanthus urinaria l,5-hydroxymethyl-2-furaldehyde,Phyllanthus urinaria,Phyllanthus urinaria L.,NOEGNKMFWQHSLB,10.3389/fphar.2018.01109,Phyllanthus urinaria_NOEGNKMFWQHSLB
7078,phyllanthus urinaria l,rhamnocitrin,Phyllanthus urinaria,Phyllanthus urinaria L.,MQSZRBPYXNEFHF,10.3389/fphar.2018.01109,Phyllanthus urinaria_MQSZRBPYXNEFHF
7079,phyllanthus urinaria l,spruceanol,Phyllanthus urinaria,Phyllanthus urinaria L.,KNSRUHGNXCWGHF,10.3389/fphar.2018.01109,Phyllanthus urinaria_KNSRUHGNXCWGHF
7082,phyllanthus urinaria l,"(3β,22e)-stigmasta-5,22-diene-3,25-diol",Phyllanthus urinaria,Phyllanthus urinaria L.,MCSLLPNGVSRYRC,10.3389/fphar.2018.01109,Phyllanthus urinaria_MCSLLPNGVSRYRC
7084,phyllanthus urinaria l,evofolin b,Phyllanthus urinaria,Phyllanthus urinaria L.,QMYGRGKKZBRZKH,10.3389/fphar.2018.01109,Phyllanthus urinaria_QMYGRGKKZBRZKH
7086,phyllanthus urinaria l,chebulagic acid,Phyllanthus urinaria,Phyllanthus urinaria L.,HGJXAVROWQLCTP,10.3389/fphar.2018.01109,Phyllanthus urinaria_HGJXAVROWQLCTP
7087,phyllanthus urinaria l,hippomanin a,Phyllanthus urinaria,Phyllanthus urinaria L.,KIWFFZKABNOAQU,10.3389/fphar.2018.01109,Phyllanthus urinaria_KIWFFZKABNOAQU
7088,phyllanthus urinaria l,dehydrochebulic acid trimethyl ester,Phyllanthus urinaria,Phyllanthus urinaria L.,OEUIKZZDJWSHAW,10.3389/fphar.2018.01109,Phyllanthus urinaria_OEUIKZZDJWSHAW
7089,phyllanthus urinaria l,(-)-episyringaresinol,Phyllanthus urinaria,Phyllanthus urinaria L.,KOWMJRJXZMEZLD,10.3389/fphar.2018.01109,Phyllanthus urinaria_KOWMJRJXZMEZLD
7090,phyllanthus urinaria l,"(e)-3-(5′-hydroperoxy-2,2′-dihydroxy[1,1′-biphenyl]-4-yl)-2-propenoic acid",Phyllanthus urinaria,Phyllanthus urinaria L.,HXOBILZBFSEZNB,10.3389/fphar.2018.01109,Phyllanthus urinaria_HXOBILZBFSEZNB
7091,phyllanthus urinaria l,repandusinic acid a,Phyllanthus urinaria,Phyllanthus urinaria L.,WUTXIOAKRFKQHK,10.3389/fphar.2018.01109,Phyllanthus urinaria_WUTXIOAKRFKQHK
7094,phyllanthus urinaria l,phyllanthusiin c,Phyllanthus urinaria,Phyllanthus urinaria L.,LCJOXNIMFDLZJH,10.3389/fphar.2018.01109,Phyllanthus urinaria_LCJOXNIMFDLZJH
7098,phyllanthus urinaria l,syringin,Phyllanthus urinaria,Phyllanthus urinaria L.,QJVXKWHHAMZTBY,10.3389/fphar.2018.01109,Phyllanthus urinaria_QJVXKWHHAMZTBY
7101,phyllanthus urinaria l,astragalin,Phyllanthus urinaria,Phyllanthus urinaria L.,JPUKWEQWGBDDQB,10.3389/fphar.2018.01109,Phyllanthus urinaria_JPUKWEQWGBDDQB
7112,annona muricata,tocotrienols,Annona muricata,Annona muricata L.,GJJVAFUKOBZPCB,10.32947/ajps.v20i4.775,Annona muricata_GJJVAFUKOBZPCB
7113,annona muricata,n-pentadecanol,Annona muricata,Annona muricata L.,REIUXOLGHVXAEO,10.32947/ajps.v20i4.775,Annona muricata_REIUXOLGHVXAEO
7114,annona muricata,cycloeicosane,Annona muricata,Annona muricata L.,ZBLGFUHEYYJSSE,10.32947/ajps.v20i4.775,Annona muricata_ZBLGFUHEYYJSSE
7115,annona muricata,"decanoic acid, 10-(2-hexylcyclopropyl)",Annona muricata,Annona muricata L.,IJKRDVKGCQRKBI,10.32947/ajps.v20i4.775,Annona muricata_IJKRDVKGCQRKBI
7117,annona muricata,"3-octadecene, (e)-",Annona muricata,Annona muricata L.,OCKCCFAPMYQFLZ,10.32947/ajps.v20i4.775,Annona muricata_OCKCCFAPMYQFLZ
7118,annona muricata,"stigmasta-5,22-dien-3-ol, acetate, (3.beta.)-",Annona muricata,Annona muricata L.,IZEUIYYDWBKERE,10.32947/ajps.v20i4.775,Annona muricata_IZEUIYYDWBKERE
7119,annona muricata,"7-tetradecenal, (z)-",Annona muricata,Annona muricata L.,AVHNDAZRNRAYTP,10.32947/ajps.v20i4.775,Annona muricata_AVHNDAZRNRAYTP
7120,annona muricata,"1,2-benzenedicarboxylic acid, mono(2-ethylhexyl) ester",Annona muricata,Annona muricata L.,DJDSLBVSSOQSLW,10.32947/ajps.v20i4.775,Annona muricata_DJDSLBVSSOQSLW
7121,annona muricata,17-octadecynoic acid,Annona muricata,Annona muricata L.,DZIILFGADWDKMF,10.32947/ajps.v20i4.775,Annona muricata_DZIILFGADWDKMF
7125,annona muricata,"7,11-dimethyldodeca-2,6,10-trien-1-ol",Annona muricata,Annona muricata L.,HQDWBWIVTTUWIZ,10.32947/ajps.v20i4.775,Annona muricata_HQDWBWIVTTUWIZ
7126,annona muricata,"cis-9,10-epoxyoctadecan-1-ol",Annona muricata,Annona muricata L.,FAEAERQPRQJZOC,10.32947/ajps.v20i4.775,Annona muricata_FAEAERQPRQJZOC
7127,annona muricata,tocopherols,Annona muricata,Annona muricata L.,QUEDXNHFTDJVIY,10.32947/ajps.v20i4.775,Annona muricata_QUEDXNHFTDJVIY
7128,annona muricata,"3-hexadecene, (z)-",Annona muricata,Annona muricata L.,QIZDLUWRENVVJW,10.32947/ajps.v20i4.775,Annona muricata_QIZDLUWRENVVJW
7129,annona muricata,1-pentadecene,Annona muricata,Annona muricata L.,PJLHTVIBELQURV,10.32947/ajps.v20i4.775,Annona muricata_PJLHTVIBELQURV
7130,annona muricata,13-tetradece-11-yn-1-ol,Annona muricata,Annona muricata L.,YTPVQABXWSESFQ,10.32947/ajps.v20i4.775,Annona muricata_YTPVQABXWSESFQ
7132,annona muricata,"2-methyl-z, z-3,13-octadecadienol",Annona muricata,Annona muricata L.,ZIOOKYHAOBSYOH,10.32947/ajps.v20i4.775,Annona muricata_ZIOOKYHAOBSYOH
7133,annona muricata,z-10-pentadecen-1-ol,Annona muricata,Annona muricata L.,YWAXGXIQALUWKR,10.32947/ajps.v20i4.775,Annona muricata_YWAXGXIQALUWKR
7134,annona muricata,"phthalic acid, 2-ethylhexyl pentadecyl ester",Annona muricata,Annona muricata L.,TUEQSNDIPWWEJV,10.32947/ajps.v20i4.775,Annona muricata_TUEQSNDIPWWEJV
7135,annona muricata,"bis-(3,5,5-trimethylhexyl) phthalate",Annona muricata,Annona muricata L.,GDJOUZYAIHWDCA,10.32947/ajps.v20i4.775,Annona muricata_GDJOUZYAIHWDCA
7136,annona muricata,nonadecanoic acid,Annona muricata,Annona muricata L.,ISYWECDDZWTKFF,10.32947/ajps.v20i4.775,Annona muricata_ISYWECDDZWTKFF
7137,annona muricata,"phenol, 2,6-bis(1,1-dimethylethyl)-",Annona muricata,Annona muricata L.,DKCPKDPYUFEZCP,10.32947/ajps.v20i4.775,Annona muricata_DKCPKDPYUFEZCP
7138,lallemantia royleana benth,l-rhamnose,Dracocephalum royleanum,Dracocephalum royleanum Benth.,SHZGCJCMOBCMKK,10.22270/jddt.v9i5-s.3279,Dracocephalum royleanum_SHZGCJCMOBCMKK
7139,lallemantia royleana benth,stearic acid,Dracocephalum royleanum,Dracocephalum royleanum Benth.,QIQXTHQIDYTFRH,10.22270/jddt.v9i5-s.3279,Dracocephalum royleanum_QIQXTHQIDYTFRH
7140,lallemantia royleana benth,linoleic acid,Dracocephalum royleanum,Dracocephalum royleanum Benth.,OYHQOLUKZRVURQ,10.22270/jddt.v9i5-s.3279,Dracocephalum royleanum_OYHQOLUKZRVURQ
7141,lallemantia royleana benth,beta-sitosterol,Dracocephalum royleanum,Dracocephalum royleanum Benth.,KZJWDPNRJALLNS,10.22270/jddt.v9i5-s.3279,Dracocephalum royleanum_KZJWDPNRJALLNS
7142,lallemantia royleana benth,d-galactose,Dracocephalum royleanum,Dracocephalum royleanum Benth.,WQZGKKKJIJFFOK,10.22270/jddt.v9i5-s.3279,Dracocephalum royleanum_WQZGKKKJIJFFOK
7143,lallemantia royleana benth,oleic acid,Dracocephalum royleanum,Dracocephalum royleanum Benth.,ZQPPMHVWECSIRJ,10.22270/jddt.v9i5-s.3279,Dracocephalum royleanum_ZQPPMHVWECSIRJ
7144,lallemantia royleana benth,palmitic acid,Dracocephalum royleanum,Dracocephalum royleanum Benth.,IPCSVZSSVZVIGE,10.22270/jddt.v9i5-s.3279,Dracocephalum royleanum_IPCSVZSSVZVIGE
7145,lallemantia royleana benth,l-arabinose,Dracocephalum royleanum,Dracocephalum royleanum Benth.,SRBFZHDQGSBBOR,10.22270/jddt.v9i5-s.3279,Dracocephalum royleanum_SRBFZHDQGSBBOR
7149,piper betle l,n-triacontanol,Piper betle,Piper betle L.,REZQBEBOWJAQKS,10.1111/jcmm.17323,Piper betle_REZQBEBOWJAQKS
7150,piper betle l,"(2e,4e)-n-isobutyl-7-(3',4'-methylenedioxyphenyl)-2,4-heptadienamide",Piper betle,Piper betle L.,HEWRVFPYSUTCRK,10.1111/jcmm.17323,Piper betle_HEWRVFPYSUTCRK
7151,piper betle l,ursolic acid,Piper betle,Piper betle L.,WCGUUGGRBIKTOS,10.1111/jcmm.17323,Piper betle_WCGUUGGRBIKTOS
7157,piper betle l,piperolactam a,Piper betle,Piper betle L.,KBGNBPGXVKPRQI,10.1111/jcmm.17323,Piper betle_KBGNBPGXVKPRQI
7158,piper betle l,allylpyrocatecholdiacetate,Piper betle,Piper betle L.,KMGXFGQRTXVBAZ,10.1111/jcmm.17323,Piper betle_KMGXFGQRTXVBAZ
7160,piper betle l,α-ethyl glucoside,Piper betle,Piper betle L.,WYUFTYLVLQZQNH,10.1111/jcmm.17323,Piper betle_WYUFTYLVLQZQNH
7161,piper betle l,allylpyrocatechol diacetate,Piper betle,Piper betle L.,TZLTUMDXQSXWJG,10.1111/jcmm.17323,Piper betle_TZLTUMDXQSXWJG
7164,piper betle l,"stigmast-4-en-3,6-dione",Piper betle,Piper betle L.,UVFOCYGYACXLAY,10.1111/jcmm.17323,Piper betle_UVFOCYGYACXLAY
7165,piper betle l,pinoresinol,Piper betle,Piper betle L.,HGXBRUKMWQGOIE,10.1111/jcmm.17323,Piper betle_HGXBRUKMWQGOIE
7166,piper betle l,dehydropipernonaline,Piper betle,Piper betle L.,KAYVDASZRFLFRZ,10.1111/jcmm.17323,Piper betle_KAYVDASZRFLFRZ
7169,piper betle l,"1,8-cineol",Piper betle,Piper betle L.,WEEGYLXZBRQIMU,10.1111/jcmm.17323,Piper betle_WEEGYLXZBRQIMU
7172,piper betle l,cadinene,Piper betle,Piper betle L.,HNTISMRTGMVWGH,10.1111/jcmm.17323,Piper betle_HNTISMRTGMVWGH
7174,piper betle l,pellitorine,Piper betle,Piper betle L.,MAGQQZHFHJDIRE,10.1111/jcmm.17323,Piper betle_MAGQQZHFHJDIRE
7176,piper betle l,piperdardine,Piper betle,Piper betle L.,FNECAUUPWFQEGF,10.1111/jcmm.17323,Piper betle_FNECAUUPWFQEGF
7177,piper betle l,hentriacontane,Piper betle,Piper betle L.,IUJAMGNYPWYUPM,10.1111/jcmm.17323,Piper betle_IUJAMGNYPWYUPM
7178,piper betle l,isoeugenol,Piper betle,Piper betle L.,BJIOGJUNALELMI,10.1111/jcmm.17323,Piper betle_BJIOGJUNALELMI
7179,piper betle l,eugenyl acetate,Piper betle,Piper betle L.,SCCDQYPEOIRVGX,10.1111/jcmm.17323,Piper betle_SCCDQYPEOIRVGX
7183,piper betle l,hydroxycatechol,Piper betle,Piper betle L.,WQGWDDDVZFFDIG,10.1111/jcmm.17323,Piper betle_WQGWDDDVZFFDIG
7184,piper betle l,pentatriacontane,Piper betle,Piper betle L.,VHQQPFLOGSTQPC,10.1111/jcmm.17323,Piper betle_VHQQPFLOGSTQPC
7185,piper betle l,guineensine,Piper betle,Piper betle L.,FPMPOFBEYSSYDQ,10.1111/jcmm.17323,Piper betle_FPMPOFBEYSSYDQ
7186,piper betle l,β-daucosterol,Piper betle,Piper betle L.,NPJICTMALKLTFW,10.1111/jcmm.17323,Piper betle_NPJICTMALKLTFW
7188,geigeria alata,longipinene,Geigeria alata,Geigeria alata (Hochst. & Steud.) Benth. & Hook.f. ex Oliv. & Hiern,HICYDYJTCDBHMZ,10.5281/zenodo.8379454,Geigeria alata_HICYDYJTCDBHMZ
7189,geigeria alata,caryophyllene oxide,Geigeria alata,Geigeria alata (Hochst. & Steud.) Benth. & Hook.f. ex Oliv. & Hiern,NVEQFIOZRFFVFW,10.5281/zenodo.8379454,Geigeria alata_NVEQFIOZRFFVFW
7190,geigeria alata,axillarin,Geigeria alata,Geigeria alata (Hochst. & Steud.) Benth. & Hook.f. ex Oliv. & Hiern,KIGVXRGRNLQNNI,10.5281/zenodo.8379454,Geigeria alata_KIGVXRGRNLQNNI
7191,geigeria alata,dehydrotrametenolic acid,Geigeria alata,Geigeria alata (Hochst. & Steud.) Benth. & Hook.f. ex Oliv. & Hiern,QFPLAAZRZNKRRY,10.5281/zenodo.8379454,Geigeria alata_QFPLAAZRZNKRRY
7192,geigeria alata,hispidulin,Geigeria alata,Geigeria alata (Hochst. & Steud.) Benth. & Hook.f. ex Oliv. & Hiern,IHFBPDAQLQOCBX,10.5281/zenodo.8379454,Geigeria alata_IHFBPDAQLQOCBX
7193,geigeria alata,"3,4,5-tricaffeoylquinic acid",Geigeria alata,Geigeria alata (Hochst. & Steud.) Benth. & Hook.f. ex Oliv. & Hiern,OAFXTKGAKYAFSI,10.5281/zenodo.8379454,Geigeria alata_OAFXTKGAKYAFSI
7194,geigeria alata,"decatrienoic acid, methyl ester",Geigeria alata,Geigeria alata (Hochst. & Steud.) Benth. & Hook.f. ex Oliv. & Hiern,DLNQRJFVXCCDKL,10.5281/zenodo.8379454,Geigeria alata_DLNQRJFVXCCDKL
7195,geigeria alata,caryophyllene,Geigeria alata,Geigeria alata (Hochst. & Steud.) Benth. & Hook.f. ex Oliv. & Hiern,NPNUFJAVOOONJE,10.5281/zenodo.8379454,Geigeria alata_NPNUFJAVOOONJE
7196,geigeria alata,"4,5-dicaffeoylquinic acid",Geigeria alata,Geigeria alata (Hochst. & Steud.) Benth. & Hook.f. ex Oliv. & Hiern,UFCLZKMFXSILNL,10.5281/zenodo.8379454,Geigeria alata_UFCLZKMFXSILNL
7197,geigeria alata,quercetin,Geigeria alata,Geigeria alata (Hochst. & Steud.) Benth. & Hook.f. ex Oliv. & Hiern,REFJWTPEDVJJIY,10.5281/zenodo.8379454,Geigeria alata_REFJWTPEDVJJIY
7198,geigeria alata,chlorogenic acid,Geigeria alata,Geigeria alata (Hochst. & Steud.) Benth. & Hook.f. ex Oliv. & Hiern,CWVRJTMFETXNAD,10.5281/zenodo.8379454,Geigeria alata_CWVRJTMFETXNAD
7199,geigeria alata,alpha-pinene,Geigeria alata,Geigeria alata (Hochst. & Steud.) Benth. & Hook.f. ex Oliv. & Hiern,GRWFGVWFFZKLTI,10.5281/zenodo.8379454,Geigeria alata_GRWFGVWFFZKLTI
7200,capparis cartilaginea,β-sitosterol,Capparis cartilaginea,Capparis cartilaginea Decne.,KZJWDPNRJALLNS,10.22270/ujpr.v5i2.387,Capparis cartilaginea_KZJWDPNRJALLNS
7201,capparis cartilaginea,kaempferol,Capparis cartilaginea,Capparis cartilaginea Decne.,IYRMWMYZSQPJKC,10.22270/ujpr.v5i2.387,Capparis cartilaginea_IYRMWMYZSQPJKC
7207,camptotheca acuminata,"2,3-dihydroxy-12-ursen-28-oic acid",Camptotheca acuminata,Camptotheca acuminata Decne.,GJRGKZWNIQVOIY,10.2174/2210290601405010163,Camptotheca acuminata_GJRGKZWNIQVOIY
7208,camptotheca acuminata,gallic acid,Camptotheca acuminata,Camptotheca acuminata Decne.,LNTHITQWFMADLM,10.2174/2210290601405010163,Camptotheca acuminata_LNTHITQWFMADLM
7212,camptotheca acuminata,kaempferol,Camptotheca acuminata,Camptotheca acuminata Decne.,IYRMWMYZSQPJKC,10.2174/2210290601405010163,Camptotheca acuminata_IYRMWMYZSQPJKC
7213,camptotheca acuminata,"1,2-dihydro-2-oxoquinoline-4-carboxylic acid",Camptotheca acuminata,Camptotheca acuminata Decne.,MFSHNFBQNVGXJX,10.2174/2210290601405010163,Camptotheca acuminata_MFSHNFBQNVGXJX
7218,camptotheca acuminata,acetamide,Camptotheca acuminata,Camptotheca acuminata Decne.,DLFVBJFMPXGRIB,10.2174/2210290601405010163,Camptotheca acuminata_DLFVBJFMPXGRIB
7222,camptotheca acuminata,chlorogenic acid,Camptotheca acuminata,Camptotheca acuminata Decne.,CWVRJTMFETXNAD,10.2174/2210290601405010163,Camptotheca acuminata_CWVRJTMFETXNAD
7223,camptotheca acuminata,β-sitosterol,Camptotheca acuminata,Camptotheca acuminata Decne.,KZJWDPNRJALLNS,10.2174/2210290601405010163,Camptotheca acuminata_KZJWDPNRJALLNS
7224,camptotheca acuminata,bassic acid,Camptotheca acuminata,Camptotheca acuminata Decne.,FJGGNIPUSLFYJJ,10.2174/2210290601405010163,Camptotheca acuminata_FJGGNIPUSLFYJJ
7230,camptotheca acuminata,loganic acid,Camptotheca acuminata,Camptotheca acuminata Decne.,JNNGEAWILNVFFD,10.2174/2210290601405010163,Camptotheca acuminata_JNNGEAWILNVFFD
7232,camptotheca acuminata,tellimagrandin i,Camptotheca acuminata,Camptotheca acuminata Decne.,XUZYVFYOPRXTRB,10.2174/2210290601405010163,Camptotheca acuminata_XUZYVFYOPRXTRB
7233,camptotheca acuminata,nonandioic acid,Camptotheca acuminata,Camptotheca acuminata Decne.,BDJRBEYXGGNYIS,10.2174/2210290601405010163,Camptotheca acuminata_BDJRBEYXGGNYIS
7234,camptotheca acuminata,1-caffeoylquinic acid,Camptotheca acuminata,Camptotheca acuminata Decne.,GWTUHAXUUFROTF,10.2174/2210290601405010163,Camptotheca acuminata_GWTUHAXUUFROTF
7241,camptotheca acuminata,fructose,Camptotheca acuminata,Camptotheca acuminata Decne.,LKDRXBCSQODPBY,10.2174/2210290601405010163,Camptotheca acuminata_LKDRXBCSQODPBY
7244,camptotheca acuminata,salicylic acid,Camptotheca acuminata,Camptotheca acuminata Decne.,YGSDEFSMJLZEOE,10.2174/2210290601405010163,Camptotheca acuminata_YGSDEFSMJLZEOE
7245,camptotheca acuminata,(+)-abscisic acid,Camptotheca acuminata,Camptotheca acuminata Decne.,JLIDBLDQVAYHNE,10.2174/2210290601405010163,Camptotheca acuminata_JLIDBLDQVAYHNE
7246,camptotheca acuminata,syringic acid,Camptotheca acuminata,Camptotheca acuminata Decne.,JMSVCTWVEWCHDZ,10.2174/2210290601405010163,Camptotheca acuminata_JMSVCTWVEWCHDZ
7247,camptotheca acuminata,amyrin,Camptotheca acuminata,Camptotheca acuminata Decne.,JFSHUTJDVKUMTJ,10.2174/2210290601405010163,Camptotheca acuminata_JFSHUTJDVKUMTJ
7249,camptotheca acuminata,sweroside,Camptotheca acuminata,Camptotheca acuminata Decne.,VSJGJMKGNMDJCI,10.2174/2210290601405010163,Camptotheca acuminata_VSJGJMKGNMDJCI
7250,adinandra hongiaoensis,linolenic acid,Adinandra hongiaoensis,Adinandra hongiaoensis S.T. Hoan & L.V.Dung,DTOSIQBPPRVQHS,10.14719/pst.3677,Adinandra hongiaoensis_DTOSIQBPPRVQHS
7251,adinandra hongiaoensis,tetracosan-10-yl acetate,Adinandra hongiaoensis,Adinandra hongiaoensis S.T. Hoan & L.V.Dung,XRCVTUSHVGTTBG,10.14719/pst.3677,Adinandra hongiaoensis_XRCVTUSHVGTTBG
7252,adinandra hongiaoensis,"1-hexadecanol, 2-methyl-",Adinandra hongiaoensis,Adinandra hongiaoensis S.T. Hoan & L.V.Dung,FCSBKDJGLIURSH,10.14719/pst.3677,Adinandra hongiaoensis_FCSBKDJGLIURSH
7253,adinandra hongiaoensis,kauren-19-oic acid,Adinandra hongiaoensis,Adinandra hongiaoensis S.T. Hoan & L.V.Dung,NIKHGUQULKYIGE,10.14719/pst.3677,Adinandra hongiaoensis_NIKHGUQULKYIGE
7254,adinandra hongiaoensis,cis-vaccenic acid,Adinandra hongiaoensis,Adinandra hongiaoensis S.T. Hoan & L.V.Dung,UWHZIFQPPBDJPM,10.14719/pst.3677,Adinandra hongiaoensis_UWHZIFQPPBDJPM
7255,adinandra hongiaoensis,"3,7,11,15-tetramethyl-2-hexadecen-1-ol",Adinandra hongiaoensis,Adinandra hongiaoensis S.T. Hoan & L.V.Dung,BOTWFXYSPFMFNR,10.14719/pst.3677,Adinandra hongiaoensis_BOTWFXYSPFMFNR
7256,adinandra hongiaoensis,stigmasterol,Adinandra hongiaoensis,Adinandra hongiaoensis S.T. Hoan & L.V.Dung,HCXVJBMSMIARIN,10.14719/pst.3677,Adinandra hongiaoensis_HCXVJBMSMIARIN
7257,adinandra hongiaoensis,ethyl iso-allocholate,Adinandra hongiaoensis,Adinandra hongiaoensis S.T. Hoan & L.V.Dung,FPDXMWHJGOCDQJ,10.14719/pst.3677,Adinandra hongiaoensis_FPDXMWHJGOCDQJ
7258,adinandra hongiaoensis,1-heptatriacotanol,Adinandra hongiaoensis,Adinandra hongiaoensis S.T. Hoan & L.V.Dung,ZGJKNMPTVDDRRH,10.14719/pst.3677,Adinandra hongiaoensis_ZGJKNMPTVDDRRH
7259,adinandra hongiaoensis,"palmitin, 2-mono-",Adinandra hongiaoensis,Adinandra hongiaoensis S.T. Hoan & L.V.Dung,BBNYCLAREVXOSG,10.14719/pst.3677,Adinandra hongiaoensis_BBNYCLAREVXOSG
7260,adinandra hongiaoensis,"12,15-octadecadiynoic acid, methyl ester",Adinandra hongiaoensis,Adinandra hongiaoensis S.T. Hoan & L.V.Dung,WAQDJMLHOZJJPM,10.14719/pst.3677,Adinandra hongiaoensis_WAQDJMLHOZJJPM
7261,adinandra hongiaoensis,9-hexadecenoic acid,Adinandra hongiaoensis,Adinandra hongiaoensis S.T. Hoan & L.V.Dung,SECPZKHBENQXJG,10.14719/pst.3677,Adinandra hongiaoensis_SECPZKHBENQXJG
7262,adinandra hongiaoensis,"3-hexenoic acid, (e)-",Adinandra hongiaoensis,Adinandra hongiaoensis S.T. Hoan & L.V.Dung,XXHDAWYDNSXJQM,10.14719/pst.3677,Adinandra hongiaoensis_XXHDAWYDNSXJQM
7263,adinandra hongiaoensis,tetradecanoic acid,Adinandra hongiaoensis,Adinandra hongiaoensis S.T. Hoan & L.V.Dung,TUNFSRHWOTWDNC,10.14719/pst.3677,Adinandra hongiaoensis_TUNFSRHWOTWDNC
7264,adinandra hongiaoensis,"l-(+)-ascorbic acid 2,6-dihexadecanoate",Adinandra hongiaoensis,Adinandra hongiaoensis S.T. Hoan & L.V.Dung,TUYRNAGGIJZRNM,10.14719/pst.3677,Adinandra hongiaoensis_TUYRNAGGIJZRNM
7265,adinandra hongiaoensis,vanillin lactoside,Adinandra hongiaoensis,Adinandra hongiaoensis S.T. Hoan & L.V.Dung,NFRCFLJZVHOKRH,10.14719/pst.3677,Adinandra hongiaoensis_NFRCFLJZVHOKRH
7266,adinandra hongiaoensis,"z-(13,14-epoxy)tetradec-11-en-1-ol acetate",Adinandra hongiaoensis,Adinandra hongiaoensis S.T. Hoan & L.V.Dung,SSNSHVODQWMOJI,10.14719/pst.3677,Adinandra hongiaoensis_SSNSHVODQWMOJI
7267,adinandra hongiaoensis,dl-α-tocopherol,Adinandra hongiaoensis,Adinandra hongiaoensis S.T. Hoan & L.V.Dung,GVJHHUAWPYXKBD,10.14719/pst.3677,Adinandra hongiaoensis_GVJHHUAWPYXKBD
7268,adinandra hongiaoensis,"10-heptadecen-8-ynoic acid, methyl ester, (e)-",Adinandra hongiaoensis,Adinandra hongiaoensis S.T. Hoan & L.V.Dung,QSOXHGWBNRSJPE,10.14719/pst.3677,Adinandra hongiaoensis_QSOXHGWBNRSJPE
7269,adinandra hongiaoensis,"2-pentanone, 4-hydroxy-4-methyl-",Adinandra hongiaoensis,Adinandra hongiaoensis S.T. Hoan & L.V.Dung,SWXVUIWOUIDPGS,10.14719/pst.3677,Adinandra hongiaoensis_SWXVUIWOUIDPGS
7270,adinandra hongiaoensis,"1,3-benzenediol, 4-propyl-",Adinandra hongiaoensis,Adinandra hongiaoensis S.T. Hoan & L.V.Dung,DJDHQJFHXLBJNF,10.14719/pst.3677,Adinandra hongiaoensis_DJDHQJFHXLBJNF
7271,adinandra hongiaoensis,octadecanoic acid,Adinandra hongiaoensis,Adinandra hongiaoensis S.T. Hoan & L.V.Dung,QIQXTHQIDYTFRH,10.14719/pst.3677,Adinandra hongiaoensis_QIQXTHQIDYTFRH
7272,adinandra hongiaoensis,octahydrochromen-2-one,Adinandra hongiaoensis,Adinandra hongiaoensis S.T. Hoan & L.V.Dung,MSFLYJIWLHSQLG,10.14719/pst.3677,Adinandra hongiaoensis_MSFLYJIWLHSQLG
7273,adinandra hongiaoensis,melezitose,Adinandra hongiaoensis,Adinandra hongiaoensis S.T. Hoan & L.V.Dung,QWIZNVHXZXRPDR,10.14719/pst.3677,Adinandra hongiaoensis_QWIZNVHXZXRPDR
7274,adinandra hongiaoensis,(e)-4-(3-hydroxyprop-1-en-1-yl)-2-methoxyphenol,Adinandra hongiaoensis,Adinandra hongiaoensis S.T. Hoan & L.V.Dung,JMFRWRFFLBVWSI,10.14719/pst.3677,Adinandra hongiaoensis_JMFRWRFFLBVWSI
7275,adinandra hongiaoensis,neophytadiene,Adinandra hongiaoensis,Adinandra hongiaoensis S.T. Hoan & L.V.Dung,NIDGCIPAMWNKOA,10.14719/pst.3677,Adinandra hongiaoensis_NIDGCIPAMWNKOA
7276,adinandra hongiaoensis,trans-sinapyl alcohol,Adinandra hongiaoensis,Adinandra hongiaoensis S.T. Hoan & L.V.Dung,LZFOPEXOUVTGJS,10.14719/pst.3677,Adinandra hongiaoensis_LZFOPEXOUVTGJS
7277,adinandra hongiaoensis,17-pentatriacontene,Adinandra hongiaoensis,Adinandra hongiaoensis S.T. Hoan & L.V.Dung,BLCUZCCTSBVFSV,10.14719/pst.3677,Adinandra hongiaoensis_BLCUZCCTSBVFSV
7278,adinandra hongiaoensis,"labda-8(20)-13-diene-15,19-dioic acid, (e)-",Adinandra hongiaoensis,Adinandra hongiaoensis S.T. Hoan & L.V.Dung,QYCOHMYDSOZCQD,10.14719/pst.3677,Adinandra hongiaoensis_QYCOHMYDSOZCQD
7279,adinandra hongiaoensis,γ-sitosterol,Adinandra hongiaoensis,Adinandra hongiaoensis S.T. Hoan & L.V.Dung,KZJWDPNRJALLNS,10.14719/pst.3677,Adinandra hongiaoensis_KZJWDPNRJALLNS
7280,adinandra hongiaoensis,squalene,Adinandra hongiaoensis,Adinandra hongiaoensis S.T. Hoan & L.V.Dung,YYGNTYWPHWGJRM,10.14719/pst.3677,Adinandra hongiaoensis_YYGNTYWPHWGJRM
7281,adinandra hongiaoensis,"(e)-2,6-dimethoxy-4-(prop-1-en-1-yl)phenol",Adinandra hongiaoensis,Adinandra hongiaoensis S.T. Hoan & L.V.Dung,YFHOHYAUMDHSBX,10.14719/pst.3677,Adinandra hongiaoensis_YFHOHYAUMDHSBX
7282,adinandra hongiaoensis,phytol,Adinandra hongiaoensis,Adinandra hongiaoensis S.T. Hoan & L.V.Dung,BOTWFXYSPFMFNR,10.14719/pst.3677,Adinandra hongiaoensis_BOTWFXYSPFMFNR
7283,adinandra hongiaoensis,paromomycin,Adinandra hongiaoensis,Adinandra hongiaoensis S.T. Hoan & L.V.Dung,UOZODPSAJZTQNH,10.14719/pst.3677,Adinandra hongiaoensis_UOZODPSAJZTQNH
7284,polyspora huongiana,pyrogallol,Polyspora huongiana,"Polyspora huongiana Orel, Curry & Luu",WQGWDDDVZFFDIG,10.14719/pst.3677,Polyspora huongiana_WQGWDDDVZFFDIG
7285,polyspora huongiana,linolenic acid,Polyspora huongiana,"Polyspora huongiana Orel, Curry & Luu",DTOSIQBPPRVQHS,10.14719/pst.3677,Polyspora huongiana_DTOSIQBPPRVQHS
7286,polyspora huongiana,"cis-1,2-dihydrocatechol",Polyspora huongiana,"Polyspora huongiana Orel, Curry & Luu",YDRSQRPHLBEPTP,10.14719/pst.3677,Polyspora huongiana_YDRSQRPHLBEPTP
7287,polyspora huongiana,"3,7,11,15-tetramethyl-2-hexadecen-1-ol",Polyspora huongiana,"Polyspora huongiana Orel, Curry & Luu",BOTWFXYSPFMFNR,10.14719/pst.3677,Polyspora huongiana_BOTWFXYSPFMFNR
7288,polyspora huongiana,stigmasterol,Polyspora huongiana,"Polyspora huongiana Orel, Curry & Luu",HCXVJBMSMIARIN,10.14719/pst.3677,Polyspora huongiana_HCXVJBMSMIARIN
7289,polyspora huongiana,ethyl iso-allocholate,Polyspora huongiana,"Polyspora huongiana Orel, Curry & Luu",FPDXMWHJGOCDQJ,10.14719/pst.3677,Polyspora huongiana_FPDXMWHJGOCDQJ
7290,polyspora huongiana,"palmitin, 2-mono-",Polyspora huongiana,"Polyspora huongiana Orel, Curry & Luu",BBNYCLAREVXOSG,10.14719/pst.3677,Polyspora huongiana_BBNYCLAREVXOSG
7291,polyspora huongiana,vitamin e,Polyspora huongiana,"Polyspora huongiana Orel, Curry & Luu",GVJHHUAWPYXKBD,10.14719/pst.3677,Polyspora huongiana_GVJHHUAWPYXKBD
7292,polyspora huongiana,"cyclohexene, 4-ethenyl-1,4-dimethyl-",Polyspora huongiana,"Polyspora huongiana Orel, Curry & Luu",CPUVYIYQJVQFRD,10.14719/pst.3677,Polyspora huongiana_CPUVYIYQJVQFRD
7293,polyspora huongiana,n-hexadecanoic acid,Polyspora huongiana,"Polyspora huongiana Orel, Curry & Luu",IPCSVZSSVZVIGE,10.14719/pst.3677,Polyspora huongiana_IPCSVZSSVZVIGE
7294,polyspora huongiana,"7-oxo-2-oxa-7-thiatricyclo[4.4.0.0(3,8)]decan-4-ol",Polyspora huongiana,"Polyspora huongiana Orel, Curry & Luu",ZFBCELGLFGDFCC,10.14719/pst.3677,Polyspora huongiana_ZFBCELGLFGDFCC
7295,polyspora huongiana,"benzenepropanol, 4-hydroxy-3-methoxy-",Polyspora huongiana,"Polyspora huongiana Orel, Curry & Luu",MWOMNLDJNQWJMK,10.14719/pst.3677,Polyspora huongiana_MWOMNLDJNQWJMK
7296,polyspora huongiana,"2-pentanone, 4-hydroxy-4-methyl-",Polyspora huongiana,"Polyspora huongiana Orel, Curry & Luu",SWXVUIWOUIDPGS,10.14719/pst.3677,Polyspora huongiana_SWXVUIWOUIDPGS
7297,polyspora huongiana,"benzoic acid, 4-hydroxy-",Polyspora huongiana,"Polyspora huongiana Orel, Curry & Luu",FJKROLUGYXJWQN,10.14719/pst.3677,Polyspora huongiana_FJKROLUGYXJWQN
7298,polyspora huongiana,"stigmast-7-en-3-ol, (3β,5α)-",Polyspora huongiana,"Polyspora huongiana Orel, Curry & Luu",YSKVBPGQYRAUQO,10.14719/pst.3677,Polyspora huongiana_YSKVBPGQYRAUQO
7299,polyspora huongiana,"octadecane, 3-ethyl-5-(2-ethylbutyl)-",Polyspora huongiana,"Polyspora huongiana Orel, Curry & Luu",MFLJAIATZVGFPM,10.14719/pst.3677,Polyspora huongiana_MFLJAIATZVGFPM
7300,polyspora huongiana,eucalyptol,Polyspora huongiana,"Polyspora huongiana Orel, Curry & Luu",WEEGYLXZBRQIMU,10.14719/pst.3677,Polyspora huongiana_WEEGYLXZBRQIMU
7301,polyspora huongiana,phytol,Polyspora huongiana,"Polyspora huongiana Orel, Curry & Luu",BOTWFXYSPFMFNR,10.14719/pst.3677,Polyspora huongiana_BOTWFXYSPFMFNR
7302,polyspora huongiana,melezitose,Polyspora huongiana,"Polyspora huongiana Orel, Curry & Luu",QWIZNVHXZXRPDR,10.14719/pst.3677,Polyspora huongiana_QWIZNVHXZXRPDR
7303,polyspora huongiana,5-hydroxymethylfurfural,Polyspora huongiana,"Polyspora huongiana Orel, Curry & Luu",NOEGNKMFWQHSLB,10.14719/pst.3677,Polyspora huongiana_NOEGNKMFWQHSLB
7304,polyspora huongiana,neophytadiene,Polyspora huongiana,"Polyspora huongiana Orel, Curry & Luu",NIDGCIPAMWNKOA,10.14719/pst.3677,Polyspora huongiana_NIDGCIPAMWNKOA
7305,polyspora huongiana,α-amyrin,Polyspora huongiana,"Polyspora huongiana Orel, Curry & Luu",FSLPMRQHCOLESF,10.14719/pst.3677,Polyspora huongiana_FSLPMRQHCOLESF
7306,polyspora huongiana,squalene,Polyspora huongiana,"Polyspora huongiana Orel, Curry & Luu",YYGNTYWPHWGJRM,10.14719/pst.3677,Polyspora huongiana_YYGNTYWPHWGJRM
7307,polyspora huongiana,"linolenin, 1-mono-",Polyspora huongiana,"Polyspora huongiana Orel, Curry & Luu",GGJRAQULURVTAJ,10.14719/pst.3677,Polyspora huongiana_GGJRAQULURVTAJ
7309,althaea officinalis l,quercetin,Althaea officinalis,Althaea officinalis L.,REFJWTPEDVJJIY,10.3390/nu15143266,Althaea officinalis_REFJWTPEDVJJIY
7311,althaea officinalis l,pectin,Althaea officinalis,Althaea officinalis L.,AEMOLEFTQBMNLQ,10.3390/nu15143266,Althaea officinalis_AEMOLEFTQBMNLQ
7312,althaea officinalis l,sucrose,Althaea officinalis,Althaea officinalis L.,CZMRCDWAGMRECN,10.3390/nu15143266,Althaea officinalis_CZMRCDWAGMRECN
7314,althaea officinalis l,kaempferol,Althaea officinalis,Althaea officinalis L.,IYRMWMYZSQPJKC,10.3390/nu15143266,Althaea officinalis_IYRMWMYZSQPJKC
7316,althaea officinalis l,chlorogenic acid,Althaea officinalis,Althaea officinalis L.,CWVRJTMFETXNAD,10.3390/nu15143266,Althaea officinalis_CWVRJTMFETXNAD
7318,althaea officinalis l,starch,Althaea officinalis,Althaea officinalis L.,GUBGYTABKSRVRQ,10.3390/nu15143266,Althaea officinalis_GUBGYTABKSRVRQ
7321,anethum graveolens l,phosphorus,Anethum graveolens,Anethum graveolens L.,OAICVXFJPJFONN,10.3390/nu15143266,Anethum graveolens_OAICVXFJPJFONN
7322,anethum graveolens l,sodium,Anethum graveolens,Anethum graveolens L.,KEAYESYHFKHZAL,10.3390/nu15143266,Anethum graveolens_KEAYESYHFKHZAL
7323,anethum graveolens l,potassium,Anethum graveolens,Anethum graveolens L.,ZLMJMSJWJFRBEC,10.3390/nu15143266,Anethum graveolens_ZLMJMSJWJFRBEC
7324,anethum graveolens l,calcium,Anethum graveolens,Anethum graveolens L.,OYPRJOBELJOOCE,10.3390/nu15143266,Anethum graveolens_OYPRJOBELJOOCE
7325,anethum graveolens l,niacin,Anethum graveolens,Anethum graveolens L.,PVNIIMVLHYAWGP,10.3390/nu15143266,Anethum graveolens_PVNIIMVLHYAWGP
7328,anethum graveolens l,vitamin a,Anethum graveolens,Anethum graveolens L.,FPIPGXGPPPQFEQ,10.3390/nu15143266,Anethum graveolens_FPIPGXGPPPQFEQ
7329,anethum graveolens l,saponin,Anethum graveolens,Anethum graveolens L.,MAEBCGDGGATMSC,10.3390/nu15143266,Anethum graveolens_MAEBCGDGGATMSC
7330,anethum graveolens l,magnesium,Anethum graveolens,Anethum graveolens L.,FYYHWMGAXLPEAU,10.3390/nu15143266,Anethum graveolens_FYYHWMGAXLPEAU
7335,allium sativum,b6,Allium sativum,Allium sativum L.,ZGOCMMMDEQOCDU,10.3390/nu15143266,Allium sativum_ZGOCMMMDEQOCDU
7336,allium sativum,b2,Allium sativum,Allium sativum L.,ZOCHARZZJNPSEU,10.3390/nu15143266,Allium sativum_ZOCHARZZJNPSEU
7338,allium sativum,sulfides,Allium sativum,Allium sativum L.,RWSOTUBLDIXVET,10.3390/nu15143266,Allium sativum_RWSOTUBLDIXVET
7340,allium sativum,nicotinic acid,Allium sativum,Allium sativum L.,PVNIIMVLHYAWGP,10.3390/nu15143266,Allium sativum_PVNIIMVLHYAWGP
7341,allium sativum,c,Allium sativum,Allium sativum L.,OKTJSMMVPCPJKN,10.3390/nu15143266,Allium sativum_OKTJSMMVPCPJKN
7343,allium sativum,fructan,Allium sativum,Allium sativum L.,ZFTFOHBYVDOAMH,10.3390/nu15143266,Allium sativum_ZFTFOHBYVDOAMH
7344,allium sativum,glycolipids,Allium sativum,Allium sativum L.,LRYZPFWEZHSTHD,10.3390/nu15143266,Allium sativum_LRYZPFWEZHSTHD
7345,allium sativum,biotin,Allium sativum,Allium sativum L.,YBJHBAHKTGYVGT,10.3390/nu15143266,Allium sativum_YBJHBAHKTGYVGT
7347,brassica oleracea l,indoles,Brassica oleracea,Brassica oleracea L.,NNXWVRXROOQQNO,10.3390/nu15143266,Brassica oleracea_NNXWVRXROOQQNO
7348,brassica oleracea l,carotenoids,Brassica oleracea,Brassica oleracea L.,FLFJZZNKVVNCFQ,10.3390/nu15143266,Brassica oleracea_FLFJZZNKVVNCFQ
7349,brassica oleracea l,anthocyanins,Brassica oleracea,Brassica oleracea L.,NWKFECICNXDNOQ,10.3390/nu15143266,Brassica oleracea_NWKFECICNXDNOQ
7353,brassica oleracea l,c,Brassica oleracea,Brassica oleracea L.,OKTJSMMVPCPJKN,10.3390/nu15143266,Brassica oleracea_OKTJSMMVPCPJKN
7355,brassica oleracea l,k,Brassica oleracea,Brassica oleracea L.,ZLMJMSJWJFRBEC,10.3390/nu15143266,Brassica oleracea_ZLMJMSJWJFRBEC
7356,brassica oleracea l,sulfur,Brassica oleracea,Brassica oleracea L.,NINIDFKCEFEMDL,10.3390/nu15143266,Brassica oleracea_NINIDFKCEFEMDL
7357,brassica oleracea l,p,Brassica oleracea,Brassica oleracea L.,OAICVXFJPJFONN,10.3390/nu15143266,Brassica oleracea_OAICVXFJPJFONN
7358,brassica oleracea l,ca,Brassica oleracea,Brassica oleracea L.,OYPRJOBELJOOCE,10.3390/nu15143266,Brassica oleracea_OYPRJOBELJOOCE
7360,cicer arietinum l,trypsin inhibitors,Cicer arietinum,Cicer arietinum L.,ZPNFWUPYTFPOJU,10.3390/nu15143266,Cicer arietinum_ZPNFWUPYTFPOJU
7361,cicer arietinum l,histidine,Cicer arietinum,Cicer arietinum L.,HNDVDQJCIGZPNO,10.3390/nu15143266,Cicer arietinum_HNDVDQJCIGZPNO
7362,cicer arietinum l,anthocyanins,Cicer arietinum,Cicer arietinum L.,NWKFECICNXDNOQ,10.3390/nu15143266,Cicer arietinum_NWKFECICNXDNOQ
7363,cicer arietinum l,prolamins,Cicer arietinum,Cicer arietinum L.,XXRYFVCIMARHRS,10.3390/nu15143266,Cicer arietinum_XXRYFVCIMARHRS
7367,cicer arietinum l,methionine,Cicer arietinum,Cicer arietinum L.,FFEARJCKVFRZRR,10.3390/nu15143266,Cicer arietinum_FFEARJCKVFRZRR
7370,cicer arietinum l,cysteine,Cicer arietinum,Cicer arietinum L.,XUJNEKJLAYXESH,10.3390/nu15143266,Cicer arietinum_XUJNEKJLAYXESH
7371,cinnamomum verum j. presl,copper,Cinnamomum verum,Cinnamomum verum J.Presl,RYGMFSIKBFXOCR,10.3390/nu15143266,Cinnamomum verum_RYGMFSIKBFXOCR
7372,cinnamomum verum j. presl,zinc,Cinnamomum verum,Cinnamomum verum J.Presl,HCHKCACWOHOZIP,10.3390/nu15143266,Cinnamomum verum_HCHKCACWOHOZIP
7373,cinnamomum verum j. presl,iodine,Cinnamomum verum,Cinnamomum verum J.Presl,PNDPGZBMCMUPRI,10.3390/nu15143266,Cinnamomum verum_PNDPGZBMCMUPRI
7374,cinnamomum verum j. presl,phosphorus,Cinnamomum verum,Cinnamomum verum J.Presl,OAICVXFJPJFONN,10.3390/nu15143266,Cinnamomum verum_OAICVXFJPJFONN
7379,cinnamomum verum j. presl,procyanidins,Cinnamomum verum,Cinnamomum verum J.Presl,HGVVOUNEGQIPMS,10.3390/nu15143266,Cinnamomum verum_HGVVOUNEGQIPMS
7380,cinnamomum verum j. presl,potassium,Cinnamomum verum,Cinnamomum verum J.Presl,ZLMJMSJWJFRBEC,10.3390/nu15143266,Cinnamomum verum_ZLMJMSJWJFRBEC
7381,cinnamomum verum j. presl,calcium,Cinnamomum verum,Cinnamomum verum J.Presl,OYPRJOBELJOOCE,10.3390/nu15143266,Cinnamomum verum_OYPRJOBELJOOCE
7382,cinnamomum verum j. presl,chromium,Cinnamomum verum,Cinnamomum verum J.Presl,VYZAMTAEIAYCRO,10.3390/nu15143266,Cinnamomum verum_VYZAMTAEIAYCRO
7383,cinnamomum verum j. presl,iron,Cinnamomum verum,Cinnamomum verum J.Presl,XEEYBQQBJWHFJM,10.3390/nu15143266,Cinnamomum verum_XEEYBQQBJWHFJM
7384,cinnamomum verum j. presl,manganese,Cinnamomum verum,Cinnamomum verum J.Presl,PWHULOQIROXLJO,10.3390/nu15143266,Cinnamomum verum_PWHULOQIROXLJO
7386,cinnamomum verum j. presl,anthraquinones,Cinnamomum verum,Cinnamomum verum J.Presl,RZVHIXYEVGDQDX,10.3390/nu15143266,Cinnamomum verum_RZVHIXYEVGDQDX
7389,cinnamomum verum j. presl,glycosides,Cinnamomum verum,Cinnamomum verum J.Presl,LPMXVESGRSUGHW,10.3390/nu15143266,Cinnamomum verum_LPMXVESGRSUGHW
7390,crocus sativus l,copper,Crocus sativus,Crocus sativus L.,RYGMFSIKBFXOCR,10.3390/nu15143266,Crocus sativus_RYGMFSIKBFXOCR
7391,crocus sativus l,zinc,Crocus sativus,Crocus sativus L.,HCHKCACWOHOZIP,10.3390/nu15143266,Crocus sativus_HCHKCACWOHOZIP
7394,crocus sativus l,phosphorus,Crocus sativus,Crocus sativus L.,OAICVXFJPJFONN,10.3390/nu15143266,Crocus sativus_OAICVXFJPJFONN
7395,crocus sativus l,carotenoids,Crocus sativus,Crocus sativus L.,FLFJZZNKVVNCFQ,10.3390/nu15143266,Crocus sativus_FLFJZZNKVVNCFQ
7396,crocus sativus l,anthocyanins,Crocus sativus,Crocus sativus L.,NWKFECICNXDNOQ,10.3390/nu15143266,Crocus sativus_NWKFECICNXDNOQ
7397,crocus sativus l,sodium,Crocus sativus,Crocus sativus L.,KEAYESYHFKHZAL,10.3390/nu15143266,Crocus sativus_KEAYESYHFKHZAL
7398,crocus sativus l,potassium,Crocus sativus,Crocus sativus L.,ZLMJMSJWJFRBEC,10.3390/nu15143266,Crocus sativus_ZLMJMSJWJFRBEC
7399,crocus sativus l,calcium,Crocus sativus,Crocus sativus L.,OYPRJOBELJOOCE,10.3390/nu15143266,Crocus sativus_OYPRJOBELJOOCE
7400,crocus sativus l,iron,Crocus sativus,Crocus sativus L.,XEEYBQQBJWHFJM,10.3390/nu15143266,Crocus sativus_XEEYBQQBJWHFJM
7403,crocus sativus l,magnesium,Crocus sativus,Crocus sativus L.,FYYHWMGAXLPEAU,10.3390/nu15143266,Crocus sativus_FYYHWMGAXLPEAU
7408,cuminum cyminum l,aldehydes,Cuminum cyminum,Cuminum cyminum L.,LVLQYGYNBVIONY,10.3390/nu15143266,Cuminum cyminum_LVLQYGYNBVIONY
7413,cuminum cyminum l,vanillic acid,Cuminum cyminum,Cuminum cyminum L.,WKOLLVMJNQIZCI,10.3390/nu15143266,Cuminum cyminum_WKOLLVMJNQIZCI
7416,cuminum cyminum l,cinnamic acid,Cuminum cyminum,Cuminum cyminum L.,WBYWAXJHAXSJNI,10.3390/nu15143266,Cuminum cyminum_WBYWAXJHAXSJNI
7417,cuminum cyminum l,apigenin,Cuminum cyminum,Cuminum cyminum L.,KZNIFHPLKGYRTM,10.3390/nu15143266,Cuminum cyminum_KZNIFHPLKGYRTM
7419,cuminum cyminum l,alcohols,Cuminum cyminum,Cuminum cyminum L.,LFQSCWFLJHTTHZ,10.3390/nu15143266,Cuminum cyminum_LFQSCWFLJHTTHZ
7422,cuminum cyminum l,anthraquinones,Cuminum cyminum,Cuminum cyminum L.,RZVHIXYEVGDQDX,10.3390/nu15143266,Cuminum cyminum_RZVHIXYEVGDQDX
7426,eugenia caryophyllata thunb,tetraethylammonium chloride,Syzygium aromaticum,Syzygium aromaticum (L.) Merr. & L.M.Perry,YMBCJWGVCUEGHA,10.3390/nu15143266,Syzygium aromaticum_YMBCJWGVCUEGHA
7441,hordeum vulgare l,quercetin,Hordeum vulgare,Hordeum vulgare L.,REFJWTPEDVJJIY,10.3390/nu15143266,Hordeum vulgare_REFJWTPEDVJJIY
7444,hordeum vulgare l,tocols,Hordeum vulgare,Hordeum vulgare L.,DFUSDJMZWQVQSF,10.3390/nu15143266,Hordeum vulgare_DFUSDJMZWQVQSF
7445,hordeum vulgare l,anthocyanins,Hordeum vulgare,Hordeum vulgare L.,NWKFECICNXDNOQ,10.3390/nu15143266,Hordeum vulgare_NWKFECICNXDNOQ
7446,hordeum vulgare l,sulfide,Hordeum vulgare,Hordeum vulgare L.,UCKMPCXJQFINFW,10.3390/nu15143266,Hordeum vulgare_UCKMPCXJQFINFW
7448,hordeum vulgare l,soluble fiber,Hordeum vulgare,Hordeum vulgare L.,YLGXILFCIXHCMC,10.3390/nu15143266,Hordeum vulgare_YLGXILFCIXHCMC
7451,hordeum vulgare l,β-glucan,Hordeum vulgare,Hordeum vulgare L.,FYGDTMLNYKFZSV,10.3390/nu15143266,Hordeum vulgare_FYGDTMLNYKFZSV
7452,hordeum vulgare l,k+,Hordeum vulgare,Hordeum vulgare L.,NPYPAHLBTDXSSS,10.3390/nu15143266,Hordeum vulgare_NPYPAHLBTDXSSS
7454,hordeum vulgare l,tocotrienols,Hordeum vulgare,Hordeum vulgare L.,GJJVAFUKOBZPCB,10.3390/nu15143266,Hordeum vulgare_GJJVAFUKOBZPCB
7455,hordeum vulgare l,starch,Hordeum vulgare,Hordeum vulgare L.,GUBGYTABKSRVRQ,10.3390/nu15143266,Hordeum vulgare_GUBGYTABKSRVRQ
7456,hordeum vulgare l,naringin,Hordeum vulgare,Hordeum vulgare L.,DFPMSGMNTNDNHN,10.3390/nu15143266,Hordeum vulgare_DFPMSGMNTNDNHN
7457,juglans regia l,linolenic acid,Juglans regia,Juglans regia L.,DTOSIQBPPRVQHS,10.3390/nu15143266,Juglans regia_DTOSIQBPPRVQHS
7459,juglans regia l,lipoic acid,Juglans regia,Juglans regia L.,AGBQKNBQESQNJD,10.3390/nu15143266,Juglans regia_AGBQKNBQESQNJD
7461,juglans regia l,β-carotene,Juglans regia,Juglans regia L.,OENHQHLEOONYIE,10.3390/nu15143266,Juglans regia_OENHQHLEOONYIE
7463,juglans regia l,vitamin c,Juglans regia,Juglans regia L.,CIWBSHSKHKDKBQ,10.3390/nu15143266,Juglans regia_CIWBSHSKHKDKBQ
7465,juglans regia l,linoleic acid,Juglans regia,Juglans regia L.,OYHQOLUKZRVURQ,10.3390/nu15143266,Juglans regia_OYHQOLUKZRVURQ
7478,olea europaea l,iridoids,Olea europaea,Olea europaea L.,XFIOZCMKPNZOII,10.3390/nu15143266,Olea europaea_XFIOZCMKPNZOII
7482,pinus gerardiana wall. ex d. don,linolenic acid,Pinus gerardiana,Pinus gerardiana Wall. ex D.Don,DTOSIQBPPRVQHS,10.3390/nu15143266,Pinus gerardiana_DTOSIQBPPRVQHS
7483,pinus gerardiana wall. ex d. don,palmitic acid,Pinus gerardiana,Pinus gerardiana Wall. ex D.Don,IPCSVZSSVZVIGE,10.3390/nu15143266,Pinus gerardiana_IPCSVZSSVZVIGE
7484,pinus gerardiana wall. ex d. don,arachidic acid,Pinus gerardiana,Pinus gerardiana Wall. ex D.Don,VKOBVWXKNCXXDE,10.3390/nu15143266,Pinus gerardiana_VKOBVWXKNCXXDE
7485,pinus gerardiana wall. ex d. don,stearic acid,Pinus gerardiana,Pinus gerardiana Wall. ex D.Don,QIQXTHQIDYTFRH,10.3390/nu15143266,Pinus gerardiana_QIQXTHQIDYTFRH
7486,pinus gerardiana wall. ex d. don,tocopherols,Pinus gerardiana,Pinus gerardiana Wall. ex D.Don,QUEDXNHFTDJVIY,10.3390/nu15143266,Pinus gerardiana_QUEDXNHFTDJVIY
7487,pinus gerardiana wall. ex d. don,gallic acid,Pinus gerardiana,Pinus gerardiana Wall. ex D.Don,LNTHITQWFMADLM,10.3390/nu15143266,Pinus gerardiana_LNTHITQWFMADLM
7488,pinus gerardiana wall. ex d. don,carotenoids,Pinus gerardiana,Pinus gerardiana Wall. ex D.Don,FLFJZZNKVVNCFQ,10.3390/nu15143266,Pinus gerardiana_FLFJZZNKVVNCFQ
7489,pinus gerardiana wall. ex d. don,oleic acid,Pinus gerardiana,Pinus gerardiana Wall. ex D.Don,ZQPPMHVWECSIRJ,10.3390/nu15143266,Pinus gerardiana_ZQPPMHVWECSIRJ
7490,pinus gerardiana wall. ex d. don,ellagic acid,Pinus gerardiana,Pinus gerardiana Wall. ex D.Don,AFSDNFLWKVMVRB,10.3390/nu15143266,Pinus gerardiana_AFSDNFLWKVMVRB
7491,piper nigrum l,anthraquinones,Piper nigrum,Piper nigrum L.,RZVHIXYEVGDQDX,10.3390/nu15143266,Piper nigrum_RZVHIXYEVGDQDX
7504,piper nigrum l,glycosides,Piper nigrum,Piper nigrum L.,LPMXVESGRSUGHW,10.3390/nu15143266,Piper nigrum_LPMXVESGRSUGHW
7506,pistacia vera l,anthocyanins,Pistacia vera,Pistacia vera L.,NWKFECICNXDNOQ,10.3390/nu15143266,Pistacia vera_NWKFECICNXDNOQ
7512,vitis vinifera l,stilbenes,Vitis vinifera,Vitis vinifera L.,PJANXHGTPQOBST,10.3390/nu15143266,Vitis vinifera_PJANXHGTPQOBST
7522,zingiber officinale roscoe,cadinene,Zingiber officinale,Zingiber officinale Roscoe,HNTISMRTGMVWGH,10.3390/nu15143266,Zingiber officinale_HNTISMRTGMVWGH
7524,zingiber officinale roscoe,sesquiterpene,Zingiber officinale,Zingiber officinale Roscoe,PJKDZBIZDKARAM,10.3390/nu15143266,Zingiber officinale_PJKDZBIZDKARAM
7530,zingiber officinale roscoe,sesquiterpenes,Zingiber officinale,Zingiber officinale Roscoe,PJKDZBIZDKARAM,10.3390/nu15143266,Zingiber officinale_PJKDZBIZDKARAM
7532,euphorbia hirta,sterols,Euphorbia hirta,Euphorbia hirta L.,FPXSXMFOYWRHDX,10.5138/09750185.2259,Euphorbia hirta_FPXSXMFOYWRHDX
7533,psidium guajava,anthocyanins,Psidium guajava,Psidium guajava L.,NWKFECICNXDNOQ,10.5138/09750185.2259,Psidium guajava_NWKFECICNXDNOQ
7534,psidium guajava,sterols,Psidium guajava,Psidium guajava L.,FPXSXMFOYWRHDX,10.5138/09750185.2259,Psidium guajava_FPXSXMFOYWRHDX
7535,clausena anisata,sterols,Clausena anisata,Clausena anisata (Willd.) Hook.f. ex Benth.,FPXSXMFOYWRHDX,10.5138/09750185.2259,Clausena anisata_FPXSXMFOYWRHDX
7536,aeollanthus pubescens,sterols,Aeollanthus pubescens,Aeollanthus pubescens Benth.,FPXSXMFOYWRHDX,10.5138/09750185.2259,Aeollanthus pubescens_FPXSXMFOYWRHDX
7543,lippia multiflora moldenke,6-methylhept-5-en-2-one,Lippia multiflora,Lippia multiflora Moldenke,UHEPJGULSIKKTP,10.15562/phytomedicine.2020.114,Lippia multiflora_UHEPJGULSIKKTP
7546,lippia multiflora moldenke,terpinolene,Lippia multiflora,Lippia multiflora Moldenke,MOYAFQVGZZPNRA,10.15562/phytomedicine.2020.114,Lippia multiflora_MOYAFQVGZZPNRA
7547,lippia multiflora moldenke,neryl acetate,Lippia multiflora,Lippia multiflora Moldenke,HIGQPQRQIQDZMP,10.15562/phytomedicine.2020.114,Lippia multiflora_HIGQPQRQIQDZMP
7549,lippia multiflora moldenke,guaiol,Lippia multiflora,Lippia multiflora Moldenke,TWVJWDMOZJXUID,10.15562/phytomedicine.2020.114,Lippia multiflora_TWVJWDMOZJXUID
7557,lippia multiflora moldenke,"1,8-cineole",Lippia multiflora,Lippia multiflora Moldenke,WEEGYLXZBRQIMU,10.15562/phytomedicine.2020.114,Lippia multiflora_WEEGYLXZBRQIMU
7563,lippia multiflora moldenke,caffeic acid,Lippia multiflora,Lippia multiflora Moldenke,QAIPRVGONGVQAS,10.15562/phytomedicine.2020.114,Lippia multiflora_QAIPRVGONGVQAS
7564,lippia multiflora moldenke,δ-terpineol,Lippia multiflora,Lippia multiflora Moldenke,SQIFACVGCPWBQZ,10.15562/phytomedicine.2020.114,Lippia multiflora_SQIFACVGCPWBQZ
7568,lippia multiflora moldenke,3-octanol,Lippia multiflora,Lippia multiflora Moldenke,NMRPBPVERJPACX,10.15562/phytomedicine.2020.114,Lippia multiflora_NMRPBPVERJPACX
7569,lippia multiflora moldenke,epoxymyrcene,Lippia multiflora,Lippia multiflora Moldenke,DQGZGGZXMOFHLB,10.15562/phytomedicine.2020.114,Lippia multiflora_DQGZGGZXMOFHLB
7574,lippia multiflora moldenke,eugenol,Lippia multiflora,Lippia multiflora Moldenke,RRAFCDWBNXTKKO,10.15562/phytomedicine.2020.114,Lippia multiflora_RRAFCDWBNXTKKO
7576,lippia multiflora moldenke,geranyl acetate,Lippia multiflora,Lippia multiflora Moldenke,HIGQPQRQIQDZMP,10.15562/phytomedicine.2020.114,Lippia multiflora_HIGQPQRQIQDZMP
7577,lippia multiflora moldenke,epi-α-cadinol,Lippia multiflora,Lippia multiflora Moldenke,LHYHMMRYTDARSZ,10.15562/phytomedicine.2020.114,Lippia multiflora_LHYHMMRYTDARSZ
7578,lippia multiflora moldenke,rosmarinic acid,Lippia multiflora,Lippia multiflora Moldenke,DOUMFZQKYFQNTF,10.15562/phytomedicine.2020.114,Lippia multiflora_DOUMFZQKYFQNTF
7581,lippia multiflora moldenke,β-bisabolene,Lippia multiflora,Lippia multiflora Moldenke,XZRVRYFILCSYSP,10.15562/phytomedicine.2020.114,Lippia multiflora_XZRVRYFILCSYSP
7584,lippia multiflora moldenke,menth-2-en-1-ol,Lippia multiflora,Lippia multiflora Moldenke,IZXYHAXVIZHGJV,10.15562/phytomedicine.2020.114,Lippia multiflora_IZXYHAXVIZHGJV
7590,lippia multiflora moldenke,1-octene-3-ol,Lippia multiflora,Lippia multiflora Moldenke,VSMOENVRRABVKN,10.15562/phytomedicine.2020.114,Lippia multiflora_VSMOENVRRABVKN
7593,lippia multiflora moldenke,ipsdienone,Lippia multiflora,Lippia multiflora Moldenke,RPDIIOSMVGHNKJ,10.15562/phytomedicine.2020.114,Lippia multiflora_RPDIIOSMVGHNKJ
7595,lippia multiflora moldenke,β-cubebene,Lippia multiflora,Lippia multiflora Moldenke,FSRZGYRCMPZNJF,10.15562/phytomedicine.2020.114,Lippia multiflora_FSRZGYRCMPZNJF
7596,lippia multiflora moldenke,α-cubebene,Lippia multiflora,Lippia multiflora Moldenke,XUEHVOLRMXNRKQ,10.15562/phytomedicine.2020.114,Lippia multiflora_XUEHVOLRMXNRKQ
7602,tanacetum vulgare l,p-menth-2-en-1-ol,Tanacetum vulgare,Tanacetum vulgare L.,IZXYHAXVIZHGJV,10.3390/plants13020155,Tanacetum vulgare_IZXYHAXVIZHGJV
7605,tanacetum vulgare l,hexanal,Tanacetum vulgare,Tanacetum vulgare L.,JARKCYVAAOWBJS,10.3390/plants13020155,Tanacetum vulgare_JARKCYVAAOWBJS
7610,tanacetum vulgare l,cis-lanceol,Tanacetum vulgare,Tanacetum vulgare L.,HBVOEGGRCJCMLG,10.3390/plants13020155,Tanacetum vulgare_HBVOEGGRCJCMLG
7612,tanacetum vulgare l,cubenene,Tanacetum vulgare,Tanacetum vulgare L.,KWFAQPWLROZBAY,10.3390/plants13020155,Tanacetum vulgare_KWFAQPWLROZBAY
7614,tanacetum vulgare l,myrtenyl acetate,Tanacetum vulgare,Tanacetum vulgare L.,BKATZVAUANSCKN,10.3390/plants13020155,Tanacetum vulgare_BKATZVAUANSCKN
7615,tanacetum vulgare l,cyperene,Tanacetum vulgare,Tanacetum vulgare L.,RTBLDXVIGWSICW,10.3390/plants13020155,Tanacetum vulgare_RTBLDXVIGWSICW
7617,tanacetum vulgare l,α-calacorene,Tanacetum vulgare,Tanacetum vulgare L.,CUUMXRBKJIDIAY,10.3390/plants13020155,Tanacetum vulgare_CUUMXRBKJIDIAY
7618,tanacetum vulgare l,ledol,Tanacetum vulgare,Tanacetum vulgare L.,AYXPYQRXGNDJFU,10.3390/plants13020155,Tanacetum vulgare_AYXPYQRXGNDJFU
7620,tanacetum vulgare l,farnesol,Tanacetum vulgare,Tanacetum vulgare L.,CRDAMVZIKSXKFV,10.3390/plants13020155,Tanacetum vulgare_CRDAMVZIKSXKFV
7621,tanacetum vulgare l,caryophylladienol,Tanacetum vulgare,Tanacetum vulgare L.,ASLIKDGYUZGYOV,10.3390/plants13020155,Tanacetum vulgare_ASLIKDGYUZGYOV
7622,tanacetum vulgare l,spathulenol,Tanacetum vulgare,Tanacetum vulgare L.,FRMCCTDTYSRUBE,10.3390/plants13020155,Tanacetum vulgare_FRMCCTDTYSRUBE
7623,tanacetum vulgare l,isospathulenol,Tanacetum vulgare,Tanacetum vulgare L.,FPRYGNYXOFHMLF,10.3390/plants13020155,Tanacetum vulgare_FPRYGNYXOFHMLF
7624,tanacetum vulgare l,2-hexenal,Tanacetum vulgare,Tanacetum vulgare L.,MBDOYVRWFFCFHM,10.3390/plants13020155,Tanacetum vulgare_MBDOYVRWFFCFHM
7626,tanacetum vulgare l,α-santalol,Tanacetum vulgare,Tanacetum vulgare L.,PDEQKAVEYSOLJX,10.3390/plants13020155,Tanacetum vulgare_PDEQKAVEYSOLJX
7627,tanacetum vulgare l,humulene epoxide,Tanacetum vulgare,Tanacetum vulgare L.,RKQDKXOBRXTSFS,10.3390/plants13020155,Tanacetum vulgare_RKQDKXOBRXTSFS
7628,tanacetum vulgare l,costol,Tanacetum vulgare,Tanacetum vulgare L.,FKWGZOFNSIESOX,10.3390/plants13020155,Tanacetum vulgare_FKWGZOFNSIESOX
7629,tanacetum vulgare l,"7-isopropyl-4,10-dimethylenecyclodec-5-enol",Tanacetum vulgare,Tanacetum vulgare L.,OSSWBZXPRYZGRO,10.3390/plants13020155,Tanacetum vulgare_OSSWBZXPRYZGRO
7631,tanacetum vulgare l,hotrienol,Tanacetum vulgare,Tanacetum vulgare L.,ZJIQIJIQBTVTDY,10.3390/plants13020155,Tanacetum vulgare_ZJIQIJIQBTVTDY
7632,tanacetum vulgare l,linalool,Tanacetum vulgare,Tanacetum vulgare L.,CDOSHBSSFJOMGT,10.3390/plants13020155,Tanacetum vulgare_CDOSHBSSFJOMGT
7634,tanacetum vulgare l,longifolene,Tanacetum vulgare,Tanacetum vulgare L.,PDSNLYSELAIEBU,10.3390/plants13020155,Tanacetum vulgare_PDSNLYSELAIEBU
7635,tanacetum vulgare l,β-santalol,Tanacetum vulgare,Tanacetum vulgare L.,OJYKYCDSGQGTRJ,10.3390/plants13020155,Tanacetum vulgare_OJYKYCDSGQGTRJ
7636,tanacetum vulgare l,hexahydrofarnesyl acetone,Tanacetum vulgare,Tanacetum vulgare L.,WHWDWIHXSPCOKZ,10.3390/plants13020155,Tanacetum vulgare_WHWDWIHXSPCOKZ
7638,tanacetum parthenium (l.) sch.bip,1-hexanol,Tanacetum parthenium,Tanacetum parthenium (L.) Sch.Bip.,ZSIAUFGUXNUGDI,10.3390/plants13020155,Tanacetum parthenium_ZSIAUFGUXNUGDI
7639,tanacetum parthenium (l.) sch.bip,cis-geraniol,Tanacetum parthenium,Tanacetum parthenium (L.) Sch.Bip.,GLZPCOQZEFWAFX,10.3390/plants13020155,Tanacetum parthenium_GLZPCOQZEFWAFX
7642,tanacetum parthenium (l.) sch.bip,hexanal,Tanacetum parthenium,Tanacetum parthenium (L.) Sch.Bip.,JARKCYVAAOWBJS,10.3390/plants13020155,Tanacetum parthenium_JARKCYVAAOWBJS
7644,tanacetum parthenium (l.) sch.bip,2-hexyn-1-ol,Tanacetum parthenium,Tanacetum parthenium (L.) Sch.Bip.,BTDWSZJDLLLTMI,10.3390/plants13020155,Tanacetum parthenium_BTDWSZJDLLLTMI
7646,tanacetum parthenium (l.) sch.bip,"2,2,6-trimethyl-3-keto-6-vinyltetrahydropyran",Tanacetum parthenium,Tanacetum parthenium (L.) Sch.Bip.,ATQPZCOAQSYTPR,10.3390/plants13020155,Tanacetum parthenium_ATQPZCOAQSYTPR
7647,tanacetum parthenium (l.) sch.bip,farnesol,Tanacetum parthenium,Tanacetum parthenium (L.) Sch.Bip.,CRDAMVZIKSXKFV,10.3390/plants13020155,Tanacetum parthenium_CRDAMVZIKSXKFV
7648,tanacetum parthenium (l.) sch.bip,caryophylladienol,Tanacetum parthenium,Tanacetum parthenium (L.) Sch.Bip.,ASLIKDGYUZGYOV,10.3390/plants13020155,Tanacetum parthenium_ASLIKDGYUZGYOV
7649,tanacetum parthenium (l.) sch.bip,2-hexenal,Tanacetum parthenium,Tanacetum parthenium (L.) Sch.Bip.,MBDOYVRWFFCFHM,10.3390/plants13020155,Tanacetum parthenium_MBDOYVRWFFCFHM
7651,tanacetum parthenium (l.) sch.bip,safrole,Tanacetum parthenium,Tanacetum parthenium (L.) Sch.Bip.,ZMQAAUBTXCXRIC,10.3390/plants13020155,Tanacetum parthenium_ZMQAAUBTXCXRIC
7652,tanacetum parthenium (l.) sch.bip,α-santalol,Tanacetum parthenium,Tanacetum parthenium (L.) Sch.Bip.,PDEQKAVEYSOLJX,10.3390/plants13020155,Tanacetum parthenium_PDEQKAVEYSOLJX
7653,tanacetum parthenium (l.) sch.bip,costol,Tanacetum parthenium,Tanacetum parthenium (L.) Sch.Bip.,FKWGZOFNSIESOX,10.3390/plants13020155,Tanacetum parthenium_FKWGZOFNSIESOX
7655,tanacetum parthenium (l.) sch.bip,"1,8-cineole",Tanacetum parthenium,Tanacetum parthenium (L.) Sch.Bip.,WEEGYLXZBRQIMU,10.3390/plants13020155,Tanacetum parthenium_WEEGYLXZBRQIMU
7656,tanacetum parthenium (l.) sch.bip,isopinocarveol,Tanacetum parthenium,Tanacetum parthenium (L.) Sch.Bip.,LCYXQUJDODZYIJ,10.3390/plants13020155,Tanacetum parthenium_LCYXQUJDODZYIJ
7657,tanacetum parthenium (l.) sch.bip,nonanal,Tanacetum parthenium,Tanacetum parthenium (L.) Sch.Bip.,GYHFUZHODSMOHU,10.3390/plants13020155,Tanacetum parthenium_GYHFUZHODSMOHU
7658,tanacetum corymbosum (l.) sch.bip,costol,Tanacetum corymbosum,Tanacetum corymbosum (L.) Sch.Bip.,FKWGZOFNSIESOX,10.3390/plants13020155,Tanacetum corymbosum_FKWGZOFNSIESOX
7659,tanacetum corymbosum (l.) sch.bip,trans-verbenyl isovalerate,Tanacetum corymbosum,Tanacetum corymbosum (L.) Sch.Bip.,RYICZYJEOUZTHU,10.3390/plants13020155,Tanacetum corymbosum_RYICZYJEOUZTHU
7660,tanacetum corymbosum (l.) sch.bip,artemisia alcohol,Tanacetum corymbosum,Tanacetum corymbosum (L.) Sch.Bip.,WPPVSYVQAKQNJK,10.3390/plants13020155,Tanacetum corymbosum_WPPVSYVQAKQNJK
7661,tanacetum corymbosum (l.) sch.bip,shyobunol,Tanacetum corymbosum,Tanacetum corymbosum (L.) Sch.Bip.,WOULTTPZJDSDEI,10.3390/plants13020155,Tanacetum corymbosum_WOULTTPZJDSDEI
7662,tanacetum corymbosum (l.) sch.bip,"1,8-cineole",Tanacetum corymbosum,Tanacetum corymbosum (L.) Sch.Bip.,WEEGYLXZBRQIMU,10.3390/plants13020155,Tanacetum corymbosum_WEEGYLXZBRQIMU
7663,tanacetum corymbosum (l.) sch.bip,"2,5,5-trimethyl-3,6-heptadien-2-ol",Tanacetum corymbosum,Tanacetum corymbosum (L.) Sch.Bip.,CSMMFGCGBLZIJE,10.3390/plants13020155,Tanacetum corymbosum_CSMMFGCGBLZIJE
7664,tanacetum corymbosum (l.) sch.bip,2-hexenal,Tanacetum corymbosum,Tanacetum corymbosum (L.) Sch.Bip.,MBDOYVRWFFCFHM,10.3390/plants13020155,Tanacetum corymbosum_MBDOYVRWFFCFHM
7665,tanacetum corymbosum (l.) sch.bip,isopinocarveol,Tanacetum corymbosum,Tanacetum corymbosum (L.) Sch.Bip.,LCYXQUJDODZYIJ,10.3390/plants13020155,Tanacetum corymbosum_LCYXQUJDODZYIJ
7666,tanacetum corymbosum (l.) sch.bip,hexanal,Tanacetum corymbosum,Tanacetum corymbosum (L.) Sch.Bip.,JARKCYVAAOWBJS,10.3390/plants13020155,Tanacetum corymbosum_JARKCYVAAOWBJS
7667,tanacetum corymbosum (l.) sch.bip,6-isopropyl-3-methyl-7-oxabicyclo[4.1.0]-heptan-2-one,Tanacetum corymbosum,Tanacetum corymbosum (L.) Sch.Bip.,ROVXCLHKSQINCN,10.3390/plants13020155,Tanacetum corymbosum_ROVXCLHKSQINCN
7668,tanacetum corymbosum (l.) sch.bip,camphor,Tanacetum corymbosum,Tanacetum corymbosum (L.) Sch.Bip.,DSSYKIVIOFKYAU,10.3390/plants13020155,Tanacetum corymbosum_DSSYKIVIOFKYAU
7669,tanacetum corymbosum (l.) sch.bip,γ-elemene,Tanacetum corymbosum,Tanacetum corymbosum (L.) Sch.Bip.,BQSLMQNYHVFRDT,10.3390/plants13020155,Tanacetum corymbosum_BQSLMQNYHVFRDT
7670,tanacetum corymbosum (l.) sch.bip,α-santalol,Tanacetum corymbosum,Tanacetum corymbosum (L.) Sch.Bip.,PDEQKAVEYSOLJX,10.3390/plants13020155,Tanacetum corymbosum_PDEQKAVEYSOLJX
7671,argyreia speciosa (linn. f,linolenic acid,Argyreia nervosa,Argyreia nervosa (Burm.f.) Bojer,DTOSIQBPPRVQHS,10.22270/jddt.v8i5-s.1937,Argyreia nervosa_DTOSIQBPPRVQHS
7672,argyreia speciosa (linn. f,serotonin,Argyreia nervosa,Argyreia nervosa (Burm.f.) Bojer,QZAYGJVTTNCVMB,10.22270/jddt.v8i5-s.1937,Argyreia nervosa_QZAYGJVTTNCVMB
7673,argyreia speciosa (linn. f,linoleic,Argyreia nervosa,Argyreia nervosa (Burm.f.) Bojer,OYHQOLUKZRVURQ,10.22270/jddt.v8i5-s.1937,Argyreia nervosa_OYHQOLUKZRVURQ
7674,argyreia speciosa (linn. f,"7, 8, 3′, 4′, 5′-penta hydroxyl flavone",Argyreia nervosa,Argyreia nervosa (Burm.f.) Bojer,BNZRGJVWTGWPTR,10.22270/jddt.v8i5-s.1937,Argyreia nervosa_BNZRGJVWTGWPTR
7675,argyreia speciosa (linn. f,ethyl caffeate,Argyreia nervosa,Argyreia nervosa (Burm.f.) Bojer,WDKYDMULARNCIS,10.22270/jddt.v8i5-s.1937,Argyreia nervosa_WDKYDMULARNCIS
7676,argyreia speciosa (linn. f,lsd,Argyreia nervosa,Argyreia nervosa (Burm.f.) Bojer,VAYOSLLFUXYJDT,10.22270/jddt.v8i5-s.1937,Argyreia nervosa_VAYOSLLFUXYJDT
7677,argyreia speciosa (linn. f,caffeic acid,Argyreia nervosa,Argyreia nervosa (Burm.f.) Bojer,QAIPRVGONGVQAS,10.22270/jddt.v8i5-s.1937,Argyreia nervosa_QAIPRVGONGVQAS
7679,argyreia speciosa (linn. f,hexadecanyl p-hydroxycinnamate,Argyreia nervosa,Argyreia nervosa (Burm.f.) Bojer,UYRIBRFIGLHCHE,10.22270/jddt.v8i5-s.1937,Argyreia nervosa_UYRIBRFIGLHCHE
7680,argyreia speciosa (linn. f,glycine,Argyreia nervosa,Argyreia nervosa (Burm.f.) Bojer,DHMQDGOQFOQNFH,10.22270/jddt.v8i5-s.1937,Argyreia nervosa_DHMQDGOQFOQNFH
7681,argyreia speciosa (linn. f,leucine,Argyreia nervosa,Argyreia nervosa (Burm.f.) Bojer,ROHFNLRQFUQHCH,10.22270/jddt.v8i5-s.1937,Argyreia nervosa_ROHFNLRQFUQHCH
7682,argyreia speciosa (linn. f,1-hexacosanol,Argyreia nervosa,Argyreia nervosa (Burm.f.) Bojer,IRHTZOCLLONTOC,10.22270/jddt.v8i5-s.1937,Argyreia nervosa_IRHTZOCLLONTOC
7683,argyreia speciosa (linn. f,tetradecanyl palmitate,Argyreia nervosa,Argyreia nervosa (Burm.f.) Bojer,UULYVBBLIYLRCU,10.22270/jddt.v8i5-s.1937,Argyreia nervosa_UULYVBBLIYLRCU
7684,argyreia speciosa (linn. f,quercetin,Argyreia nervosa,Argyreia nervosa (Burm.f.) Bojer,REFJWTPEDVJJIY,10.22270/jddt.v8i5-s.1937,Argyreia nervosa_REFJWTPEDVJJIY
7685,argyreia speciosa (linn. f,kaempferol,Argyreia nervosa,Argyreia nervosa (Burm.f.) Bojer,IYRMWMYZSQPJKC,10.22270/jddt.v8i5-s.1937,Argyreia nervosa_IYRMWMYZSQPJKC
7686,argyreia speciosa (linn. f,α-aminobutyric acid,Argyreia nervosa,Argyreia nervosa (Burm.f.) Bojer,QWCKQJZIFLGMSD,10.22270/jddt.v8i5-s.1937,Argyreia nervosa_QWCKQJZIFLGMSD
7687,sonchus asper (l.) hill,germanicyl acetate,Sonchus asper,Sonchus asper (L.) Hill,CKMSWXUYNUPNIS,10.56042/ijnpr.v13i4.44111,Sonchus asper_CKMSWXUYNUPNIS
7688,sonchus asper (l.) hill,riboflavin,Sonchus asper,Sonchus asper (L.) Hill,AUNGANRZJHBGPY,10.56042/ijnpr.v13i4.44111,Sonchus asper_AUNGANRZJHBGPY
7689,sonchus asper (l.) hill,thiamine,Sonchus asper,Sonchus asper (L.) Hill,JZRWCGZRTZMZEH,10.56042/ijnpr.v13i4.44111,Sonchus asper_JZRWCGZRTZMZEH
7690,sonchus asper (l.) hill,rutin,Sonchus asper,Sonchus asper (L.) Hill,IKGXIBQEEMLURG,10.56042/ijnpr.v13i4.44111,Sonchus asper_IKGXIBQEEMLURG
7691,sonchus asper (l.) hill,niacin,Sonchus asper,Sonchus asper (L.) Hill,PVNIIMVLHYAWGP,10.56042/ijnpr.v13i4.44111,Sonchus asper_PVNIIMVLHYAWGP
7692,clerodendrum paniculatum l,β-sitosterol,Clerodendrum paniculatum,Clerodendrum paniculatum L.,KZJWDPNRJALLNS,10.22270/jddt.v8i5-s.1930,Clerodendrum paniculatum_KZJWDPNRJALLNS
7693,clerodendrum paniculatum l,quercetin,Clerodendrum paniculatum,Clerodendrum paniculatum L.,REFJWTPEDVJJIY,10.22270/jddt.v8i5-s.1930,Clerodendrum paniculatum_REFJWTPEDVJJIY
7694,clerodendrum paniculatum l,"(22e)-stigmasta-4,22,25-trien-3-one",Clerodendrum paniculatum,Clerodendrum paniculatum L.,BLMXNQVGERRIAW,10.22270/jddt.v8i5-s.1930,Clerodendrum paniculatum_BLMXNQVGERRIAW
7695,clerodendrum paniculatum l,"stigmasta-4,25-dien-3-one",Clerodendrum paniculatum,Clerodendrum paniculatum L.,IUJSEAGAJKMVBJ,10.22270/jddt.v8i5-s.1930,Clerodendrum paniculatum_IUJSEAGAJKMVBJ
7696,clerodendrum paniculatum l,"(3β)-stigmasta-4,22,25-trien-3-ol",Clerodendrum paniculatum,Clerodendrum paniculatum L.,BOBUFEWFDHDMFG,10.22270/jddt.v8i5-s.1930,Clerodendrum paniculatum_BOBUFEWFDHDMFG
7697,clerodendrum paniculatum l,β-amyrin,Clerodendrum paniculatum,Clerodendrum paniculatum L.,JFSHUTJDVKUMTJ,10.22270/jddt.v8i5-s.1930,Clerodendrum paniculatum_JFSHUTJDVKUMTJ
7698,clerodendrum paniculatum l,lupeol,Clerodendrum paniculatum,Clerodendrum paniculatum L.,MQYXUWHLBZFQQO,10.22270/jddt.v8i5-s.1930,Clerodendrum paniculatum_MQYXUWHLBZFQQO
7699,clerodendrum paniculatum l,rutin,Clerodendrum paniculatum,Clerodendrum paniculatum L.,IKGXIBQEEMLURG,10.22270/jddt.v8i5-s.1930,Clerodendrum paniculatum_IKGXIBQEEMLURG
7701,bupleurum chinense dc,(-)-yatein,Bupleurum chinense,Bupleurum chinense DC.,GMLDZDDTZKXJLU,10.1155/2017/7597596,Bupleurum chinense_GMLDZDDTZKXJLU
7702,bupleurum chinense dc,pentadecanoic acid,Bupleurum chinense,Bupleurum chinense DC.,WQEPLUUGTLDZJY,10.1155/2017/7597596,Bupleurum chinense_WQEPLUUGTLDZJY
7704,bupleurum chinense dc,isochaihulactone,Bupleurum chinense,Bupleurum chinense DC.,CJLVKDPRUXBTJQ,10.1155/2017/7597596,Bupleurum chinense_CJLVKDPRUXBTJQ
7708,bupleurum chinense dc,bupleuroside x,Bupleurum chinense,Bupleurum chinense DC.,XLJYDQXNCUSNDG,10.1155/2017/7597596,Bupleurum chinense_XLJYDQXNCUSNDG
7709,bupleurum chinense dc,sterols,Bupleurum chinense,Bupleurum chinense DC.,FPXSXMFOYWRHDX,10.1155/2017/7597596,Bupleurum chinense_FPXSXMFOYWRHDX
7711,bupleurum chinense dc,butanedioic acid,Bupleurum chinense,Bupleurum chinense DC.,KDYFGRWQOYBRFD,10.1155/2017/7597596,Bupleurum chinense_KDYFGRWQOYBRFD
7712,bupleurum chinense dc,narcissin,Bupleurum chinense,Bupleurum chinense DC.,UIDGLYUNOUKLBM,10.1155/2017/7597596,Bupleurum chinense_UIDGLYUNOUKLBM
7715,bupleurum chinense dc,palmitoleic acid,Bupleurum chinense,Bupleurum chinense DC.,SECPZKHBENQXJG,10.1155/2017/7597596,Bupleurum chinense_SECPZKHBENQXJG
7716,bupleurum chinense dc,saikosaponin i,Bupleurum chinense,Bupleurum chinense DC.,CMCKJNVAUXCQCZ,10.1155/2017/7597596,Bupleurum chinense_CMCKJNVAUXCQCZ
7718,bupleurum chinense dc,bupleuroside xii,Bupleurum chinense,Bupleurum chinense DC.,ADBAOQFRJFTJSD,10.1155/2017/7597596,Bupleurum chinense_ADBAOQFRJFTJSD
7720,bupleurum chinense dc,"(2z,8z,10e)-heptadecatriene-4,6-diyne-1-ol",Bupleurum chinense,Bupleurum chinense DC.,ZPLZIXYVLVONAD,10.1155/2017/7597596,Bupleurum chinense_ZPLZIXYVLVONAD
7721,bupleurum chinense dc,fumaric acid,Bupleurum chinense,Bupleurum chinense DC.,VZCYOOQTPOCHFL,10.1155/2017/7597596,Bupleurum chinense_VZCYOOQTPOCHFL
7722,bupleurum chinense dc,bupleuroside i,Bupleurum chinense,Bupleurum chinense DC.,NXWBRHQQKIQDCN,10.1155/2017/7597596,Bupleurum chinense_NXWBRHQQKIQDCN
7723,bupleurum chinense dc,nortrachelogenin,Bupleurum chinense,Bupleurum chinense DC.,ZITBJWXLODLDRH,10.1155/2017/7597596,Bupleurum chinense_ZITBJWXLODLDRH
7729,bupleurum chinense dc,linoleic acid,Bupleurum chinense,Bupleurum chinense DC.,OYHQOLUKZRVURQ,10.1155/2017/7597596,Bupleurum chinense_OYHQOLUKZRVURQ
7731,bupleurum chinense dc,bupleurynol,Bupleurum chinense,Bupleurum chinense DC.,NSVMMMROPMMCOH,10.1155/2017/7597596,Bupleurum chinense_NSVMMMROPMMCOH
7732,bupleurum chinense dc,nemerosin,Bupleurum chinense,Bupleurum chinense DC.,CJLVKDPRUXBTJQ,10.1155/2017/7597596,Bupleurum chinense_CJLVKDPRUXBTJQ
7736,bupleurum chinense dc,chinensinaphthol,Bupleurum chinense,Bupleurum chinense DC.,ZYUVOQCJYNAWNV,10.1155/2017/7597596,Bupleurum chinense_ZYUVOQCJYNAWNV
7737,bupleurum chinense dc,"(2z,8e,10e)-pentadecatriene-4,6-diyne-1-ol",Bupleurum chinense,Bupleurum chinense DC.,AKLBACKPNSVAIG,10.1155/2017/7597596,Bupleurum chinense_AKLBACKPNSVAIG
7738,bupleurum chinense dc,saikosaponin g,Bupleurum chinense,Bupleurum chinense DC.,UFEGAVYKHITZAC,10.1155/2017/7597596,Bupleurum chinense_UFEGAVYKHITZAC
7742,bupleurum chinense dc,saikosaponin f,Bupleurum chinense,Bupleurum chinense DC.,SXILFEBNQCRWAL,10.1155/2017/7597596,Bupleurum chinense_SXILFEBNQCRWAL
7743,bupleurum chinense dc,bupleuroside v,Bupleurum chinense,Bupleurum chinense DC.,ZZPLELRHPJGMIH,10.1155/2017/7597596,Bupleurum chinense_ZZPLELRHPJGMIH
7746,bupleurum chinense dc,palmitic acid,Bupleurum chinense,Bupleurum chinense DC.,IPCSVZSSVZVIGE,10.1155/2017/7597596,Bupleurum chinense_IPCSVZSSVZVIGE
7747,bupleurum chinense dc,eugenin,Bupleurum chinense,Bupleurum chinense DC.,SUTUBQHKZRNZRA,10.1155/2017/7597596,Bupleurum chinense_SUTUBQHKZRNZRA
7748,bupleurum chinense dc,bupleuroside xi,Bupleurum chinense,Bupleurum chinense DC.,CJNJNXRLVVGTQW,10.1155/2017/7597596,Bupleurum chinense_CJNJNXRLVVGTQW
7749,bupleurum chinense dc,"(2z,8z,10e)-pentadecatriene-4,6-diyne-1-ol",Bupleurum chinense,Bupleurum chinense DC.,AKLBACKPNSVAIG,10.1155/2017/7597596,Bupleurum chinense_AKLBACKPNSVAIG
7750,bupleurum chinense dc,"9s,12s,13s-trihydroxy-10e-octadecenoic acid",Bupleurum chinense,Bupleurum chinense DC.,MDIUMSLCYIJBQC,10.1155/2017/7597596,Bupleurum chinense_MDIUMSLCYIJBQC
7751,bupleurum chinense dc,chaihunaphthone,Bupleurum chinense,Bupleurum chinense DC.,GVORHOLLLQETHK,10.1155/2017/7597596,Bupleurum chinense_GVORHOLLLQETHK
7752,bupleurum chinense dc,bupleuroside vii,Bupleurum chinense,Bupleurum chinense DC.,RJNRPQJOFWBQJN,10.1155/2017/7597596,Bupleurum chinense_RJNRPQJOFWBQJN
7754,bupleurum chinense dc,oleic acid,Bupleurum chinense,Bupleurum chinense DC.,ZQPPMHVWECSIRJ,10.1155/2017/7597596,Bupleurum chinense_ZQPPMHVWECSIRJ
7758,bupleurum chinense dc,6''-o-acetyl-saikosaponin b2,Bupleurum chinense,Bupleurum chinense DC.,JVVGHTDCSIJQTI,10.1155/2017/7597596,Bupleurum chinense_JVVGHTDCSIJQTI
7759,bupleurum chinense dc,isorhamnetin-3-o-glucoside,Bupleurum chinense,Bupleurum chinense DC.,CQLRUIIRRZYHHS,10.1155/2017/7597596,Bupleurum chinense_CQLRUIIRRZYHHS
7762,bupleurum scorzonerifolium willd,pentadecanoic acid,Bupleurum scorzonerifolium,Bupleurum scorzonerifolium Willd.,WQEPLUUGTLDZJY,10.1155/2017/7597596,Bupleurum scorzonerifolium_WQEPLUUGTLDZJY
7763,bupleurum scorzonerifolium willd,11-hexadecenoic acid,Bupleurum scorzonerifolium,Bupleurum scorzonerifolium Willd.,JGMYDQCXGIMHLL,10.1155/2017/7597596,Bupleurum scorzonerifolium_JGMYDQCXGIMHLL
7765,bupleurum scorzonerifolium willd,saikosaponin b2,Bupleurum scorzonerifolium,Bupleurum scorzonerifolium Willd.,WRYJYFCCMSVEPQ,10.1155/2017/7597596,Bupleurum scorzonerifolium_WRYJYFCCMSVEPQ
7766,bupleurum scorzonerifolium willd,saikosaponin b1,Bupleurum scorzonerifolium,Bupleurum scorzonerifolium Willd.,WRYJYFCCMSVEPQ,10.1155/2017/7597596,Bupleurum scorzonerifolium_WRYJYFCCMSVEPQ
7769,bupleurum scorzonerifolium willd,sterols,Bupleurum scorzonerifolium,Bupleurum scorzonerifolium Willd.,FPXSXMFOYWRHDX,10.1155/2017/7597596,Bupleurum scorzonerifolium_FPXSXMFOYWRHDX
7770,bupleurum scorzonerifolium willd,6''-o-acetylsaikosaponin d,Bupleurum scorzonerifolium,Bupleurum scorzonerifolium Willd.,WDWZBAMDKXKRBA,10.1155/2017/7597596,Bupleurum scorzonerifolium_WDWZBAMDKXKRBA
7771,bupleurum scorzonerifolium willd,butanedioic acid,Bupleurum scorzonerifolium,Bupleurum scorzonerifolium Willd.,KDYFGRWQOYBRFD,10.1155/2017/7597596,Bupleurum scorzonerifolium_KDYFGRWQOYBRFD
7772,bupleurum scorzonerifolium willd,narcissin,Bupleurum scorzonerifolium,Bupleurum scorzonerifolium Willd.,UIDGLYUNOUKLBM,10.1155/2017/7597596,Bupleurum scorzonerifolium_UIDGLYUNOUKLBM
7773,bupleurum scorzonerifolium willd,saikosaponin c,Bupleurum scorzonerifolium,Bupleurum scorzonerifolium Willd.,VJEMOEYSQDKAQF,10.1155/2017/7597596,Bupleurum scorzonerifolium_VJEMOEYSQDKAQF
7775,bupleurum scorzonerifolium willd,palmitoleic acid,Bupleurum scorzonerifolium,Bupleurum scorzonerifolium Willd.,SECPZKHBENQXJG,10.1155/2017/7597596,Bupleurum scorzonerifolium_SECPZKHBENQXJG
7776,bupleurum scorzonerifolium willd,saikosaponin i,Bupleurum scorzonerifolium,Bupleurum scorzonerifolium Willd.,CMCKJNVAUXCQCZ,10.1155/2017/7597596,Bupleurum scorzonerifolium_CMCKJNVAUXCQCZ
7777,bupleurum scorzonerifolium willd,prosaikogenin d,Bupleurum scorzonerifolium,Bupleurum scorzonerifolium Willd.,UAUUFLADFXKYAU,10.1155/2017/7597596,Bupleurum scorzonerifolium_UAUUFLADFXKYAU
7779,bupleurum scorzonerifolium willd,2''-o-acetylsaikosaponin a,Bupleurum scorzonerifolium,Bupleurum scorzonerifolium Willd.,SRKDRDBFLMDBPW,10.1155/2017/7597596,Bupleurum scorzonerifolium_SRKDRDBFLMDBPW
7780,bupleurum scorzonerifolium willd,"(2z,8z,10e)-heptadecatriene-4,6-diyne-1-ol",Bupleurum scorzonerifolium,Bupleurum scorzonerifolium Willd.,ZPLZIXYVLVONAD,10.1155/2017/7597596,Bupleurum scorzonerifolium_ZPLZIXYVLVONAD
7781,bupleurum scorzonerifolium willd,fumaric acid,Bupleurum scorzonerifolium,Bupleurum scorzonerifolium Willd.,VZCYOOQTPOCHFL,10.1155/2017/7597596,Bupleurum scorzonerifolium_VZCYOOQTPOCHFL
7783,bupleurum scorzonerifolium willd,nortrachelogenin,Bupleurum scorzonerifolium,Bupleurum scorzonerifolium Willd.,ZITBJWXLODLDRH,10.1155/2017/7597596,Bupleurum scorzonerifolium_ZITBJWXLODLDRH
7784,bupleurum scorzonerifolium willd,saikosaponin e,Bupleurum scorzonerifolium,Bupleurum scorzonerifolium Willd.,KQGDHYQRJRGMDG,10.1155/2017/7597596,Bupleurum scorzonerifolium_KQGDHYQRJRGMDG
7786,bupleurum scorzonerifolium willd,α-spinasterol,Bupleurum scorzonerifolium,Bupleurum scorzonerifolium Willd.,JZVFJDZBLUFKCA,10.1155/2017/7597596,Bupleurum scorzonerifolium_JZVFJDZBLUFKCA
7787,bupleurum scorzonerifolium willd,isorhamnetin,Bupleurum scorzonerifolium,Bupleurum scorzonerifolium Willd.,IZQSVPBOUDKVDZ,10.1155/2017/7597596,Bupleurum scorzonerifolium_IZQSVPBOUDKVDZ
7788,bupleurum scorzonerifolium willd,stearic acid,Bupleurum scorzonerifolium,Bupleurum scorzonerifolium Willd.,QIQXTHQIDYTFRH,10.1155/2017/7597596,Bupleurum scorzonerifolium_QIQXTHQIDYTFRH
7789,bupleurum scorzonerifolium willd,linoleic acid,Bupleurum scorzonerifolium,Bupleurum scorzonerifolium Willd.,OYHQOLUKZRVURQ,10.1155/2017/7597596,Bupleurum scorzonerifolium_OYHQOLUKZRVURQ
7790,bupleurum scorzonerifolium willd,prosaikogenin f,Bupleurum scorzonerifolium,Bupleurum scorzonerifolium Willd.,WSSVJIGMYVWUJL,10.1155/2017/7597596,Bupleurum scorzonerifolium_WSSVJIGMYVWUJL
7791,bupleurum scorzonerifolium willd,bupleurynol,Bupleurum scorzonerifolium,Bupleurum scorzonerifolium Willd.,NSVMMMROPMMCOH,10.1155/2017/7597596,Bupleurum scorzonerifolium_NSVMMMROPMMCOH
7793,bupleurum scorzonerifolium willd,rutin,Bupleurum scorzonerifolium,Bupleurum scorzonerifolium Willd.,IKGXIBQEEMLURG,10.1155/2017/7597596,Bupleurum scorzonerifolium_IKGXIBQEEMLURG
7795,bupleurum scorzonerifolium willd,prosaikogenin a,Bupleurum scorzonerifolium,Bupleurum scorzonerifolium Willd.,UAUUFLADFXKYAU,10.1155/2017/7597596,Bupleurum scorzonerifolium_UAUUFLADFXKYAU
7797,bupleurum scorzonerifolium willd,"(2z,8e,10e)-pentadecatriene-4,6-diyne-1-ol",Bupleurum scorzonerifolium,Bupleurum scorzonerifolium Willd.,AKLBACKPNSVAIG,10.1155/2017/7597596,Bupleurum scorzonerifolium_AKLBACKPNSVAIG
7798,bupleurum scorzonerifolium willd,saikosaponin g,Bupleurum scorzonerifolium,Bupleurum scorzonerifolium Willd.,UFEGAVYKHITZAC,10.1155/2017/7597596,Bupleurum scorzonerifolium_UFEGAVYKHITZAC
7800,bupleurum scorzonerifolium willd,13-octadecenoic acid,Bupleurum scorzonerifolium,Bupleurum scorzonerifolium Willd.,BDLLSHRIFPDGQB,10.1155/2017/7597596,Bupleurum scorzonerifolium_BDLLSHRIFPDGQB
7801,bupleurum scorzonerifolium willd,prosaikogenin g,Bupleurum scorzonerifolium,Bupleurum scorzonerifolium Willd.,WSSVJIGMYVWUJL,10.1155/2017/7597596,Bupleurum scorzonerifolium_WSSVJIGMYVWUJL
7802,bupleurum scorzonerifolium willd,saikosaponin f,Bupleurum scorzonerifolium,Bupleurum scorzonerifolium Willd.,SXILFEBNQCRWAL,10.1155/2017/7597596,Bupleurum scorzonerifolium_SXILFEBNQCRWAL
7805,bupleurum scorzonerifolium willd,saikochromoside a,Bupleurum scorzonerifolium,Bupleurum scorzonerifolium Willd.,UIKLIOIWCUSJML,10.1155/2017/7597596,Bupleurum scorzonerifolium_UIKLIOIWCUSJML
7806,bupleurum scorzonerifolium willd,palmitic acid,Bupleurum scorzonerifolium,Bupleurum scorzonerifolium Willd.,IPCSVZSSVZVIGE,10.1155/2017/7597596,Bupleurum scorzonerifolium_IPCSVZSSVZVIGE
7809,bupleurum scorzonerifolium willd,"(2z,8z,10e)-pentadecatriene-4,6-diyne-1-ol",Bupleurum scorzonerifolium,Bupleurum scorzonerifolium Willd.,AKLBACKPNSVAIG,10.1155/2017/7597596,Bupleurum scorzonerifolium_AKLBACKPNSVAIG
7810,bupleurum scorzonerifolium willd,"9s,12s,13s-trihydroxy-10e-octadecenoic acid",Bupleurum scorzonerifolium,Bupleurum scorzonerifolium Willd.,MDIUMSLCYIJBQC,10.1155/2017/7597596,Bupleurum scorzonerifolium_MDIUMSLCYIJBQC
7813,bupleurum scorzonerifolium willd,6''-o-acetylsaikosaponin a,Bupleurum scorzonerifolium,Bupleurum scorzonerifolium Willd.,WDWZBAMDKXKRBA,10.1155/2017/7597596,Bupleurum scorzonerifolium_WDWZBAMDKXKRBA
7814,bupleurum scorzonerifolium willd,oleic acid,Bupleurum scorzonerifolium,Bupleurum scorzonerifolium Willd.,ZQPPMHVWECSIRJ,10.1155/2017/7597596,Bupleurum scorzonerifolium_ZQPPMHVWECSIRJ
7815,bupleurum scorzonerifolium willd,saikosaponin h,Bupleurum scorzonerifolium,Bupleurum scorzonerifolium Willd.,PYJMYPPFWASOJX,10.1155/2017/7597596,Bupleurum scorzonerifolium_PYJMYPPFWASOJX
7816,bupleurum scorzonerifolium willd,quercetin,Bupleurum scorzonerifolium,Bupleurum scorzonerifolium Willd.,REFJWTPEDVJJIY,10.1155/2017/7597596,Bupleurum scorzonerifolium_REFJWTPEDVJJIY
7817,bupleurum scorzonerifolium willd,tetracosanoic acid,Bupleurum scorzonerifolium,Bupleurum scorzonerifolium Willd.,QZZGJDVWLFXDLK,10.1155/2017/7597596,Bupleurum scorzonerifolium_QZZGJDVWLFXDLK
7818,bupleurum scorzonerifolium willd,6''-o-acetyl-saikosaponin b2,Bupleurum scorzonerifolium,Bupleurum scorzonerifolium Willd.,JVVGHTDCSIJQTI,10.1155/2017/7597596,Bupleurum scorzonerifolium_JVVGHTDCSIJQTI
7819,bupleurum scorzonerifolium willd,isorhamnetin-3-o-glucoside,Bupleurum scorzonerifolium,Bupleurum scorzonerifolium Willd.,CQLRUIIRRZYHHS,10.1155/2017/7597596,Bupleurum scorzonerifolium_CQLRUIIRRZYHHS
7820,chorisia speciosa,"cyanidin 3,5-diglucoside",Ceiba speciosa,"Ceiba speciosa (A.St.-Hil., A.Juss. & Cambess.) Ravenna",MVCZYIINCNBXDB,10.5642/aliso.19861103.09,Ceiba speciosa_MVCZYIINCNBXDB
7821,chorisia speciosa,cyanidin 3-glucoside,Ceiba speciosa,"Ceiba speciosa (A.St.-Hil., A.Juss. & Cambess.) Ravenna",RKWHWFONKJEUEF,10.5642/aliso.19861103.09,Ceiba speciosa_RKWHWFONKJEUEF
7822,bombax malabaricum,"cyanidin 3,5-diglucoside",Bombax ceiba,Bombax ceiba L.,MVCZYIINCNBXDB,10.5642/aliso.19861103.09,Bombax ceiba_MVCZYIINCNBXDB
7823,bombax malabaricum,cyanidin 3-glucoside,Bombax ceiba,Bombax ceiba L.,RKWHWFONKJEUEF,10.5642/aliso.19861103.09,Bombax ceiba_RKWHWFONKJEUEF
7824,pachira aquatica,cyanidin 3-rutinoside,Pachira aquatica,Pachira aquatica Aubl.,ADZHXBNWNZIHIX,10.5642/aliso.19861103.09,Pachira aquatica_ADZHXBNWNZIHIX
7825,pachira aquatica,cyanidin 3-glucoside,Pachira aquatica,Pachira aquatica Aubl.,RKWHWFONKJEUEF,10.5642/aliso.19861103.09,Pachira aquatica_RKWHWFONKJEUEF
7826,pseudobombax ellipticum,"cyanidin 3,5-diglucoside",Pseudobombax ellipticum,Pseudobombax ellipticum (Kunth) Dugand,MVCZYIINCNBXDB,10.5642/aliso.19861103.09,Pseudobombax ellipticum_MVCZYIINCNBXDB
7827,pseudobombax ellipticum,cyanidin 3-glucoside,Pseudobombax ellipticum,Pseudobombax ellipticum (Kunth) Dugand,RKWHWFONKJEUEF,10.5642/aliso.19861103.09,Pseudobombax ellipticum_RKWHWFONKJEUEF
7828,pseudobombax grandiflorum,"cyanidin 3,5-diglucoside",Pseudobombax grandiflorum,Pseudobombax grandiflorum (Cav.) A.Robyns,MVCZYIINCNBXDB,10.5642/aliso.19861103.09,Pseudobombax grandiflorum_MVCZYIINCNBXDB
7829,pseudobombax grandiflorum,cyanidin 3-glucoside,Pseudobombax grandiflorum,Pseudobombax grandiflorum (Cav.) A.Robyns,RKWHWFONKJEUEF,10.5642/aliso.19861103.09,Pseudobombax grandiflorum_RKWHWFONKJEUEF
7830,ceiba acuminata,cyanidin 3-glucoside,Ceiba aesculifolia subsp. aesculifolia,Ceiba aesculifolia subsp. aesculifolia,RKWHWFONKJEUEF,10.5642/aliso.19861103.09,Ceiba aesculifolia subsp. aesculifolia_RKWHWFONKJEUEF
7831,ochroma pyramidale,cyanidin 3-glucoside,Ochroma pyramidale,Ochroma pyramidale (Cav. ex Lam.) Urb.,RKWHWFONKJEUEF,10.5642/aliso.19861103.09,Ochroma pyramidale_RKWHWFONKJEUEF
7839,adhatoda vasaka,vasicinone,Justicia,Justicia L.,SDIVYZXRQHWCKF,10.70135/seejph.vi.5535,Justicia_SDIVYZXRQHWCKF
7840,adhatoda vasaka,vasicine,Justicia,Justicia L.,YIICVSCAKJMMDJ,10.70135/seejph.vi.5535,Justicia_YIICVSCAKJMMDJ
7842,arctotis arctotoides (l.f.) o. hoffm,"p-mentha-1,5-dien-8-ol",Arctotis arctotoides,Arctotis arctotoides (L.f.) O.Hoffm.,FQEXRDMYDXBXEO,10.4314/ajtcam.v11i6.12,Arctotis arctotoides_FQEXRDMYDXBXEO
7843,arctotis arctotoides (l.f.) o. hoffm,terpinen-1-ol,Arctotis arctotoides,Arctotis arctotoides (L.f.) O.Hoffm.,XJWZDXFFNOMMTD,10.4314/ajtcam.v11i6.12,Arctotis arctotoides_XJWZDXFFNOMMTD
7844,arctotis arctotoides (l.f.) o. hoffm,"1,8-cineole",Arctotis arctotoides,Arctotis arctotoides (L.f.) O.Hoffm.,WEEGYLXZBRQIMU,10.4314/ajtcam.v11i6.12,Arctotis arctotoides_WEEGYLXZBRQIMU
7845,arctotis arctotoides (l.f.) o. hoffm,nepetin,Arctotis arctotoides,Arctotis arctotoides (L.f.) O.Hoffm.,FHHSEFRSDKWJKJ,10.4314/ajtcam.v11i6.12,Arctotis arctotoides_FHHSEFRSDKWJKJ
7846,arctotis arctotoides (l.f.) o. hoffm,trans-p-menth-2-en-1-ol,Arctotis arctotoides,Arctotis arctotoides (L.f.) O.Hoffm.,IZXYHAXVIZHGJV,10.4314/ajtcam.v11i6.12,Arctotis arctotoides_IZXYHAXVIZHGJV
7847,arctotis arctotoides (l.f.) o. hoffm,α-phellandrene,Arctotis arctotoides,Arctotis arctotoides (L.f.) O.Hoffm.,OGLDWXZKYODSOB,10.4314/ajtcam.v11i6.12,Arctotis arctotoides_OGLDWXZKYODSOB
7848,arctotis arctotoides (l.f.) o. hoffm,δ-3-carene,Arctotis arctotoides,Arctotis arctotoides (L.f.) O.Hoffm.,BQOFWKZOCNGFEC,10.4314/ajtcam.v11i6.12,Arctotis arctotoides_BQOFWKZOCNGFEC
7849,arctotis arctotoides (l.f.) o. hoffm,α-terpinene,Arctotis arctotoides,Arctotis arctotoides (L.f.) O.Hoffm.,YHQGMYUVUMAZJR,10.4314/ajtcam.v11i6.12,Arctotis arctotoides_YHQGMYUVUMAZJR
7850,arctotis arctotoides (l.f.) o. hoffm,α-terpineol,Arctotis arctotoides,Arctotis arctotoides (L.f.) O.Hoffm.,WUOACPNHFRMFPN,10.4314/ajtcam.v11i6.12,Arctotis arctotoides_WUOACPNHFRMFPN
7851,arctotis arctotoides (l.f.) o. hoffm,zaluzanin,Arctotis arctotoides,Arctotis arctotoides (L.f.) O.Hoffm.,ZTYPRVNFNKGSDK,10.4314/ajtcam.v11i6.12,Arctotis arctotoides_ZTYPRVNFNKGSDK
7852,arctotis arctotoides (l.f.) o. hoffm,limonene,Arctotis arctotoides,Arctotis arctotoides (L.f.) O.Hoffm.,XMGQYMWWDOXHJM,10.4314/ajtcam.v11i6.12,Arctotis arctotoides_XMGQYMWWDOXHJM
7853,arctotis arctotoides (l.f.) o. hoffm,verbenol,Arctotis arctotoides,Arctotis arctotoides (L.f.) O.Hoffm.,WONIGEXYPVIKFS,10.4314/ajtcam.v11i6.12,Arctotis arctotoides_WONIGEXYPVIKFS
7854,arctotis arctotoides (l.f.) o. hoffm,trans-sabinene hydrate,Arctotis arctotoides,Arctotis arctotoides (L.f.) O.Hoffm.,KXSDPILWMGFJMM,10.4314/ajtcam.v11i6.12,Arctotis arctotoides_KXSDPILWMGFJMM
7855,arctotis arctotoides (l.f.) o. hoffm,piperitone,Arctotis arctotoides,Arctotis arctotoides (L.f.) O.Hoffm.,YSTPAHQEHQSRJD,10.4314/ajtcam.v11i6.12,Arctotis arctotoides_YSTPAHQEHQSRJD
7856,arctotis arctotoides (l.f.) o. hoffm,linalool,Arctotis arctotoides,Arctotis arctotoides (L.f.) O.Hoffm.,CDOSHBSSFJOMGT,10.4314/ajtcam.v11i6.12,Arctotis arctotoides_CDOSHBSSFJOMGT
7857,arctotis arctotoides (l.f.) o. hoffm,p-cymene,Arctotis arctotoides,Arctotis arctotoides (L.f.) O.Hoffm.,HFPZCAJZSCWRBC,10.4314/ajtcam.v11i6.12,Arctotis arctotoides_HFPZCAJZSCWRBC
7858,arctotis arctotoides (l.f.) o. hoffm,pedalitin,Arctotis arctotoides,Arctotis arctotoides (L.f.) O.Hoffm.,QWUHUBDKQQPMQG,10.4314/ajtcam.v11i6.12,Arctotis arctotoides_QWUHUBDKQQPMQG
7859,arctotis arctotoides (l.f.) o. hoffm,myrtenol,Arctotis arctotoides,Arctotis arctotoides (L.f.) O.Hoffm.,RXBQNMWIQKOSCS,10.4314/ajtcam.v11i6.12,Arctotis arctotoides_RXBQNMWIQKOSCS
7860,arctotis arctotoides (l.f.) o. hoffm,cis-sabinene hydrate,Arctotis arctotoides,Arctotis arctotoides (L.f.) O.Hoffm.,KXSDPILWMGFJMM,10.4314/ajtcam.v11i6.12,Arctotis arctotoides_KXSDPILWMGFJMM
7861,arctotis arctotoides (l.f.) o. hoffm,cis-p-menth-2-en-1-ol,Arctotis arctotoides,Arctotis arctotoides (L.f.) O.Hoffm.,IZXYHAXVIZHGJV,10.4314/ajtcam.v11i6.12,Arctotis arctotoides_IZXYHAXVIZHGJV
7862,arctotis arctotoides (l.f.) o. hoffm,serratagenic acid,Arctotis arctotoides,Arctotis arctotoides (L.f.) O.Hoffm.,MCHKKYSPJGWAHQ,10.4314/ajtcam.v11i6.12,Arctotis arctotoides_MCHKKYSPJGWAHQ
7863,arctotis arctotoides (l.f.) o. hoffm,proanthocyanidins,Arctotis arctotoides,Arctotis arctotoides (L.f.) O.Hoffm.,HGVVOUNEGQIPMS,10.4314/ajtcam.v11i6.12,Arctotis arctotoides_HGVVOUNEGQIPMS
7864,arctotis arctotoides (l.f.) o. hoffm,terpinolene,Arctotis arctotoides,Arctotis arctotoides (L.f.) O.Hoffm.,MOYAFQVGZZPNRA,10.4314/ajtcam.v11i6.12,Arctotis arctotoides_MOYAFQVGZZPNRA
7865,arctotis arctotoides (l.f.) o. hoffm,cymen-8-ol,Arctotis arctotoides,Arctotis arctotoides (L.f.) O.Hoffm.,XLPDVYGDNRIQFV,10.4314/ajtcam.v11i6.12,Arctotis arctotoides_XLPDVYGDNRIQFV
7866,arctotis arctotoides (l.f.) o. hoffm,dehydrocostuslactone,Arctotis arctotoides,Arctotis arctotoides (L.f.) O.Hoffm.,NETSQGRTUNRXEO,10.4314/ajtcam.v11i6.12,Arctotis arctotoides_NETSQGRTUNRXEO
7867,arctotis arctotoides (l.f.) o. hoffm,terpinen-4-ol,Arctotis arctotoides,Arctotis arctotoides (L.f.) O.Hoffm.,WRYLYDPHFGVWKC,10.4314/ajtcam.v11i6.12,Arctotis arctotoides_WRYLYDPHFGVWKC
7868,arctotis arctotoides (l.f.) o. hoffm,γ-terpinene,Arctotis arctotoides,Arctotis arctotoides (L.f.) O.Hoffm.,YKFLAYDHMOASIY,10.4314/ajtcam.v11i6.12,Arctotis arctotoides_YKFLAYDHMOASIY
7873,ferula clematidifolia koso-pol,limonene,Ferula clematidifolia,Ferula clematidifolia Koso-Pol.,XMGQYMWWDOXHJM,10.11588/heidok.00019495,Ferula clematidifolia_XMGQYMWWDOXHJM
7874,ferula clematidifolia koso-pol,sabinene,Ferula clematidifolia,Ferula clematidifolia Koso-Pol.,NDVASEGYNIMXJL,10.11588/heidok.00019495,Ferula clematidifolia_NDVASEGYNIMXJL
7875,ferula clematidifolia koso-pol,β-pinene,Ferula clematidifolia,Ferula clematidifolia Koso-Pol.,WTARULDDTDQWMU,10.11588/heidok.00019495,Ferula clematidifolia_WTARULDDTDQWMU
7876,ferula clematidifolia koso-pol,α-pinene,Ferula clematidifolia,Ferula clematidifolia Koso-Pol.,GRWFGVWFFZKLTI,10.11588/heidok.00019495,Ferula clematidifolia_GRWFGVWFFZKLTI
7877,ferula clematidifolia koso-pol,β-phellandrene,Ferula clematidifolia,Ferula clematidifolia Koso-Pol.,LFJQCDVYDGGFCH,10.11588/heidok.00019495,Ferula clematidifolia_LFJQCDVYDGGFCH
7878,ferula clematidifolia koso-pol,myrcene,Ferula clematidifolia,Ferula clematidifolia Koso-Pol.,UAHWPYUMFXYFJY,10.11588/heidok.00019495,Ferula clematidifolia_UAHWPYUMFXYFJY
7880,foeniculum vulgare millar,"1-phenyl-penta-2,4-diyne",Foeniculum vulgare,Foeniculum vulgare Mill.,ZZGANZXITREHOP,10.11588/heidok.00019495,Foeniculum vulgare_ZZGANZXITREHOP
7884,galagania fragrantissima lypsky,dodecanal,Galagania fragrantissima,Galagania fragrantissima Lipsky,HFJRKMMYBMWEAD,10.11588/heidok.00019495,Galagania fragrantissima_HFJRKMMYBMWEAD
7885,galagania fragrantissima lypsky,(2e)-dodecenol,Galagania fragrantissima,Galagania fragrantissima Lipsky,CQKHFONAFZDDKV,10.11588/heidok.00019495,Galagania fragrantissima_CQKHFONAFZDDKV
7886,galagania fragrantissima lypsky,(2e)-dodecenal,Galagania fragrantissima,Galagania fragrantissima Lipsky,SSNZFFBDIMUILS,10.11588/heidok.00019495,Galagania fragrantissima_SSNZFFBDIMUILS
7887,galagania fragrantissima lypsky,(2e)-tetradecenal,Galagania fragrantissima,Galagania fragrantissima Lipsky,WHOZNOZYMBRCBL,10.11588/heidok.00019495,Galagania fragrantissima_WHOZNOZYMBRCBL
7888,pastinaca sativa l,octyl butyrate,Pastinaca sativa,Pastinaca sativa L.,PWLNAUNEAKQYLH,10.11588/heidok.00019495,Pastinaca sativa_PWLNAUNEAKQYLH
7889,pastinaca sativa l,hexyl butanoate,Pastinaca sativa,Pastinaca sativa L.,XAPCMTMQBXLDBB,10.11588/heidok.00019495,Pastinaca sativa_XAPCMTMQBXLDBB
7890,pastinaca sativa l,γ-stearolactone,Pastinaca sativa,Pastinaca sativa L.,GYDWWIHJZSCRGV,10.11588/heidok.00019495,Pastinaca sativa_GYDWWIHJZSCRGV
7891,pastinaca sativa l,e-β-farnesene,Pastinaca sativa,Pastinaca sativa L.,JSNRRGGBADWTMC,10.11588/heidok.00019495,Pastinaca sativa_JSNRRGGBADWTMC
7892,pastinaca sativa l,octyl acetate,Pastinaca sativa,Pastinaca sativa L.,YLYBTZIQSIBWLI,10.11588/heidok.00019495,Pastinaca sativa_YLYBTZIQSIBWLI
7893,pastinaca sativa l,z-β-ocimene,Pastinaca sativa,Pastinaca sativa L.,IHPKGUQCSIINRJ,10.11588/heidok.00019495,Pastinaca sativa_IHPKGUQCSIINRJ
7894,achillea filipendulina lam,santolina alcohol,Achillea filipendulina,Achillea filipendulina Lam.,JWGLVEFPXSKNBN,10.11588/heidok.00019495,Achillea filipendulina_JWGLVEFPXSKNBN
7895,achillea filipendulina lam,cis-chrysanthenyl acetate,Achillea filipendulina,Achillea filipendulina Lam.,UASZOTVHPVEMQR,10.11588/heidok.00019495,Achillea filipendulina_UASZOTVHPVEMQR
7896,achillea filipendulina lam,"1,8-cineole",Achillea filipendulina,Achillea filipendulina Lam.,WEEGYLXZBRQIMU,10.11588/heidok.00019495,Achillea filipendulina_WEEGYLXZBRQIMU
7899,artemisia absinthium l,cis-chrysanthenyl acetate,Artemisia absinthium,Artemisia absinthium L.,UASZOTVHPVEMQR,10.11588/heidok.00019495,Artemisia absinthium_UASZOTVHPVEMQR
7900,artemisia absinthium l,linalool acetate,Artemisia absinthium,Artemisia absinthium L.,UWKAYLJWKGQEPM,10.11588/heidok.00019495,Artemisia absinthium_UWKAYLJWKGQEPM
7908,artemisia rutifolia stephan ex spreng,"1,8-cineole",Artemisia rutifolia,Artemisia rutifolia Stephan ex Spreng.,WEEGYLXZBRQIMU,10.11588/heidok.00019495,Artemisia rutifolia_WEEGYLXZBRQIMU
7910,artemisia scoparia waldst & kit,limonene,Artemisia scoparia,Artemisia scoparia Waldst. & Kit.,XMGQYMWWDOXHJM,10.11588/heidok.00019495,Artemisia scoparia_XMGQYMWWDOXHJM
7914,artemisia scoparia waldst & kit,(e)-β-ocimene,Artemisia scoparia,Artemisia scoparia Waldst. & Kit.,IHPKGUQCSIINRJ,10.11588/heidok.00019495,Artemisia scoparia_IHPKGUQCSIINRJ
7916,artemisia scoparia waldst & kit,"1-phenyl-2,4-pentadiyne",Artemisia scoparia,Artemisia scoparia Waldst. & Kit.,XIKDQDXWYVAHNF,10.11588/heidok.00019495,Artemisia scoparia_XIKDQDXWYVAHNF
7918,polychrysum tadshikorum (kudr.) kovalevsk,sabinene,Lepidolopsis tadshikorum,Lepidolopsis tadshikorum (Kudr.) Poljakov,NDVASEGYNIMXJL,10.11588/heidok.00019495,Lepidolopsis tadshikorum_NDVASEGYNIMXJL
7919,polychrysum tadshikorum (kudr.) kovalevsk,terpinen-4-ol,Lepidolopsis tadshikorum,Lepidolopsis tadshikorum (Kudr.) Poljakov,WRYLYDPHFGVWKC,10.11588/heidok.00019495,Lepidolopsis tadshikorum_WRYLYDPHFGVWKC
7920,polychrysum tadshikorum (kudr.) kovalevsk,γ-terpinene,Lepidolopsis tadshikorum,Lepidolopsis tadshikorum (Kudr.) Poljakov,YKFLAYDHMOASIY,10.11588/heidok.00019495,Lepidolopsis tadshikorum_YKFLAYDHMOASIY
7921,polychrysum tadshikorum (kudr.) kovalevsk,linalool,Lepidolopsis tadshikorum,Lepidolopsis tadshikorum (Kudr.) Poljakov,CDOSHBSSFJOMGT,10.11588/heidok.00019495,Lepidolopsis tadshikorum_CDOSHBSSFJOMGT
7922,polychrysum tadshikorum (kudr.) kovalevsk,p-cymene,Lepidolopsis tadshikorum,Lepidolopsis tadshikorum (Kudr.) Poljakov,HFPZCAJZSCWRBC,10.11588/heidok.00019495,Lepidolopsis tadshikorum_HFPZCAJZSCWRBC
7931,geranium macrorrhizum l,α-eudesmol,Geranium macrorrhizum,Geranium macrorrhizum L.,FCSRUSQUAVXUKK,10.11588/heidok.00019495,Geranium macrorrhizum_FCSRUSQUAVXUKK
7932,geranium macrorrhizum l,germacrene b,Geranium macrorrhizum,Geranium macrorrhizum L.,GXEGJTGWYVZSNR,10.11588/heidok.00019495,Geranium macrorrhizum_GXEGJTGWYVZSNR
7934,philadelphus x purpureomaculatus,viridiflorol,Philadelphus,Philadelphus L.,AYXPYQRXGNDJFU,10.11588/heidok.00019495,Philadelphus_AYXPYQRXGNDJFU
7935,philadelphus x purpureomaculatus,borneol,Philadelphus,Philadelphus L.,DTGKSKDOIYIVQL,10.11588/heidok.00019495,Philadelphus_DTGKSKDOIYIVQL
7936,philadelphus x purpureomaculatus,pentadecanal,Philadelphus,Philadelphus L.,XGQJZNCFDLXSIJ,10.11588/heidok.00019495,Philadelphus_XGQJZNCFDLXSIJ
7937,philadelphus x purpureomaculatus,manool,Philadelphus,Philadelphus L.,CECREIRZLPLYDM,10.11588/heidok.00019495,Philadelphus_CECREIRZLPLYDM
7939,hypericum perforatum l,dodecanol,Hypericum perforatum,Hypericum perforatum L.,LQZZUXJYWNFBMV,10.11588/heidok.00019495,Hypericum perforatum_LQZZUXJYWNFBMV
7943,hypericum perforatum l,bicyclogermacrene,Hypericum perforatum,Hypericum perforatum L.,VPDZRSSKICPUEY,10.11588/heidok.00019495,Hypericum perforatum_VPDZRSSKICPUEY
7944,hypericum perforatum l,spathulenol,Hypericum perforatum,Hypericum perforatum L.,FRMCCTDTYSRUBE,10.11588/heidok.00019495,Hypericum perforatum_FRMCCTDTYSRUBE
7945,hypericum scabrum l,γ-muurolene,Hypericum scabrum,Hypericum scabrum L.,WRHGORWNJGOVQY,10.11588/heidok.00019495,Hypericum scabrum_WRHGORWNJGOVQY
7946,hypericum scabrum l,trans-verbenol,Hypericum scabrum,Hypericum scabrum L.,WONIGEXYPVIKFS,10.11588/heidok.00019495,Hypericum scabrum_WONIGEXYPVIKFS
7948,hypericum scabrum l,spathulenol,Hypericum scabrum,Hypericum scabrum L.,FRMCCTDTYSRUBE,10.11588/heidok.00019495,Hypericum scabrum_FRMCCTDTYSRUBE
7949,hypericum scabrum l,verbenone,Hypericum scabrum,Hypericum scabrum L.,DCSCXTJOXBUFGB,10.11588/heidok.00019495,Hypericum scabrum_DCSCXTJOXBUFGB
7952,hyssopus seravschanicus pazij,"1,8-cineol",Dracocephalum seravschanicum,Dracocephalum seravschanicum (Dubj.) Y.P.Chen & B.T.Drew,WEEGYLXZBRQIMU,10.11588/heidok.00019495,Dracocephalum seravschanicum_WEEGYLXZBRQIMU
7953,hyssopus seravschanicus pazij,camphene,Dracocephalum seravschanicum,Dracocephalum seravschanicum (Dubj.) Y.P.Chen & B.T.Drew,CRPUJAZIXJMDBK,10.11588/heidok.00019495,Dracocephalum seravschanicum_CRPUJAZIXJMDBK
7958,melissa officinalis l,trans-anethole,Melissa officinalis,Melissa officinalis L.,RUVINXPYWBROJD,10.11588/heidok.00019495,Melissa officinalis_RUVINXPYWBROJD
7967,origanum tyttanthum gontsch,carvacrol,Origanum vulgare subsp. gracile,Origanum vulgare subsp. gracile (K.Koch) Ietsw.,RECUKUPTGUEGMW,10.11588/heidok.00019495,Origanum vulgare subsp. gracile_RECUKUPTGUEGMW
7968,origanum tyttanthum gontsch,thymol,Origanum vulgare subsp. gracile,Origanum vulgare subsp. gracile (K.Koch) Ietsw.,MGSRCZKZVOBKFT,10.11588/heidok.00019495,Origanum vulgare subsp. gracile_MGSRCZKZVOBKFT
7969,origanum tyttanthum gontsch,p-cymene,Origanum vulgare subsp. gracile,Origanum vulgare subsp. gracile (K.Koch) Ietsw.,HFPZCAJZSCWRBC,10.11588/heidok.00019495,Origanum vulgare subsp. gracile_HFPZCAJZSCWRBC
7970,salvia discolor kunth,linalool,Salvia discolor,Salvia discolor Kunth,CDOSHBSSFJOMGT,10.11588/heidok.00019495,Salvia discolor_CDOSHBSSFJOMGT
7971,salvia discolor kunth,α-humulene,Salvia discolor,Salvia discolor Kunth,FAMPSKZZVDUYOS,10.11588/heidok.00019495,Salvia discolor_FAMPSKZZVDUYOS
7972,salvia discolor kunth,germacrene d,Salvia discolor,Salvia discolor Kunth,GAIBLDCXCZKKJE,10.11588/heidok.00019495,Salvia discolor_GAIBLDCXCZKKJE
7973,salvia discolor kunth,trans-caryophyllene,Salvia discolor,Salvia discolor Kunth,NPNUFJAVOOONJE,10.11588/heidok.00019495,Salvia discolor_NPNUFJAVOOONJE
7982,ziziphora clinopodioides lam,menthone,Ziziphora clinopodioides,Ziziphora clinopodioides Lam.,NFLGAXVYCFJBMK,10.11588/heidok.00019495,Ziziphora clinopodioides_NFLGAXVYCFJBMK
7983,ziziphora clinopodioides lam,pulegone,Ziziphora clinopodioides,Ziziphora clinopodioides Lam.,NZGWDASTMWDZIW,10.11588/heidok.00019495,Ziziphora clinopodioides_NZGWDASTMWDZIW
7984,ziziphora clinopodioides lam,neomenthol,Ziziphora clinopodioides,Ziziphora clinopodioides Lam.,NOOLISFMXDJSKH,10.11588/heidok.00019495,Ziziphora clinopodioides_NOOLISFMXDJSKH
7989,lippia javanica (burm. f,"2,4-dimethylpyridin-3,5-diol",Lippia javanica,Lippia javanica (Burm.f.) Spreng.,CTQMUUSYUOPVQS,10.62940/als.v12i1.3214,Lippia javanica_CTQMUUSYUOPVQS
7990,lippia javanica (burm. f,linalool acetate,Lippia javanica,Lippia javanica (Burm.f.) Spreng.,UWKAYLJWKGQEPM,10.62940/als.v12i1.3214,Lippia javanica_UWKAYLJWKGQEPM
7991,lippia javanica (burm. f,β-phellandrene,Lippia javanica,Lippia javanica (Burm.f.) Spreng.,LFJQCDVYDGGFCH,10.62940/als.v12i1.3214,Lippia javanica_LFJQCDVYDGGFCH
7992,lippia javanica (burm. f,carvyl acetate,Lippia javanica,Lippia javanica (Burm.f.) Spreng.,YTHRBOFHFYZBRJ,10.62940/als.v12i1.3214,Lippia javanica_YTHRBOFHFYZBRJ
7993,lippia javanica (burm. f,geraniol,Lippia javanica,Lippia javanica (Burm.f.) Spreng.,GLZPCOQZEFWAFX,10.62940/als.v12i1.3214,Lippia javanica_GLZPCOQZEFWAFX
7995,lippia javanica (burm. f,salvigenin,Lippia javanica,Lippia javanica (Burm.f.) Spreng.,QCDYOIZVELGOLZ,10.62940/als.v12i1.3214,Lippia javanica_QCDYOIZVELGOLZ
7996,lippia javanica (burm. f,phytic acid,Lippia javanica,Lippia javanica (Burm.f.) Spreng.,IMQLKJBTEOYOSI,10.62940/als.v12i1.3214,Lippia javanica_IMQLKJBTEOYOSI
7999,lippia javanica (burm. f,eupatorine,Lippia javanica,Lippia javanica (Burm.f.) Spreng.,KLAOKWJLUQKWIF,10.62940/als.v12i1.3214,Lippia javanica_KLAOKWJLUQKWIF
8000,lippia javanica (burm. f,oxalic acid,Lippia javanica,Lippia javanica (Burm.f.) Spreng.,MUBZPKHOEPUJKR,10.62940/als.v12i1.3214,Lippia javanica_MUBZPKHOEPUJKR
8001,lippia javanica (burm. f,genkwanin,Lippia javanica,Lippia javanica (Burm.f.) Spreng.,JPMYFOBNRRGFNO,10.62940/als.v12i1.3214,Lippia javanica_JPMYFOBNRRGFNO
8002,lippia javanica (burm. f,apigenin,Lippia javanica,Lippia javanica (Burm.f.) Spreng.,KZNIFHPLKGYRTM,10.62940/als.v12i1.3214,Lippia javanica_KZNIFHPLKGYRTM
8003,lippia javanica (burm. f,isophorone,Lippia javanica,Lippia javanica (Burm.f.) Spreng.,HJOVHMDZYOCNQW,10.62940/als.v12i1.3214,Lippia javanica_HJOVHMDZYOCNQW
8005,lippia javanica (burm. f,cis-tagetone,Lippia javanica,Lippia javanica (Burm.f.) Spreng.,RJXKHBTYHGBOKV,10.62940/als.v12i1.3214,Lippia javanica_RJXKHBTYHGBOKV
8006,lippia javanica (burm. f,campesterol,Lippia javanica,Lippia javanica (Burm.f.) Spreng.,SGNBVLSWZMBQTH,10.62940/als.v12i1.3214,Lippia javanica_SGNBVLSWZMBQTH
8007,lippia javanica (burm. f,nonanal,Lippia javanica,Lippia javanica (Burm.f.) Spreng.,GYHFUZHODSMOHU,10.62940/als.v12i1.3214,Lippia javanica_GYHFUZHODSMOHU
8008,lippia javanica (burm. f,sitosterol,Lippia javanica,Lippia javanica (Burm.f.) Spreng.,KZJWDPNRJALLNS,10.62940/als.v12i1.3214,Lippia javanica_KZJWDPNRJALLNS
8009,lippia javanica (burm. f,aromadendrene oxide,Lippia javanica,Lippia javanica (Burm.f.) Spreng.,XPGWKKLDFXNBPJ,10.62940/als.v12i1.3214,Lippia javanica_XPGWKKLDFXNBPJ
8010,lippia javanica (burm. f,xanthine,Lippia javanica,Lippia javanica (Burm.f.) Spreng.,LRFVTYWOQMYALW,10.62940/als.v12i1.3214,Lippia javanica_LRFVTYWOQMYALW
8014,lippia javanica (burm. f,cirsimaritin,Lippia javanica,Lippia javanica (Burm.f.) Spreng.,ZIIAJIWLQUVGHB,10.62940/als.v12i1.3214,Lippia javanica_ZIIAJIWLQUVGHB
8015,lippia javanica (burm. f,icterogenin,Lippia javanica,Lippia javanica (Burm.f.) Spreng.,NZQARWYKOBSGNY,10.62940/als.v12i1.3214,Lippia javanica_NZQARWYKOBSGNY
8016,lippia javanica (burm. f,ipsenone,Lippia javanica,Lippia javanica (Burm.f.) Spreng.,IAUTWQNZPYUFQE,10.62940/als.v12i1.3214,Lippia javanica_IAUTWQNZPYUFQE
8018,lippia javanica (burm. f,epi-bicyclosesquiphellandrene,Lippia javanica,Lippia javanica (Burm.f.) Spreng.,RNDFUOKDULDZPR,10.62940/als.v12i1.3214,Lippia javanica_RNDFUOKDULDZPR
8019,lippia javanica (burm. f,"p-mentha-1(7),8-diene",Lippia javanica,Lippia javanica (Burm.f.) Spreng.,GOQRXDTWKVYHJH,10.62940/als.v12i1.3214,Lippia javanica_GOQRXDTWKVYHJH
8020,lippia javanica (burm. f,hoslunddiol,Lippia javanica,Lippia javanica (Burm.f.) Spreng.,URTJMLCOGKHVDK,10.62940/als.v12i1.3214,Lippia javanica_URTJMLCOGKHVDK
8022,lippia javanica (burm. f,mesityl oxide,Lippia javanica,Lippia javanica (Burm.f.) Spreng.,SHOJXDKTYKFBRD,10.62940/als.v12i1.3214,Lippia javanica_SHOJXDKTYKFBRD
8023,lippia javanica (burm. f,3-carene,Lippia javanica,Lippia javanica (Burm.f.) Spreng.,BQOFWKZOCNGFEC,10.62940/als.v12i1.3214,Lippia javanica_BQOFWKZOCNGFEC
8024,lippia javanica (burm. f,syringic acid,Lippia javanica,Lippia javanica (Burm.f.) Spreng.,JMSVCTWVEWCHDZ,10.62940/als.v12i1.3214,Lippia javanica_JMSVCTWVEWCHDZ
8025,lippia javanica (burm. f,thujone,Lippia javanica,Lippia javanica (Burm.f.) Spreng.,USMNOWBWPHYOEA,10.62940/als.v12i1.3214,Lippia javanica_USMNOWBWPHYOEA
8026,lippia javanica (burm. f,cis-p-coumaric acid,Lippia javanica,Lippia javanica (Burm.f.) Spreng.,NGSWKAQJJWESNS,10.62940/als.v12i1.3214,Lippia javanica_NGSWKAQJJWESNS
8027,lippia javanica (burm. f,cyclohexyldichlorophosphine,Lippia javanica,Lippia javanica (Burm.f.) Spreng.,MJEQIIGWDHUZJW,10.62940/als.v12i1.3214,Lippia javanica_MJEQIIGWDHUZJW
8028,lippia javanica (burm. f,germacrene d,Lippia javanica,Lippia javanica (Burm.f.) Spreng.,GAIBLDCXCZKKJE,10.62940/als.v12i1.3214,Lippia javanica_GAIBLDCXCZKKJE
8030,lippia javanica (burm. f,syringaldehyde,Lippia javanica,Lippia javanica (Burm.f.) Spreng.,KCDXJAYRVLXPFO,10.62940/als.v12i1.3214,Lippia javanica_KCDXJAYRVLXPFO
8031,lippia javanica (burm. f,tricin,Lippia javanica,Lippia javanica (Burm.f.) Spreng.,HRGUSFBJBOKSML,10.62940/als.v12i1.3214,Lippia javanica_HRGUSFBJBOKSML
8032,lippia javanica (burm. f,chrysoeriol,Lippia javanica,Lippia javanica (Burm.f.) Spreng.,SCZVLDHREVKTSH,10.62940/als.v12i1.3214,Lippia javanica_SCZVLDHREVKTSH
8033,lippia javanica (burm. f,4-isopropenyltoluene,Lippia javanica,Lippia javanica (Burm.f.) Spreng.,WAEOXIOXMKNFLQ,10.62940/als.v12i1.3214,Lippia javanica_WAEOXIOXMKNFLQ
8034,lippia javanica (burm. f,protocatechuic acid,Lippia javanica,Lippia javanica (Burm.f.) Spreng.,YQUVCSBJEUQKSH,10.62940/als.v12i1.3214,Lippia javanica_YQUVCSBJEUQKSH
8035,lippia javanica (burm. f,t-cadinol,Lippia javanica,Lippia javanica (Burm.f.) Spreng.,LHYHMMRYTDARSZ,10.62940/als.v12i1.3214,Lippia javanica_LHYHMMRYTDARSZ
8036,lippia javanica (burm. f,3-tetradecen-5-yne,Lippia javanica,Lippia javanica (Burm.f.) Spreng.,WUQYQRGBUVKLJX,10.62940/als.v12i1.3214,Lippia javanica_WUQYQRGBUVKLJX
8039,lippia javanica (burm. f,myrcene,Lippia javanica,Lippia javanica (Burm.f.) Spreng.,UAHWPYUMFXYFJY,10.62940/als.v12i1.3214,Lippia javanica_UAHWPYUMFXYFJY
8040,lippia javanica (burm. f,hydrogen cyanide,Lippia javanica,Lippia javanica (Burm.f.) Spreng.,LELOWRISYMNNSU,10.62940/als.v12i1.3214,Lippia javanica_LELOWRISYMNNSU
8041,lippia javanica (burm. f,diosmetin,Lippia javanica,Lippia javanica (Burm.f.) Spreng.,MBNGWHIJMBWFHU,10.62940/als.v12i1.3214,Lippia javanica_MBNGWHIJMBWFHU
8042,lippia javanica (burm. f,nerolidol,Lippia javanica,Lippia javanica (Burm.f.) Spreng.,FQTLCLSUCSAZDY,10.62940/als.v12i1.3214,Lippia javanica_FQTLCLSUCSAZDY
8044,lippia javanica (burm. f,serpentine,Lippia javanica,Lippia javanica (Burm.f.) Spreng.,WYTGDNHDOZPMIW,10.62940/als.v12i1.3214,Lippia javanica_WYTGDNHDOZPMIW
8045,lippia javanica (burm. f,α-thujone,Lippia javanica,Lippia javanica (Burm.f.) Spreng.,USMNOWBWPHYOEA,10.62940/als.v12i1.3214,Lippia javanica_USMNOWBWPHYOEA
8047,lippia javanica (burm. f,5-demethylnobiletin,Lippia javanica,Lippia javanica (Burm.f.) Spreng.,DOFJNFPSMUCECH,10.62940/als.v12i1.3214,Lippia javanica_DOFJNFPSMUCECH
8048,lippia javanica (burm. f,4-cyclopropylcyclohexane,Lippia javanica,Lippia javanica (Burm.f.) Spreng.,WVCCJPYDXBIIIJ,10.62940/als.v12i1.3214,Lippia javanica_WVCCJPYDXBIIIJ
8049,lippia javanica (burm. f,vanillic acid,Lippia javanica,Lippia javanica (Burm.f.) Spreng.,WKOLLVMJNQIZCI,10.62940/als.v12i1.3214,Lippia javanica_WKOLLVMJNQIZCI
8051,lippia javanica (burm. f,isoverbascoside,Lippia javanica,Lippia javanica (Burm.f.) Spreng.,FNMHEHXNBNCPCI,10.62940/als.v12i1.3214,Lippia javanica_FNMHEHXNBNCPCI
8052,lippia javanica (burm. f,ellagic acid,Lippia javanica,Lippia javanica (Burm.f.) Spreng.,AFSDNFLWKVMVRB,10.62940/als.v12i1.3214,Lippia javanica_AFSDNFLWKVMVRB
8055,lippia javanica (burm. f,cis-sabinene hydrate,Lippia javanica,Lippia javanica (Burm.f.) Spreng.,KXSDPILWMGFJMM,10.62940/als.v12i1.3214,Lippia javanica_KXSDPILWMGFJMM
8057,lippia javanica (burm. f,choline,Lippia javanica,Lippia javanica (Burm.f.) Spreng.,OEYIOHPDSNJKLS,10.62940/als.v12i1.3214,Lippia javanica_OEYIOHPDSNJKLS
8058,lippia javanica (burm. f,geranial,Lippia javanica,Lippia javanica (Burm.f.) Spreng.,WTEVQBCEXWBHNA,10.62940/als.v12i1.3214,Lippia javanica_WTEVQBCEXWBHNA
8059,lippia javanica (burm. f,4-ethylnonacosane,Lippia javanica,Lippia javanica (Burm.f.) Spreng.,TYAVUUYSDQWOKT,10.62940/als.v12i1.3214,Lippia javanica_TYAVUUYSDQWOKT
8060,lippia javanica (burm. f,verbascoside,Lippia javanica,Lippia javanica (Burm.f.) Spreng.,FBSKJMQYURKNSU,10.62940/als.v12i1.3214,Lippia javanica_FBSKJMQYURKNSU
8061,astragalus membranaceus (fisch.) bunge,copper,Astragalus mongholicus,Astragalus mongholicus Bunge,RYGMFSIKBFXOCR,10.3389/fphar.2023.1242318,Astragalus mongholicus_RYGMFSIKBFXOCR
8062,astragalus membranaceus (fisch.) bunge,zinc,Astragalus mongholicus,Astragalus mongholicus Bunge,HCHKCACWOHOZIP,10.3389/fphar.2023.1242318,Astragalus mongholicus_HCHKCACWOHOZIP
8063,astragalus membranaceus (fisch.) bunge,cesium,Astragalus mongholicus,Astragalus mongholicus Bunge,TVFDJXOCXUVLDH,10.3389/fphar.2023.1242318,Astragalus mongholicus_TVFDJXOCXUVLDH
8064,astragalus membranaceus (fisch.) bunge,cobalt,Astragalus mongholicus,Astragalus mongholicus Bunge,GUTLYIVDDKVIGB,10.3389/fphar.2023.1242318,Astragalus mongholicus_GUTLYIVDDKVIGB
8065,astragalus membranaceus (fisch.) bunge,chloric acid,Astragalus mongholicus,Astragalus mongholicus Bunge,XTEGARKTQYYJKE,10.3389/fphar.2023.1242318,Astragalus mongholicus_XTEGARKTQYYJKE
8066,astragalus membranaceus (fisch.) bunge,aspartic acid,Astragalus mongholicus,Astragalus mongholicus Bunge,CKLJMWTZIZZHCS,10.3389/fphar.2023.1242318,Astragalus mongholicus_CKLJMWTZIZZHCS
8067,astragalus membranaceus (fisch.) bunge,glucose,Astragalus mongholicus,Astragalus mongholicus Bunge,WQZGKKKJIJFFOK,10.3389/fphar.2023.1242318,Astragalus mongholicus_WQZGKKKJIJFFOK
8069,astragalus membranaceus (fisch.) bunge,aluminum,Astragalus mongholicus,Astragalus mongholicus Bunge,XAGFODPZIPBFFR,10.3389/fphar.2023.1242318,Astragalus mongholicus_XAGFODPZIPBFFR
8070,astragalus membranaceus (fisch.) bunge,palmitic acid,Astragalus mongholicus,Astragalus mongholicus Bunge,IPCSVZSSVZVIGE,10.3389/fphar.2023.1242318,Astragalus mongholicus_IPCSVZSSVZVIGE
8073,astragalus membranaceus (fisch.) bunge,rubidium,Astragalus mongholicus,Astragalus mongholicus Bunge,IGLNJRXAVVLDKE,10.3389/fphar.2023.1242318,Astragalus mongholicus_IGLNJRXAVVLDKE
8074,astragalus membranaceus (fisch.) bunge,molybdenum,Astragalus mongholicus,Astragalus mongholicus Bunge,ZOKXTWBITQBERF,10.3389/fphar.2023.1242318,Astragalus mongholicus_ZOKXTWBITQBERF
8075,astragalus membranaceus (fisch.) bunge,scandium,Astragalus mongholicus,Astragalus mongholicus Bunge,SIXSYDAISGFNSX,10.3389/fphar.2023.1242318,Astragalus mongholicus_SIXSYDAISGFNSX
8077,astragalus membranaceus (fisch.) bunge,folic acid,Astragalus mongholicus,Astragalus mongholicus Bunge,OVBPIULPVIDEAO,10.3389/fphar.2023.1242318,Astragalus mongholicus_OVBPIULPVIDEAO
8078,astragalus membranaceus (fisch.) bunge,selenium,Astragalus mongholicus,Astragalus mongholicus Bunge,BUGBHKTXTAQXES,10.3389/fphar.2023.1242318,Astragalus mongholicus_BUGBHKTXTAQXES
8081,astragalus membranaceus (fisch.) bunge,chromium,Astragalus mongholicus,Astragalus mongholicus Bunge,VYZAMTAEIAYCRO,10.3389/fphar.2023.1242318,Astragalus mongholicus_VYZAMTAEIAYCRO
8082,astragalus membranaceus (fisch.) bunge,asparagine,Astragalus mongholicus,Astragalus mongholicus Bunge,DCXYFEDJOCDNAF,10.3389/fphar.2023.1242318,Astragalus mongholicus_DCXYFEDJOCDNAF
8084,astragalus membranaceus (fisch.) bunge,iron,Astragalus mongholicus,Astragalus mongholicus Bunge,XEEYBQQBJWHFJM,10.3389/fphar.2023.1242318,Astragalus mongholicus_XEEYBQQBJWHFJM
8085,astragalus membranaceus (fisch.) bunge,arginine,Astragalus mongholicus,Astragalus mongholicus Bunge,ODKSFYDXXFIFQN,10.3389/fphar.2023.1242318,Astragalus mongholicus_ODKSFYDXXFIFQN
8086,astragalus membranaceus (fisch.) bunge,xylose,Astragalus mongholicus,Astragalus mongholicus Bunge,SRBFZHDQGSBBOR,10.3389/fphar.2023.1242318,Astragalus mongholicus_SRBFZHDQGSBBOR
8087,astragalus membranaceus (fisch.) bunge,mannose,Astragalus mongholicus,Astragalus mongholicus Bunge,WQZGKKKJIJFFOK,10.3389/fphar.2023.1242318,Astragalus mongholicus_WQZGKKKJIJFFOK
8089,astragalus membranaceus (fisch.) bunge,galactose,Astragalus mongholicus,Astragalus mongholicus Bunge,WQZGKKKJIJFFOK,10.3389/fphar.2023.1242318,Astragalus mongholicus_WQZGKKKJIJFFOK
8090,astragalus membranaceus (fisch.) bunge,betaine,Astragalus mongholicus,Astragalus mongholicus Bunge,KWIUHFFTVRNATP,10.3389/fphar.2023.1242318,Astragalus mongholicus_KWIUHFFTVRNATP
8092,astragalus membranaceus (fisch.) bunge,linoleic acid,Astragalus mongholicus,Astragalus mongholicus Bunge,OYHQOLUKZRVURQ,10.3389/fphar.2023.1242318,Astragalus mongholicus_OYHQOLUKZRVURQ
8093,astragalus membranaceus (fisch.) bunge,manganese,Astragalus mongholicus,Astragalus mongholicus Bunge,PWHULOQIROXLJO,10.3389/fphar.2023.1242318,Astragalus mongholicus_PWHULOQIROXLJO
8094,astragalus membranaceus (fisch.) bunge,choline,Astragalus mongholicus,Astragalus mongholicus Bunge,OEYIOHPDSNJKLS,10.3389/fphar.2023.1242318,Astragalus mongholicus_OEYIOHPDSNJKLS
8095,astragalus membranaceus (fisch.) bunge,rhamnose,Astragalus mongholicus,Astragalus mongholicus Bunge,SHZGCJCMOBCMKK,10.3389/fphar.2023.1242318,Astragalus mongholicus_SHZGCJCMOBCMKK
8096,astragalus membranaceus (fisch.) bunge,coumarin,Astragalus mongholicus,Astragalus mongholicus Bunge,ZYGHJZDHTFUPRJ,10.3389/fphar.2023.1242318,Astragalus mongholicus_ZYGHJZDHTFUPRJ
8097,astragalus membranaceus (fisch.) bunge,hydroxyphenyl acrylic acid,Astragalus mongholicus,Astragalus mongholicus Bunge,NVMKRLZSODWEKS,10.3389/fphar.2023.1242318,Astragalus mongholicus_NVMKRLZSODWEKS
8098,astragalus membranaceus (fisch.) bunge,isoferulic acid,Astragalus mongholicus,Astragalus mongholicus Bunge,QURCVMIEKCOAJU,10.3389/fphar.2023.1242318,Astragalus mongholicus_QURCVMIEKCOAJU
8099,astragalus membranaceus (fisch.) bunge,proline,Astragalus mongholicus,Astragalus mongholicus Bunge,ONIBWKKTOPOVIA,10.3389/fphar.2023.1242318,Astragalus mongholicus_ONIBWKKTOPOVIA
8102,astragalus membranaceus (fisch.) bunge,alanine,Astragalus mongholicus,Astragalus mongholicus Bunge,QNAYBMKLOCPYGJ,10.3389/fphar.2023.1242318,Astragalus mongholicus_QNAYBMKLOCPYGJ
8103,astragalus mongholicus,copper,Astragalus mongholicus,Astragalus mongholicus Bunge,RYGMFSIKBFXOCR,10.3389/fphar.2023.1242318,Astragalus mongholicus_RYGMFSIKBFXOCR
8104,astragalus mongholicus,zinc,Astragalus mongholicus,Astragalus mongholicus Bunge,HCHKCACWOHOZIP,10.3389/fphar.2023.1242318,Astragalus mongholicus_HCHKCACWOHOZIP
8105,astragalus mongholicus,cesium,Astragalus mongholicus,Astragalus mongholicus Bunge,TVFDJXOCXUVLDH,10.3389/fphar.2023.1242318,Astragalus mongholicus_TVFDJXOCXUVLDH
8106,astragalus mongholicus,cobalt,Astragalus mongholicus,Astragalus mongholicus Bunge,GUTLYIVDDKVIGB,10.3389/fphar.2023.1242318,Astragalus mongholicus_GUTLYIVDDKVIGB
8107,astragalus mongholicus,chloric acid,Astragalus mongholicus,Astragalus mongholicus Bunge,XTEGARKTQYYJKE,10.3389/fphar.2023.1242318,Astragalus mongholicus_XTEGARKTQYYJKE
8108,astragalus mongholicus,aspartic acid,Astragalus mongholicus,Astragalus mongholicus Bunge,CKLJMWTZIZZHCS,10.3389/fphar.2023.1242318,Astragalus mongholicus_CKLJMWTZIZZHCS
8109,astragalus mongholicus,glucose,Astragalus mongholicus,Astragalus mongholicus Bunge,WQZGKKKJIJFFOK,10.3389/fphar.2023.1242318,Astragalus mongholicus_WQZGKKKJIJFFOK
8111,astragalus mongholicus,aluminum,Astragalus mongholicus,Astragalus mongholicus Bunge,XAGFODPZIPBFFR,10.3389/fphar.2023.1242318,Astragalus mongholicus_XAGFODPZIPBFFR
8112,astragalus mongholicus,palmitic acid,Astragalus mongholicus,Astragalus mongholicus Bunge,IPCSVZSSVZVIGE,10.3389/fphar.2023.1242318,Astragalus mongholicus_IPCSVZSSVZVIGE
8115,astragalus mongholicus,rubidium,Astragalus mongholicus,Astragalus mongholicus Bunge,IGLNJRXAVVLDKE,10.3389/fphar.2023.1242318,Astragalus mongholicus_IGLNJRXAVVLDKE
8116,astragalus mongholicus,molybdenum,Astragalus mongholicus,Astragalus mongholicus Bunge,ZOKXTWBITQBERF,10.3389/fphar.2023.1242318,Astragalus mongholicus_ZOKXTWBITQBERF
8117,astragalus mongholicus,scandium,Astragalus mongholicus,Astragalus mongholicus Bunge,SIXSYDAISGFNSX,10.3389/fphar.2023.1242318,Astragalus mongholicus_SIXSYDAISGFNSX
8119,astragalus mongholicus,folic acid,Astragalus mongholicus,Astragalus mongholicus Bunge,OVBPIULPVIDEAO,10.3389/fphar.2023.1242318,Astragalus mongholicus_OVBPIULPVIDEAO
8120,astragalus mongholicus,selenium,Astragalus mongholicus,Astragalus mongholicus Bunge,BUGBHKTXTAQXES,10.3389/fphar.2023.1242318,Astragalus mongholicus_BUGBHKTXTAQXES
8123,astragalus mongholicus,chromium,Astragalus mongholicus,Astragalus mongholicus Bunge,VYZAMTAEIAYCRO,10.3389/fphar.2023.1242318,Astragalus mongholicus_VYZAMTAEIAYCRO
8124,astragalus mongholicus,asparagine,Astragalus mongholicus,Astragalus mongholicus Bunge,DCXYFEDJOCDNAF,10.3389/fphar.2023.1242318,Astragalus mongholicus_DCXYFEDJOCDNAF
8126,astragalus mongholicus,iron,Astragalus mongholicus,Astragalus mongholicus Bunge,XEEYBQQBJWHFJM,10.3389/fphar.2023.1242318,Astragalus mongholicus_XEEYBQQBJWHFJM
8127,astragalus mongholicus,arginine,Astragalus mongholicus,Astragalus mongholicus Bunge,ODKSFYDXXFIFQN,10.3389/fphar.2023.1242318,Astragalus mongholicus_ODKSFYDXXFIFQN
8128,astragalus mongholicus,xylose,Astragalus mongholicus,Astragalus mongholicus Bunge,SRBFZHDQGSBBOR,10.3389/fphar.2023.1242318,Astragalus mongholicus_SRBFZHDQGSBBOR
8129,astragalus mongholicus,mannose,Astragalus mongholicus,Astragalus mongholicus Bunge,WQZGKKKJIJFFOK,10.3389/fphar.2023.1242318,Astragalus mongholicus_WQZGKKKJIJFFOK
8131,astragalus mongholicus,galactose,Astragalus mongholicus,Astragalus mongholicus Bunge,WQZGKKKJIJFFOK,10.3389/fphar.2023.1242318,Astragalus mongholicus_WQZGKKKJIJFFOK
8132,astragalus mongholicus,betaine,Astragalus mongholicus,Astragalus mongholicus Bunge,KWIUHFFTVRNATP,10.3389/fphar.2023.1242318,Astragalus mongholicus_KWIUHFFTVRNATP
8134,astragalus mongholicus,linoleic acid,Astragalus mongholicus,Astragalus mongholicus Bunge,OYHQOLUKZRVURQ,10.3389/fphar.2023.1242318,Astragalus mongholicus_OYHQOLUKZRVURQ
8135,astragalus mongholicus,manganese,Astragalus mongholicus,Astragalus mongholicus Bunge,PWHULOQIROXLJO,10.3389/fphar.2023.1242318,Astragalus mongholicus_PWHULOQIROXLJO
8136,astragalus mongholicus,choline,Astragalus mongholicus,Astragalus mongholicus Bunge,OEYIOHPDSNJKLS,10.3389/fphar.2023.1242318,Astragalus mongholicus_OEYIOHPDSNJKLS
8137,astragalus mongholicus,rhamnose,Astragalus mongholicus,Astragalus mongholicus Bunge,SHZGCJCMOBCMKK,10.3389/fphar.2023.1242318,Astragalus mongholicus_SHZGCJCMOBCMKK
8138,astragalus mongholicus,coumarin,Astragalus mongholicus,Astragalus mongholicus Bunge,ZYGHJZDHTFUPRJ,10.3389/fphar.2023.1242318,Astragalus mongholicus_ZYGHJZDHTFUPRJ
8139,astragalus mongholicus,hydroxyphenyl acrylic acid,Astragalus mongholicus,Astragalus mongholicus Bunge,NVMKRLZSODWEKS,10.3389/fphar.2023.1242318,Astragalus mongholicus_NVMKRLZSODWEKS
8140,astragalus mongholicus,isoferulic acid,Astragalus mongholicus,Astragalus mongholicus Bunge,QURCVMIEKCOAJU,10.3389/fphar.2023.1242318,Astragalus mongholicus_QURCVMIEKCOAJU
8141,astragalus mongholicus,proline,Astragalus mongholicus,Astragalus mongholicus Bunge,ONIBWKKTOPOVIA,10.3389/fphar.2023.1242318,Astragalus mongholicus_ONIBWKKTOPOVIA
8144,astragalus mongholicus,alanine,Astragalus mongholicus,Astragalus mongholicus Bunge,QNAYBMKLOCPYGJ,10.3389/fphar.2023.1242318,Astragalus mongholicus_QNAYBMKLOCPYGJ
8145,rumex acetosa l,lutein,Rumex acetosa,Rumex acetosa L.,KBPHJBAIARWVSC,10.14393/bj-v35n3a2019-41890,Rumex acetosa_KBPHJBAIARWVSC
8146,rumex acetosa l,carotenoids,Rumex acetosa,Rumex acetosa L.,FLFJZZNKVVNCFQ,10.14393/bj-v35n3a2019-41890,Rumex acetosa_FLFJZZNKVVNCFQ
8148,rumex acetosa l,β-carotene,Rumex acetosa,Rumex acetosa L.,OENHQHLEOONYIE,10.14393/bj-v35n3a2019-41890,Rumex acetosa_OENHQHLEOONYIE
8149,rumex acetosa l,neoxanthin,Rumex acetosa,Rumex acetosa L.,PGYAYSRVSAJXTE,10.14393/bj-v35n3a2019-41890,Rumex acetosa_PGYAYSRVSAJXTE
8150,plectranthus ecklonii benth,isovitexin,Plectranthus ecklonii,Plectranthus ecklonii Benth.,MYXNWGACZJSMBT,10.3389/fphar.2021.768268,Plectranthus ecklonii_MYXNWGACZJSMBT
8152,plectranthus ecklonii benth,cirsiliol,Plectranthus ecklonii,Plectranthus ecklonii Benth.,IMEYGBIXGJLUIS,10.3389/fphar.2021.768268,Plectranthus ecklonii_IMEYGBIXGJLUIS
8153,plectranthus ecklonii benth,apigetrin,Plectranthus ecklonii,Plectranthus ecklonii Benth.,KMOUJOKENFFTPU,10.3389/fphar.2021.768268,Plectranthus ecklonii_KMOUJOKENFFTPU
8154,plectranthus ecklonii benth,rosmarinic acid,Plectranthus ecklonii,Plectranthus ecklonii Benth.,DOUMFZQKYFQNTF,10.3389/fphar.2021.768268,Plectranthus ecklonii_DOUMFZQKYFQNTF
8155,plectranthus ecklonii benth,oleanolic acid,Plectranthus ecklonii,Plectranthus ecklonii Benth.,MIJYXULNPSFWEK,10.3389/fphar.2021.768268,Plectranthus ecklonii_MIJYXULNPSFWEK
8156,plectranthus ecklonii benth,salvigenin,Plectranthus ecklonii,Plectranthus ecklonii Benth.,QCDYOIZVELGOLZ,10.3389/fphar.2021.768268,Plectranthus ecklonii_QCDYOIZVELGOLZ
8158,plectranthus ecklonii benth,stigmasterol,Plectranthus ecklonii,Plectranthus ecklonii Benth.,HCXVJBMSMIARIN,10.3389/fphar.2021.768268,Plectranthus ecklonii_HCXVJBMSMIARIN
8159,plectranthus ecklonii benth,cynaroside,Plectranthus ecklonii,Plectranthus ecklonii Benth.,PEFNSGRTCBGNAN,10.3389/fphar.2021.768268,Plectranthus ecklonii_PEFNSGRTCBGNAN
8160,plectranthus ecklonii benth,ursolic acid,Plectranthus ecklonii,Plectranthus ecklonii Benth.,WCGUUGGRBIKTOS,10.3389/fphar.2021.768268,Plectranthus ecklonii_WCGUUGGRBIKTOS
8161,plectranthus ecklonii benth,β-sitosterol,Plectranthus ecklonii,Plectranthus ecklonii Benth.,KZJWDPNRJALLNS,10.3389/fphar.2021.768268,Plectranthus ecklonii_KZJWDPNRJALLNS
8162,plectranthus ecklonii benth,ladanein,Plectranthus ecklonii,Plectranthus ecklonii Benth.,UUQJTIHOVGMQIH,10.3389/fphar.2021.768268,Plectranthus ecklonii_UUQJTIHOVGMQIH
8163,plectranthus ecklonii benth,genkwanin,Plectranthus ecklonii,Plectranthus ecklonii Benth.,JPMYFOBNRRGFNO,10.3389/fphar.2021.768268,Plectranthus ecklonii_JPMYFOBNRRGFNO
8164,plectranthus ecklonii benth,apigenin,Plectranthus ecklonii,Plectranthus ecklonii Benth.,KZNIFHPLKGYRTM,10.3389/fphar.2021.768268,Plectranthus ecklonii_KZNIFHPLKGYRTM
8166,plectranthus ecklonii benth,chlorogenic acid,Plectranthus ecklonii,Plectranthus ecklonii Benth.,CWVRJTMFETXNAD,10.3389/fphar.2021.768268,Plectranthus ecklonii_CWVRJTMFETXNAD
8167,plectranthus ecklonii benth,parviflorone d,Plectranthus ecklonii,Plectranthus ecklonii Benth.,SYLIIAGUDJOQLG,10.3389/fphar.2021.768268,Plectranthus ecklonii_SYLIIAGUDJOQLG
8168,plectranthus ecklonii benth,vitexin,Plectranthus ecklonii,Plectranthus ecklonii Benth.,SGEWCQFRYRRZDC,10.3389/fphar.2021.768268,Plectranthus ecklonii_SGEWCQFRYRRZDC
8170,plectranthus ecklonii benth,caffeic acid,Plectranthus ecklonii,Plectranthus ecklonii Benth.,QAIPRVGONGVQAS,10.3389/fphar.2021.768268,Plectranthus ecklonii_QAIPRVGONGVQAS
8171,boehmeria virgata (frost.) guill,tannin,Boehmeria virgata,Boehmeria virgata (G.Forst.) Guill.,LRBQNJMCXXYXIU,10.4308/hjb.31.3.457-464,Boehmeria virgata_LRBQNJMCXXYXIU
8172,boehmeria virgata (frost.) guill,quinone,Boehmeria virgata,Boehmeria virgata (G.Forst.) Guill.,AZQWKYJCGOJGHM,10.4308/hjb.31.3.457-464,Boehmeria virgata_AZQWKYJCGOJGHM
8173,boehmeria virgata (frost.) guill,"3,4-dicaffeoylquinic acid",Boehmeria virgata,Boehmeria virgata (G.Forst.) Guill.,UFCLZKMFXSILNL,10.4308/hjb.31.3.457-464,Boehmeria virgata_UFCLZKMFXSILNL
8174,boehmeria virgata (frost.) guill,coumarin,Boehmeria virgata,Boehmeria virgata (G.Forst.) Guill.,ZYGHJZDHTFUPRJ,10.4308/hjb.31.3.457-464,Boehmeria virgata_ZYGHJZDHTFUPRJ
8175,boehmeria virgata (frost.) guill,saponin,Boehmeria virgata,Boehmeria virgata (G.Forst.) Guill.,MAEBCGDGGATMSC,10.4308/hjb.31.3.457-464,Boehmeria virgata_MAEBCGDGGATMSC
8176,boehmeria virgata (frost.) guill,"4,5-dicaffeoylquinic acid",Boehmeria virgata,Boehmeria virgata (G.Forst.) Guill.,UFCLZKMFXSILNL,10.4308/hjb.31.3.457-464,Boehmeria virgata_UFCLZKMFXSILNL
8177,eugenia pyriformis,terpinen-4-ol,Eugenia pyriformis,Eugenia pyriformis Cambess.,WRYLYDPHFGVWKC,10.29327/269504.3.1-29,Eugenia pyriformis_WRYLYDPHFGVWKC
8178,eugenia pyriformis,rutina,Eugenia pyriformis,Eugenia pyriformis Cambess.,IKGXIBQEEMLURG,10.29327/269504.3.1-29,Eugenia pyriformis_IKGXIBQEEMLURG
8179,eugenia pyriformis,α-cadinol,Eugenia pyriformis,Eugenia pyriformis Cambess.,LHYHMMRYTDARSZ,10.29327/269504.3.1-29,Eugenia pyriformis_LHYHMMRYTDARSZ
8180,eugenia pyriformis,α-terpineol,Eugenia pyriformis,Eugenia pyriformis Cambess.,WUOACPNHFRMFPN,10.29327/269504.3.1-29,Eugenia pyriformis_WUOACPNHFRMFPN
8183,ocimum americanum,"1,8 cineole",Ocimum americanum,Ocimum americanum L.,WEEGYLXZBRQIMU,10.31878/ijcrpp.2021.52.01,Ocimum americanum_WEEGYLXZBRQIMU
8184,ocimum americanum,β-bisabolene,Ocimum americanum,Ocimum americanum L.,XZRVRYFILCSYSP,10.31878/ijcrpp.2021.52.01,Ocimum americanum_XZRVRYFILCSYSP
8185,ocimum americanum,fenchone,Ocimum americanum,Ocimum americanum L.,LHXDLQBQYFFVNW,10.31878/ijcrpp.2021.52.01,Ocimum americanum_LHXDLQBQYFFVNW
8189,ocimum americanum,cis-piperitol,Ocimum americanum,Ocimum americanum L.,HPOHAUWWDDPHRS,10.31878/ijcrpp.2021.52.01,Ocimum americanum_HPOHAUWWDDPHRS
8194,ocimum americanum,α-terpineol,Ocimum americanum,Ocimum americanum L.,WUOACPNHFRMFPN,10.31878/ijcrpp.2021.52.01,Ocimum americanum_WUOACPNHFRMFPN
8198,ocimum americanum,linalool oxide,Ocimum americanum,Ocimum americanum L.,BRHDDEIRQPDPMG,10.31878/ijcrpp.2021.52.01,Ocimum americanum_BRHDDEIRQPDPMG
8201,ocimum basilicum,phenylethanolamine,Ocimum basilicum,Ocimum basilicum L.,ULSIYEODSMZIPX,10.31878/ijcrpp.2021.52.01,Ocimum basilicum_ULSIYEODSMZIPX
8202,ocimum basilicum,methyl ethyl cyclopentene,Ocimum basilicum,Ocimum basilicum L.,MMYZGQDXYZNAQW,10.31878/ijcrpp.2021.52.01,Ocimum basilicum_MMYZGQDXYZNAQW
8203,ocimum basilicum,n-cyano-3-methylbut-2-enamine,Ocimum basilicum,Ocimum basilicum L.,JEFNXDAURGQVPC,10.31878/ijcrpp.2021.52.01,Ocimum basilicum_JEFNXDAURGQVPC
8207,ocimum basilicum,"formic acid, cyclohexyl ester",Ocimum basilicum,Ocimum basilicum L.,VUXKVKAHWOVIDN,10.31878/ijcrpp.2021.52.01,Ocimum basilicum_VUXKVKAHWOVIDN
8209,ocimum basilicum,"cis-7,10,13,16-docosatetraenoic acid, methyl ester",Ocimum basilicum,Ocimum basilicum L.,ABGHYAFHPINIHF,10.31878/ijcrpp.2021.52.01,Ocimum basilicum_ABGHYAFHPINIHF
8211,ocimum basilicum,"4-hexen-1-ol, acetate",Ocimum basilicum,Ocimum basilicum L.,PEGXQQQLTCYZDF,10.31878/ijcrpp.2021.52.01,Ocimum basilicum_PEGXQQQLTCYZDF
8214,ocimum basilicum,3-methyl-2-phenylindole,Ocimum basilicum,Ocimum basilicum L.,KYAXCYQVBBQQHB,10.31878/ijcrpp.2021.52.01,Ocimum basilicum_KYAXCYQVBBQQHB
8216,ocimum basilicum,cis-linaloloxide,Ocimum basilicum,Ocimum basilicum L.,SATQWIIUJKWZNO,10.31878/ijcrpp.2021.52.01,Ocimum basilicum_SATQWIIUJKWZNO
8217,ocimum basilicum,neoisolongifolene,Ocimum basilicum,Ocimum basilicum L.,MKCBFAANQMBPNT,10.31878/ijcrpp.2021.52.01,Ocimum basilicum_MKCBFAANQMBPNT
8219,ocimum basilicum,n-benzyl-n-ethyl-p-isopropylbenzamide,Ocimum basilicum,Ocimum basilicum L.,ANXALGUNIZSJGI,10.31878/ijcrpp.2021.52.01,Ocimum basilicum_ANXALGUNIZSJGI
8223,ocimum basilicum,"cis-muurola-3,5-diene",Ocimum basilicum,Ocimum basilicum L.,JOCWPECWTZZSSX,10.31878/ijcrpp.2021.52.01,Ocimum basilicum_JOCWPECWTZZSSX
8225,ocimum gratissimum,pinene,Ocimum gratissimum,Ocimum gratissimum L.,NDUIFQPPDDOKRN,10.31878/ijcrpp.2021.52.01,Ocimum gratissimum_NDUIFQPPDDOKRN
8228,ocimum gratissimum,fenchone,Ocimum gratissimum,Ocimum gratissimum L.,LHXDLQBQYFFVNW,10.31878/ijcrpp.2021.52.01,Ocimum gratissimum_LHXDLQBQYFFVNW
8232,ocimum gratissimum,bisabolol,Ocimum gratissimum,Ocimum gratissimum L.,RGZSQWQPBWRIAQ,10.31878/ijcrpp.2021.52.01,Ocimum gratissimum_RGZSQWQPBWRIAQ
8233,ocimum gratissimum,cubenene,Ocimum gratissimum,Ocimum gratissimum L.,KWFAQPWLROZBAY,10.31878/ijcrpp.2021.52.01,Ocimum gratissimum_KWFAQPWLROZBAY
8234,ocimum gratissimum,methyl isoeugenol,Ocimum gratissimum,Ocimum gratissimum L.,NNWHUJCUHAELCL,10.31878/ijcrpp.2021.52.01,Ocimum gratissimum_NNWHUJCUHAELCL
8260,ocimum kilimandscharicum,"1,8-cineole",Ocimum kilimandscharicum,Ocimum kilimandscharicum Gürke,WEEGYLXZBRQIMU,10.31878/ijcrpp.2021.52.01,Ocimum kilimandscharicum_WEEGYLXZBRQIMU
8263,ocimum sanctum,"octadecane, 1,1-dimethoxy-",Ocimum tenuiflorum,Ocimum tenuiflorum L.,YDFMLZBWAXMUEX,10.31878/ijcrpp.2021.52.01,Ocimum tenuiflorum_YDFMLZBWAXMUEX
8264,ocimum sanctum,"pentanedinitrile, 2-methyl-",Ocimum tenuiflorum,Ocimum tenuiflorum L.,FPPLREPCQJZDAQ,10.31878/ijcrpp.2021.52.01,Ocimum tenuiflorum_FPPLREPCQJZDAQ
8266,ocimum sanctum,10-heptadecen-8-ynoic acid,Ocimum tenuiflorum,Ocimum tenuiflorum L.,LRDHPEKBQXDTLO,10.31878/ijcrpp.2021.52.01,Ocimum tenuiflorum_LRDHPEKBQXDTLO
8267,ocimum sanctum,"z,z-4,16-octadecadien-1-ol acetate",Ocimum tenuiflorum,Ocimum tenuiflorum L.,FKNXHPFWVGMRFH,10.31878/ijcrpp.2021.52.01,Ocimum tenuiflorum_FKNXHPFWVGMRFH
8268,ocimum sanctum,"cyclopentane, cyclopropylidene-",Ocimum tenuiflorum,Ocimum tenuiflorum L.,RNMCWBYPZNWMRF,10.31878/ijcrpp.2021.52.01,Ocimum tenuiflorum_RNMCWBYPZNWMRF
8269,ocimum sanctum,"3',8,8'-trimethoxy-3-piperidyl-2,2'-binaphthalene1,1',4,4'-tetrone",Ocimum tenuiflorum,Ocimum tenuiflorum L.,VBVNNFFFRPLPHF,10.31878/ijcrpp.2021.52.01,Ocimum tenuiflorum_VBVNNFFFRPLPHF
8271,ocimum sanctum,"cyclohexane, 1,2,4-triethenyl-",Ocimum tenuiflorum,Ocimum tenuiflorum L.,KTRQRAQRHBLCSQ,10.31878/ijcrpp.2021.52.01,Ocimum tenuiflorum_KTRQRAQRHBLCSQ
8272,curatella americana,lupeol,Curatella americana,Curatella americana L.,MQYXUWHLBZFQQO,10.29327/269504.3.1-28,Curatella americana_MQYXUWHLBZFQQO
8278,rehmannia solanifolia,catalpol,Rehmannia solanifolia,Rehmannia solanifolia P.C.Tsoong & T.L.Chin,LHDWRKICQLTVDL,10.1016/j.bse.2006.11.003,Rehmannia solanifolia_LHDWRKICQLTVDL
8279,rehmannia solanifolia,verbascoside,Rehmannia solanifolia,Rehmannia solanifolia P.C.Tsoong & T.L.Chin,FBSKJMQYURKNSU,10.1016/j.bse.2006.11.003,Rehmannia solanifolia_FBSKJMQYURKNSU
8280,rehmannia solanifolia,ajugol,Rehmannia solanifolia,Rehmannia solanifolia P.C.Tsoong & T.L.Chin,VELYAQRXBJLJAK,10.1016/j.bse.2006.11.003,Rehmannia solanifolia_VELYAQRXBJLJAK
8281,rehmannia piasezkii,catalpol,Rehmannia piasezkii,Rehmannia piasezkii Maxim.,LHDWRKICQLTVDL,10.1016/j.bse.2006.11.003,Rehmannia piasezkii_LHDWRKICQLTVDL
8282,rehmannia piasezkii,verbascoside,Rehmannia piasezkii,Rehmannia piasezkii Maxim.,FBSKJMQYURKNSU,10.1016/j.bse.2006.11.003,Rehmannia piasezkii_FBSKJMQYURKNSU
8283,rehmannia elata,catalpol,Rehmannia piasezkii,Rehmannia piasezkii Maxim.,LHDWRKICQLTVDL,10.1016/j.bse.2006.11.003,Rehmannia piasezkii_LHDWRKICQLTVDL
8284,rehmannia elata,verbascoside,Rehmannia piasezkii,Rehmannia piasezkii Maxim.,FBSKJMQYURKNSU,10.1016/j.bse.2006.11.003,Rehmannia piasezkii_FBSKJMQYURKNSU
8285,rehmannia elata,ajugol,Rehmannia piasezkii,Rehmannia piasezkii Maxim.,VELYAQRXBJLJAK,10.1016/j.bse.2006.11.003,Rehmannia piasezkii_VELYAQRXBJLJAK
8286,rehmannia chingii,catalpol,Rehmannia chingii,Rehmannia chingii H.L.Li,LHDWRKICQLTVDL,10.1016/j.bse.2006.11.003,Rehmannia chingii_LHDWRKICQLTVDL
8287,rehmannia chingii,verbascoside,Rehmannia chingii,Rehmannia chingii H.L.Li,FBSKJMQYURKNSU,10.1016/j.bse.2006.11.003,Rehmannia chingii_FBSKJMQYURKNSU
8288,rehmannia henryi,catalpol,Rehmannia henryi,Rehmannia henryi N.E.Br.,LHDWRKICQLTVDL,10.1016/j.bse.2006.11.003,Rehmannia henryi_LHDWRKICQLTVDL
8289,rehmannia henryi,verbascoside,Rehmannia henryi,Rehmannia henryi N.E.Br.,FBSKJMQYURKNSU,10.1016/j.bse.2006.11.003,Rehmannia henryi_FBSKJMQYURKNSU
8290,entandrophragma angolense (welw.) c.dc,palmitic acid,Entandrophragma angolense,Entandrophragma angolense (Welw.) C.DC.,IPCSVZSSVZVIGE,10.4314/njpr.v15i2.,Entandrophragma angolense_IPCSVZSSVZVIGE
8291,entandrophragma angolense (welw.) c.dc,linoleic acid,Entandrophragma angolense,Entandrophragma angolense (Welw.) C.DC.,OYHQOLUKZRVURQ,10.4314/njpr.v15i2.,Entandrophragma angolense_OYHQOLUKZRVURQ
8292,entandrophragma angolense (welw.) c.dc,arachidic acid,Entandrophragma angolense,Entandrophragma angolense (Welw.) C.DC.,VKOBVWXKNCXXDE,10.4314/njpr.v15i2.,Entandrophragma angolense_VKOBVWXKNCXXDE
8293,entandrophragma angolense (welw.) c.dc,palmitoleic acid,Entandrophragma angolense,Entandrophragma angolense (Welw.) C.DC.,SECPZKHBENQXJG,10.4314/njpr.v15i2.,Entandrophragma angolense_SECPZKHBENQXJG
8294,entandrophragma angolense (welw.) c.dc,oleic acid,Entandrophragma angolense,Entandrophragma angolense (Welw.) C.DC.,ZQPPMHVWECSIRJ,10.4314/njpr.v15i2.,Entandrophragma angolense_ZQPPMHVWECSIRJ
8295,entandrophragma angolense (welw.) c.dc,hexadecadienoic acid,Entandrophragma angolense,Entandrophragma angolense (Welw.) C.DC.,OOJGMLFHAQOYIL,10.4314/njpr.v15i2.,Entandrophragma angolense_OOJGMLFHAQOYIL
8297,entandrophragma angolense (welw.) c.dc,stearic acid,Entandrophragma angolense,Entandrophragma angolense (Welw.) C.DC.,QIQXTHQIDYTFRH,10.4314/njpr.v15i2.,Entandrophragma angolense_QIQXTHQIDYTFRH
8298,entandrophragma angolense (welw.) c.dc,vaccenic acid,Entandrophragma angolense,Entandrophragma angolense (Welw.) C.DC.,UWHZIFQPPBDJPM,10.4314/njpr.v15i2.,Entandrophragma angolense_UWHZIFQPPBDJPM
8299,acacia ataxacantha dc,7-hydroxy-2-methyl-6-[β-galactopyranosyl-propyl]-4h-chromen-4-one,Senegalia ataxacantha,Senegalia ataxacantha (DC.) Kyal. & Boatwr.,SWOXAOBDUVOMMD,10.4314/tjpr.v17i11.,Senegalia ataxacantha_SWOXAOBDUVOMMD
8300,acacia ataxacantha dc,lupeol,Senegalia ataxacantha,Senegalia ataxacantha (DC.) Kyal. & Boatwr.,MQYXUWHLBZFQQO,10.4314/tjpr.v17i11.,Senegalia ataxacantha_MQYXUWHLBZFQQO
8301,acacia ataxacantha dc,betulinic acid,Senegalia ataxacantha,Senegalia ataxacantha (DC.) Kyal. & Boatwr.,QGJZLNKBHJESQX,10.4314/tjpr.v17i11.,Senegalia ataxacantha_QGJZLNKBHJESQX
8302,luffa cylindrica,1-o-feruloyl-β-glucose,Cucumis melo,Cucumis melo L.,JWRQVQWBNRGGPK,10.5772/intechopen.98405,Cucumis melo_JWRQVQWBNRGGPK
8303,luffa cylindrica,eriodictyol-7-glucoside,Cucumis melo,Cucumis melo L.,RAFHNDRXYHOLSH,10.5772/intechopen.98405,Cucumis melo_RAFHNDRXYHOLSH
8304,luffa cylindrica,diosmin,Cucumis melo,Cucumis melo L.,GZSOSUNBTXMUFQ,10.5772/intechopen.98405,Cucumis melo_GZSOSUNBTXMUFQ
8305,luffa cylindrica,p-coumaric acid,Cucumis melo,Cucumis melo L.,NGSWKAQJJWESNS,10.5772/intechopen.98405,Cucumis melo_NGSWKAQJJWESNS
8306,luffa cylindrica,"kaempferol-3,7-o-bis-α-l-rhamnoside",Cucumis melo,Cucumis melo L.,PUPKKEQDLNREIM,10.5772/intechopen.98405,Cucumis melo_PUPKKEQDLNREIM
8307,luffa cylindrica,lucyoside r,Cucumis melo,Cucumis melo L.,XARTTWLFBGJXMU,10.5772/intechopen.98405,Cucumis melo_XARTTWLFBGJXMU
8308,luffa cylindrica,hyperoside,Cucumis melo,Cucumis melo L.,OVSQVDMCBVZWGM,10.5772/intechopen.98405,Cucumis melo_OVSQVDMCBVZWGM
8309,luffa cylindrica,chlorophyll b,Cucumis melo,Cucumis melo L.,NSMUHPMZFPKNMZ,10.5772/intechopen.98405,Cucumis melo_NSMUHPMZFPKNMZ
8310,luffa cylindrica,pheophytin,Cucumis melo,Cucumis melo L.,BPYKTIZUTYGOLE,10.5772/intechopen.98405,Cucumis melo_BPYKTIZUTYGOLE
8311,luffa cylindrica,quercetrin,Cucumis melo,Cucumis melo L.,OXGUCUVFOIWWQJ,10.5772/intechopen.98405,Cucumis melo_OXGUCUVFOIWWQJ
8312,luffa cylindrica,cinnamic acid,Cucumis melo,Cucumis melo L.,WBYWAXJHAXSJNI,10.5772/intechopen.98405,Cucumis melo_WBYWAXJHAXSJNI
8315,luffa cylindrica,apigenin-7-glucuronide,Cucumis melo,Cucumis melo L.,JBFOLLJCGUCDQP,10.5772/intechopen.98405,Cucumis melo_JBFOLLJCGUCDQP
8316,luffa cylindrica,chlorogenic acid,Cucumis melo,Cucumis melo L.,CWVRJTMFETXNAD,10.5772/intechopen.98405,Cucumis melo_CWVRJTMFETXNAD
8317,luffa cylindrica,lucyoside i,Cucumis melo,Cucumis melo L.,ZOUJKJNUAOXJGL,10.5772/intechopen.98405,Cucumis melo_ZOUJKJNUAOXJGL
8318,luffa cylindrica,phthalic acid,Cucumis melo,Cucumis melo L.,XNGIFLGASWRNHJ,10.5772/intechopen.98405,Cucumis melo_XNGIFLGASWRNHJ
8319,luffa cylindrica,caffeic acid,Cucumis melo,Cucumis melo L.,QAIPRVGONGVQAS,10.5772/intechopen.98405,Cucumis melo_QAIPRVGONGVQAS
8320,luffa cylindrica,"1,2-naphthoquinone",Cucumis melo,Cucumis melo L.,KETQAJRQOHHATG,10.5772/intechopen.98405,Cucumis melo_KETQAJRQOHHATG
8321,luffa cylindrica,linarin,Cucumis melo,Cucumis melo L.,YFVGIJBUXMQFOF,10.5772/intechopen.98405,Cucumis melo_YFVGIJBUXMQFOF
8322,luffa cylindrica,henicosan-11-one,Cucumis melo,Cucumis melo L.,DOACSXJVHDTDSG,10.5772/intechopen.98405,Cucumis melo_DOACSXJVHDTDSG
8323,luffa cylindrica,"4-(hydroxymethyl)benzene-1,2-diol",Cucumis melo,Cucumis melo L.,PCYGLFXKCBFGPC,10.5772/intechopen.98405,Cucumis melo_PCYGLFXKCBFGPC
8324,luffa cylindrica,lucyoside n,Cucumis melo,Cucumis melo L.,JAJHTUPNVRLALX,10.5772/intechopen.98405,Cucumis melo_JAJHTUPNVRLALX
8326,luffa cylindrica,chlorophyll a,Cucumis melo,Cucumis melo L.,ATNHDLDRLWWWCB,10.5772/intechopen.98405,Cucumis melo_ATNHDLDRLWWWCB
8327,luffa cylindrica,gallic acid,Cucumis melo,Cucumis melo L.,LNTHITQWFMADLM,10.5772/intechopen.98405,Cucumis melo_LNTHITQWFMADLM
8331,luffa cylindrica,lucyoside k,Cucumis melo,Cucumis melo L.,CJJIRCAOHRWQEM,10.5772/intechopen.98405,Cucumis melo_CJJIRCAOHRWQEM
8332,luffa cylindrica,fortunellin,Cucumis melo,Cucumis melo L.,MLWDGPFGTFOLRJ,10.5772/intechopen.98405,Cucumis melo_MLWDGPFGTFOLRJ
8333,luffa cylindrica,neodiosmin,Cucumis melo,Cucumis melo L.,VCCNKWWXYVWTLT,10.5772/intechopen.98405,Cucumis melo_VCCNKWWXYVWTLT
8334,luffa cylindrica,salicylic acid,Cucumis melo,Cucumis melo L.,YGSDEFSMJLZEOE,10.5772/intechopen.98405,Cucumis melo_YGSDEFSMJLZEOE
8335,luffa cylindrica,"3,5-dihydroxy-δ-valerolactone",Cucumis melo,Cucumis melo L.,HLXGFOTXWGZQDC,10.5772/intechopen.98405,Cucumis melo_HLXGFOTXWGZQDC
8336,luffa cylindrica,gentisic acid,Cucumis melo,Cucumis melo L.,WXTMDXOMEHJXQO,10.5772/intechopen.98405,Cucumis melo_WXTMDXOMEHJXQO
8337,luffa cylindrica,gypsogenin,Cucumis melo,Cucumis melo L.,QMHCWDVPABYZMC,10.5772/intechopen.98405,Cucumis melo_QMHCWDVPABYZMC
8339,luffa cylindrica,dehydrovomifoliol,Cucumis melo,Cucumis melo L.,JJRYPZMXNLLZFH,10.5772/intechopen.98405,Cucumis melo_JJRYPZMXNLLZFH
8342,luffa cylindrica,vitexin-2''-o-rhamnoside,Cucumis melo,Cucumis melo L.,LYGPBZVKGHHTIE,10.5772/intechopen.98405,Cucumis melo_LYGPBZVKGHHTIE
8343,luffa cylindrica,vitexin,Cucumis melo,Cucumis melo L.,SGEWCQFRYRRZDC,10.5772/intechopen.98405,Cucumis melo_SGEWCQFRYRRZDC
8344,luffa cylindrica,tiliroside,Cucumis melo,Cucumis melo L.,DVGGLGXQSFURLP,10.5772/intechopen.98405,Cucumis melo_DVGGLGXQSFURLP
8346,luffa cylindrica,tridecan-7-one,Cucumis melo,Cucumis melo L.,ULIAPOFMBCCSPE,10.5772/intechopen.98405,Cucumis melo_ULIAPOFMBCCSPE
8347,luffa cylindrica,lucyoside o,Cucumis melo,Cucumis melo L.,MCHSLZNQYJXEPC,10.5772/intechopen.98405,Cucumis melo_MCHSLZNQYJXEPC
8348,luffa cylindrica,ginsenoside rg1,Cucumis melo,Cucumis melo L.,YURJSTAIMNSZAE,10.5772/intechopen.98405,Cucumis melo_YURJSTAIMNSZAE
8349,luffa cylindrica,4-hydroxy benzoic acid,Cucumis melo,Cucumis melo L.,FJKROLUGYXJWQN,10.5772/intechopen.98405,Cucumis melo_FJKROLUGYXJWQN
8350,luffa cylindrica,ginsenoside re,Cucumis melo,Cucumis melo L.,PWAOOJDMFUQOKB,10.5772/intechopen.98405,Cucumis melo_PWAOOJDMFUQOKB
8351,luffa cylindrica,catechin,Cucumis melo,Cucumis melo L.,PFTAWBLQPZVEMU,10.5772/intechopen.98405,Cucumis melo_PFTAWBLQPZVEMU
8353,luffa cylindrica,luffin p1,Cucumis melo,Cucumis melo L.,PCFNGEDXTWRBNK,10.5772/intechopen.98405,Cucumis melo_PCFNGEDXTWRBNK
8355,luffa cylindrica,vanillic acid,Cucumis melo,Cucumis melo L.,WKOLLVMJNQIZCI,10.5772/intechopen.98405,Cucumis melo_WKOLLVMJNQIZCI
8356,luffa cylindrica,naringenin,Cucumis melo,Cucumis melo L.,FTVWIRXFELQLPI,10.5772/intechopen.98405,Cucumis melo_FTVWIRXFELQLPI
8357,luffa cylindrica,ellagic acid,Cucumis melo,Cucumis melo L.,AFSDNFLWKVMVRB,10.5772/intechopen.98405,Cucumis melo_AFSDNFLWKVMVRB
8359,luffa cylindrica,datiscin,Cucumis melo,Cucumis melo L.,BJJCTXDEJUWVIC,10.5772/intechopen.98405,Cucumis melo_BJJCTXDEJUWVIC
8360,luffa cylindrica,lucyoside b,Cucumis melo,Cucumis melo L.,ZUILGDNVKPMVIA,10.5772/intechopen.98405,Cucumis melo_ZUILGDNVKPMVIA
8361,luffa cylindrica,saponarin,Cucumis melo,Cucumis melo L.,HGUVPEBGCAVWID,10.5772/intechopen.98405,Cucumis melo_HGUVPEBGCAVWID
8362,luffa cylindrica,kaempferide,Cucumis melo,Cucumis melo L.,SQFSKOYWJBQGKQ,10.5772/intechopen.98405,Cucumis melo_SQFSKOYWJBQGKQ
8363,luffa cylindrica,phenanthrene,Cucumis melo,Cucumis melo L.,YNPNZTXNASCQKK,10.5772/intechopen.98405,Cucumis melo_YNPNZTXNASCQKK
8364,luffa cylindrica,acacetin,Cucumis melo,Cucumis melo L.,DANYIYRPLHHOCZ,10.5772/intechopen.98405,Cucumis melo_DANYIYRPLHHOCZ
8365,luffa cylindrica,1-o-feruloyl-β-d-glucose,Cucumis melo,Cucumis melo L.,JWRQVQWBNRGGPK,10.5772/intechopen.98405,Cucumis melo_JWRQVQWBNRGGPK
